,Families,Incidence
0,CBM48+GH13,45737
1,CBM50+GH23,14178
2,CBM91+GH43,9730
3,CBM34+GH13,8244
4,CBM5+GH18,5750
5,CE4+GH153,4586
6,GT2+GT4,4244
7,CBM41+CBM48+GH13,4194
8,CBM50+GH73,2589
9,CBM50+GH18,2559
10,GH94+GT84,2266
11,CBM50+GH0,1914
12,AA10+CBM73,1794
13,AA10+CBM5,1655
14,CBM2+GH18,1651
15,CBM2+GH5,1472
16,GH17+GT2,1412
17,CBM50+GH25,1307
18,GT0+GT2,1305
19,CBM12+GH18,1299
20,CBM43+GH17,1267
21,CBM6+GH43,1255
22,CBM18+GH19,1170
23,CBM13+GT27,1148
24,CBM20+GH13,1129
25,CBM35+GH5,1049
26,CBM73+GH19,1032
27,CBM48+CBM68+GH13,999
28,CBM5+GH19,950
29,CBM16+GH18,872
30,CBM3+GH5,855
31,GT111+GT8,824
32,CBM67+GH78,815
33,GH0+GH13,776
34,CBM5+CBM73+GH18,775
35,CBM13+GH43,773
36,CE4+GH18+GT2,716
37,CBM32+GH85,713
38,CBM2+GH6,702
39,CBM32+GH87,675
40,CBM14+GH18,670
41,CE4+GT2,654
42,CBM43+GH72,644
43,CBM20+GH77,637
44,CBM32+GH31,637
45,CBM26+GH13,630
46,CBM32+GH2,622
47,CBM61+GH53,574
48,CBM40+GH33,567
49,CBM13+GH30,557
50,CBM32+GH84,541
51,CBM13+GH16,504
52,CBM66+GH32,501
53,CBM51+GH27,484
54,CBM70+PL8,482
55,CBM35+GH27,478
56,GH43,478
57,AA10+CBM2,471
58,CBM6+GH16,468
59,CBM42+GH43,462
60,CBM2+GH10,457
61,CBM22+GH10,446
62,CBM18+GH16,444
63,GT2+GT25,437
64,CBM32+GH35,435
65,CE4+GT4,425
66,CBM3+GH9,422
67,CBM6+GH3,413
68,GH13+GH133,409
69,CBM38+GH32,389
70,CBM32+GH101,384
71,CBM32+GH43,368
72,CBM20+GH15,359
73,CBM2+GH48,358
74,CBM4+GH9,354
75,CBM6+GH5,351
76,CBM32+GH20,342
77,AA10+CBM12,341
78,CBM13+GH27,333
79,GT47+GT64,325
80,CBM13+GH62,325
81,CBM32+GH55,317
82,CBM35+GH98,310
83,CBM73+GH18,310
84,CBM13+GH10,298
85,CE8+PL1,298
86,CBM32+GH29,294
87,CBM0+CBM22,287
88,CBM12+CE4,277
89,CBM94+GT54,271
90,GT31+GT7,270
91,CBM63+GH5,267
92,CBM93+GH33,265
93,CBM32+GH16,260
94,CBM1+GH7,252
95,CBM18+GH18,249
96,CBM12+GH19,246
97,AA9+CBM1,244
98,CBM2+GH74,242
99,CBM0+GH92,239
100,AA5+CBM13,238
101,CBM35+GH39,237
102,CBM25+GH13,234
103,CBM35+GH31,230
104,CBM35+GH43,229
105,CBM71+GH2,228
106,CBM13+CBM6,228
107,CBM2+GH11,224
108,CBM39+GH16,223
109,GT0+GT4,223
110,CBM42+GH54,221
111,CBM57+GH2,221
112,CBM2+GH12,220
113,CBM2+CE1,216
114,CBM46+GH5,210
115,GT2+GT8,210
116,CBM1+GH5,208
117,GH13+GH77,205
118,CBM13+GH18,198
119,CBM32+GH158,197
120,CBM35+GH26,195
121,CBM5+CBM73,191
122,CE12+CE8,187
123,CBM49+GH9,184
124,CBM22+CBM9+GH10,183
125,CBM32+GH65,176
126,CBM13+CE0,176
127,CBM19+GH18,174
128,CBM42+GH2,174
129,CBM13+GH54,169
130,GT49+GT8,165
131,CBM32+CBM51,165
132,CBM3+GH0,165
133,CBM1+GH10,161
134,CBM5+CBM73+GH19,157
135,CBM53+GT5,155
136,CBM13+GH55,155
137,GH1+GT4,154
138,CBM20+GH14,153
139,CBM4+GH16,151
140,GH13+GT5,150
141,AA5+CBM32,146
142,CBM18+CBM50+GH18,145
143,CBM18+CE4,145
144,CBM32+PL7,145
145,CBM50+GH19,145
146,CBM1+GH6,143
147,CBM12+CBM5+GH18,141
148,CBM3+GH6,141
149,CBM11+GH3,140
150,CBM2+CE3,137
151,GH26+GT2,137
152,CBM2+CE4,136
153,CBM35+CBM61+GH31,136
154,CBM13+GH5,133
155,CBM13+GH93,130
156,CBM32+CBM51+GH31,129
157,CBM2+CBM4+GH9,127
158,GT101+GT8,127
159,CBM2+CBM3+GH9,125
160,CBM13+GH59,124
161,CBM51+GH110,122
162,CBM1+GH45,121
163,GH33+GH78,120
164,CBM41+GH13,118
165,GH142+GH143,115
166,CBM5+GH5,113
167,CBM13+PL1,113
168,GH13,113
169,CBM2+GH9,112
170,CBM32+PL8,110
171,GT2+GT45,109
172,CBM22+CBM91+GH43,108
173,CBM13+GH146,108
174,CBM2+GH51,107
175,CBM10+GH5,106
176,CBM4+GH10,106
177,CBM13+GH29,106
178,CBM51+GH31,105
179,CBM0+CBM57+GH137+GH2,104
180,CBM13+GH53,104
181,CBM13+GH39,104
182,CBM13+CE3,103
183,CBM22+CBM6+GH43,102
184,GT4+GT97,102
185,CBM0+CBM40+GH33,101
186,CBM48+CE0,99
187,CBM32+GH123,98
188,CBM45+GH13,97
189,CBM3+GH48,97
190,CBM51+GH98,97
191,CBM2+CE0,95
192,CBM51+GH101,94
193,AA3+AA8,93
194,CBM32+GH89,93
195,CBM13+GH141,93
196,CBM35+PL9,92
197,CBM13+GH10+GH62,90
198,CBM24+GH71,90
199,GT3+GT35,90
200,CBM3+GH74,89
201,CBM2+PL11,89
202,CBM32+GH92,88
203,CBM51+GH95,87
204,GH16+GH43,86
205,CBM58+GH13,85
206,CBM77+PL1,85
207,CBM48+GH13+GH77,84
208,GH18+GH20,82
209,GH57+GT4,82
210,CBM66+PL1,81
211,CE0+GH9,80
212,CBM1+GH18,78
213,CBM47+GT2,78
214,CBM13+CBM91+GH43,77
215,CBM16+GH16,76
216,CBM47+GH98,76
217,CBM13+GH19,76
218,CBM50+CE4,76
219,CBM0+CBM32+GH92,75
220,CBM13+GH64,74
221,CBM32+CBM40+GH33,74
222,CBM20+CBM34+GH13,72
223,CBM48+CE0+CE6,71
224,CBM38+CBM66+GH32,70
225,GT0+GT32,70
226,CBM6+CBM92+GH3,69
227,GT2+GT26,68
228,CBM6+CBM91+GH43,67
229,CBM50+GH24,66
230,CBM0+CBM57+GH2,65
231,CBM13+GH74,65
232,CBM66+GH43,65
233,CBM32+GH3,64
234,CBM2+GH62,64
235,CBM1+GH11,63
236,GT102+GT103+GT99,62
237,CBM25+CBM41+CBM48+GH13,62
238,CBM51+GH2,61
239,CBM60+GH11,60
240,CBM12+CBM5+GH19,60
241,CBM56+GH16,60
242,CBM56+GH81,59
243,CBM56+GH64,59
244,CBM32+GH64,59
245,CBM32+CBM35+GH87,59
246,CBM61+GH43,59
247,CBM13+GH95,59
248,CBM2+CBM46+GH5,58
249,CBM13+PL3,57
250,GT2+GT4+GT99,56
251,CBM69+GH13,56
252,CBM36+CBM6+GH43,56
253,CBM36+GH11,55
254,CBM21+GH15,55
255,CBM85+GH10,55
256,CE12+PL11,55
257,CBM17+CBM28+GH5,54
258,CBM23+GH26,54
259,CBM6+GH64,54
260,CBM6+GH86,53
261,CBM32+CBM5,53
262,GT102+GT103,52
263,CBM36+CE4,52
264,CBM2+GH30,52
265,CBM59+GH5,51
266,CBM35+PL1,51
267,CBM92+GH16,51
268,CBM16+GH136,51
269,CBM32+CBM6,50
270,CBM13+CBM32+GH29,50
271,CBM51+GH35,50
272,CBM6+GH81,50
273,GT1+GT2,49
274,CBM1+CE1,49
275,CBM13+GH0,49
276,CBM25+GH13+GH14,48
277,GT2+GT41,48
278,CBM40+GH16+GH33,48
279,CBM2+CE15,48
280,CBM6+CBM91,48
281,AA3+AA8+CBM1,47
282,CBM92+GH5,47
283,CBM4+GH6,47
284,CBM32+GH5,47
285,CBM34+GH13+GH77,47
286,CBM27+GH5,46
287,CBM10+CBM2+GH5,46
288,CBM3+CBM35+GH26+GH44,46
289,GH16+GT25,46
290,AA15+CBM14,45
291,CBM61+GH16,45
292,CBM35+GH2,45
293,CBM32+GH36,45
294,CE8+PL10,45
295,CBM35+GH87,45
296,CBM13+GH25,44
297,GH120+GH51,44
298,GH16+GH20,43
299,CBM32+PL6,43
300,CE0+GT2,43
301,GT101+GT2,42
302,CBM20+CBM25+GH13,42
303,CBM32+GH95,42
304,CBM6+GH92,42
305,CBM32+GH0,42
306,CBM38+GH116,42
307,GH105+PL33,41
308,CE0+PL10,41
309,CBM87+CE18,41
310,CBM32+GH30,41
311,CBM66+GH5,41
312,CBM34+CBM48+GH13,40
313,GT2+GT32,40
314,GT111+GT2+GT8,40
315,CBM23+GH5,40
316,CBM51+GH97,40
317,CE20+GH105,40
318,CBM0+GH78,40
319,CBM25+CBM26+GH13,39
320,CBM56+GH55,39
321,CBM23+CBM27+GH26,39
322,CBM20+GH31,38
323,CBM8+GH18,38
324,CBM32+GH136,37
325,CBM35+GH97,37
326,CBM2+GH3,37
327,CBM32+GH38,36
328,GT10+GT25,36
329,GT2+GT4+GT41,36
330,GH43+GH51,36
331,GT32+GT62,36
332,CBM41+CBM48,36
333,CBM13+CBM35+GH27,36
334,CBM1+GH74,35
335,GH42+GH43,35
336,CBM13+GH26,34
337,CBM13+CBM6+GH43,34
338,AA15+CBM1,33
339,GH105+GH154,33
340,CBM32+CBM35+GH29,33
341,CBM6+GH99,33
342,CBM32+GH20+GH84,33
343,CBM13+CBM66+GH32,32
344,GT26+GT4,32
345,CBM6+GH2,32
346,CBM3+CBM35+GH26,32
347,CBM32+GH81,32
348,CBM13+GH17,32
349,CBM6+GH10,31
350,CBM6+GH30,31
351,CBM48+CE0+GH10,31
352,CBM6+CBM66+GH43,31
353,CBM2+CBM22+GH10,31
354,CBM2+PL31,31
355,CBM32+GH2+GH64,31
356,CBM35+CBM6,31
357,CBM35+GH36,30
358,CBM2+CE2,30
359,CBM13+GH76,30
360,CBM32+GH158+GH16,30
361,CBM13+CE1,30
362,CBM32+GH8,30
363,CBM2+GH44,30
364,GT4+GT9,30
365,GT0+GT25,30
366,GT1+GT32,30
367,GH106+GH43,29
368,CBM5+GH46,29
369,CBM6+GH18,29
370,CBM8+CE0,29
371,CBM35+GH66,29
372,CE12+GH28,29
373,CBM5+GH20,29
374,CBM91+GH28+GH43,29
375,CBM22+CBM9+CE4+GH10,29
376,CBM35+GH76,29
377,CBM13+GH2,29
378,CBM12+GH23,28
379,CBM47+GH29,28
380,CBM20+CBM25+GH119,28
381,CE4+GH171,28
382,AA13+CBM20,28
383,CBM92+GH30,27
384,CBM0+GT39,27
385,CE8+GH28,27
386,CBM13+PL9,27
387,GH35+GH43,27
388,GH10+GH62,27
389,CBM13+CBM32+GH5,27
390,CBM92+GH18,27
391,CBM1+GH62,27
392,CBM32+CBM38+GH81,27
393,CBM72+GH5,26
394,CBM1+PL1,26
395,CBM2+GH8,26
396,GH106+GH28,26
397,CBM4+GH148,25
398,CBM13+GH92,25
399,GT2+GT9,25
400,CBM5+GH0,25
401,GH173+GH36,25
402,AA17+CBM1,25
403,CBM16+CBM32+PL7,25
404,GT11+GT31,25
405,CBM41+CBM48+CBM69+GH13,24
406,CBM66+PL9,24
407,CBM4+CBM54+CBM6+GH16,24
408,CBM32+GH16+GH20,24
409,CBM32+GH46,24
410,CBM35+GH30,23
411,CBM2+CBM63,23
412,CBM35+PL11,23
413,CBM9+GH10,23
414,CBM13+CE8,23
415,CBM1+GH131,23
416,CBM0+CBM32+GH2,23
417,CBM37+GH48,22
418,AA5+CE3,22
419,CBM6+GH128,22
420,CBM2+PL1,22
421,AA10+CBM5+CBM73,22
422,CBM2+CBM91+GH43,22
423,CBM91+GH10+GH43,22
424,CBM11+GH16,22
425,AA5+CBM18,22
426,CBM59+GH26,21
427,CBM65+GH5,21
428,CBM6+GH0,21
429,CBM4+GH5,21
430,CBM66+PL3,21
431,CBM91+GH43+GH5,21
432,AA9+CBM18,21
433,CBM13+CBM35+GH93,21
434,CBM6+GH11,20
435,CBM22+CBM3+GH10,20
436,CBM10+GH26,20
437,CBM0+GH20,20
438,CBM4+CBM54+GH16,20
439,GH105+GH28,20
440,PL1+PL9,20
441,CBM6+CBM92,20
442,CBM2+GH54,20
443,CBM13+GH23,20
444,CBM1+CE5,20
445,CBM1+CE16,20
446,CBM13+GH142,20
447,GT11+GT2,20
448,GT2+GT83,20
449,CBM67+GH2,20
450,CBM16+PL18,19
451,GT0+GT2+GT4,19
452,CBM35+CE12,19
453,CBM13+GH12,19
454,CE6+GH95,19
455,CBM2+CBM6+GH43,19
456,CBM2+GH95,19
457,CBM3+GH48+GH9,18
458,CBM0+GT54,18
459,CBM43+GH5,18
460,CBM32+GH33,18
461,GH28+GH43,18
462,GT4+GT41,18
463,GH77+GT4,18
464,GH77+GT35,18
465,CBM6+GH76,18
466,CBM35+GH28,18
467,CBM72+GH16,18
468,GH88+PL38,18
469,CBM35+GH105,18
470,CBM6+GH28,17
471,CBM6+CE0,17
472,CBM13+GH46,17
473,CBM13+CE2,17
474,CBM13+GH11,17
475,CBM13+GH97,17
476,CBM13+CBM32,17
477,CE8+PL9,17
478,CBM2+PL9,17
479,CBM32+GH53,17
480,CBM16+PL7,17
481,CBM32+GH35+GH43,17
482,CBM2+CBM63+GH5,16
483,CBM1+CE15,16
484,CBM10+CBM60+CE4+GH11,16
485,CBM6+GH141,16
486,CBM13+CBM6+GH64,16
487,CBM13+GH3,16
488,CBM32+CBM6+GH87,16
489,GH2+GH53,16
490,CBM1+CE0,16
491,CE20+GH2,16
492,GH26+GH5,15
493,CBM1+GH3,15
494,CBM13+CBM35+GH43,15
495,CBM2+GH18+GH5,15
496,CBM28+GH5,15
497,CBM9+GH50,15
498,CBM90+PL28,15
499,CBM66+GH136,15
500,GH0+GH128,15
501,CBM13+CBM5+GH18,15
502,CBM47+GT17,15
503,CBM0+CBM32,15
504,CBM32+GH18+GH27+GH28+GH29,15
505,CBM26+GH31,14
506,CBM56+CBM6+GH81,14
507,CBM10+CBM2+GH9,14
508,GH130+GT81,14
509,CBM20+CBM41+CBM48+GH13,14
510,CBM12+GH16,14
511,CBM57+GH16,14
512,CBM9+GH39,14
513,GT2+GT32+GT62,14
514,CBM13+CBM92,14
515,CBM32+GH128,14
516,CBM13+CBM35,14
517,CBM35+GH93,14
518,CBM14+GH0,14
519,CBM0+GH84,14
520,CBM50+GH55,14
521,CBM30+GH9,13
522,CBM6+CE4+GH11,13
523,CBM2+CBM35+PL10,13
524,CBM2+CE4+GH11,13
525,CBM1+PL3,13
526,CBM10+CBM2+GH6,13
527,GH0+GT2,13
528,CBM0+GH10,13
529,GT45+GT93,13
530,CBM32+GH141,13
531,CBM8+GH44,13
532,CBM32+GH2+GH20,13
533,CBM35+CBM61+GH27+GH31,13
534,GT17+GT4,13
535,CBM0+GH43,13
536,CBM0+CBM57,13
537,CBM0+GH29,13
538,GH5+PL31,12
539,CBM32+CBM4+GH16,12
540,CBM16+CBM32+PL18,12
541,CBM66+GH101,12
542,CBM9+CE0,12
543,CBM13+CBM35+GH31,12
544,CBM13+PL7,12
545,CE15+GH8,12
546,GH30+GH43,12
547,CBM3+GH10,12
548,CBM13+GH128,12
549,CBM23+CBM27+CBM54+CBM59+GH26,12
550,CBM18+CBM50,12
551,GH43+GH92,12
552,CBM13+CBM32+PL7,12
553,CBM13+PL11,12
554,CBM35+GH16,12
555,CBM6+CE20+GH43,12
556,AA15+CBM24,12
557,CBM22+CBM6+CBM91+GH43,11
558,CBM32+GH123+GH33,11
559,CBM61+GH66,11
560,GH6+GT2,11
561,CBM32+CBM6+GH128+GH16,11
562,CBM3+CBM4+GH9,11
563,AA10+CBM10,11
564,CBM2+GH10+GH62,11
565,CBM64+GH5,11
566,CBM3+CBM64+GH9,11
567,CE12+GH105,11
568,GH2+GH43,11
569,CBM11+CBM32+GH3,11
570,CBM13+GH35,11
571,CBM6+GH20,11
572,CBM25+CBM74+GH13,11
573,CBM47+GH141,11
574,AA7+CBM18,11
575,CBM12+CBM5,11
576,CBM32+CBM67+GH78,11
577,GT2+GT94,11
578,CBM0+GH39,11
579,CBM6+GH96,10
580,CBM6+CE6,10
581,CBM10+CBM2+GH45,10
582,CBM13+CBM6+GH16,10
583,CBM4+CBM6+GH16,10
584,CBM15+GH10,10
585,CBM32+CBM6+GH92,10
586,CBM9+GH87,10
587,CBM13+GH75,10
588,CBM47+CBM6+PL7,10
589,GT107+GT2,10
590,CBM4+GH0,10
591,CBM2+GH27,10
592,CBM32+GH26,10
593,CBM68+GH13,10
594,CBM32+CBM56,10
595,CBM13+CBM42,10
596,CBM51+GH36,10
597,CBM0+GH13,10
598,CBM32+GH105,10
599,GH154+GH88,10
600,CBM92+GH81,10
601,CBM0+CBM4+GH10,10
602,CBM89+GH10,10
603,CE2+GH5,9
604,CBM47+GT0,9
605,CBM56+CBM6+GH16,9
606,CBM13+CBM6+GH5,9
607,CBM48+CBM6+CE0+GH43,9
608,CBM6+CE3,9
609,CBM66+GH93,9
610,CBM32+PL31,9
611,CBM32+CBM70+PL35,9
612,GH130,9
613,CBM57+CBM6,9
614,CBM2+CE3+GH5,9
615,CBM54+GH43,9
616,GH0+GH144,9
617,CBM2+CBM22+CBM9+GH10,9
618,CE4+GT51,9
619,CBM20+GT20,9
620,CBM10+GH134,9
621,CBM25+CBM26+CBM74+GH13,9
622,CE14+GT2,9
623,GT31+GT32,9
624,AA12+AA8,9
625,CE20+CE6,9
626,CBM32+CBM66+GH169,9
627,CBM27+CBM35+GH26,8
628,CBM16+GH5,8
629,GT2+GT74,8
630,CBM22+CE0+GH10,8
631,GH20+GH35,8
632,CBM32+CBM35,8
633,CBM5+GH23,8
634,CBM13+GH51,8
635,CBM32+PL35,8
636,CBM22+CBM6+GH10,8
637,CBM13+CBM32+GH20,8
638,CBM35+GH18,8
639,GH0+GH23,8
640,CBM6+GH120,8
641,CBM2+CE8,8
642,CBM32+CBM57,8
643,GT107+GT8,8
644,CBM16+PL0,8
645,GH25+GH73,8
646,CBM84+PL3,8
647,CBM2+GH64,8
648,CBM88+GH74,8
649,CE0+GT4,8
650,CBM6+GH3+GH30,8
651,CBM31+GH26,8
652,GH43+GH97,8
653,CBM13+GH30+GH43,8
654,CBM32+CBM42+GH43,8
655,CBM13+CBM47,8
656,GH29+GH88,8
657,CBM51+GH136,8
658,CBM92+GH25,8
659,CBM2+CBM32+GH26,8
660,CBM16+GT39,8
661,CE4+GH0,8
662,CBM57+GH137+GH2,8
663,GT4+GT8,8
664,CE20+GH11,8
665,CBM32+CBM5+PL8,8
666,CE12+CE6,8
667,CBM11+GH26+GH5,7
668,CBM6+CE0+GH10,7
669,CBM8+GH9,7
670,CBM21+GH13,7
671,CBM20+CBM34+CBM48+GH13,7
672,CBM10+CBM35+CBM5+GH5,7
673,CBM37+CBM4+GH9,7
674,CBM10+CBM2+GH10,7
675,CBM51+CBM57,7
676,CBM6+GH27,7
677,CBM0+GH16,7
678,CBM66+PL0,7
679,CBM35+CBM61+GH43,7
680,CBM2+GH43,7
681,CBM35+GH146,7
682,CBM32+PL0,7
683,GT23+GT41,7
684,CBM22+CBM4+GH10,7
685,CBM0+GH93,7
686,CBM13+GH20,7
687,CBM26+CBM35+GH13,7
688,CBM32+GH16+PL6+PL7,7
689,GH88+GH92,7
690,GH16+GH3,7
691,CBM84+PL8,7
692,CE12+GH42,7
693,CBM20+CBM26+CBM74+GH13,7
694,CBM16+CBM92+GH16,7
695,CBM1+GH12,7
696,GT11+GT6,7
697,CBM13+CBM35+GH142,7
698,CBM13+CBM32+GH31,7
699,GT101+GT2+GT8,7
700,CBM6+GH43+GH8,7
701,CBM44+GH5,7
702,CBM13+CBM47+GH141,7
703,GH125+GH92,7
704,AA15+CBM14+GH18,7
705,GH158+GH16,7
706,CBM23+CBM27+CBM54+GH26,7
707,CBM8+GH5,7
708,CBM9+GH16,7
709,AA1+CBM20,7
710,GH146+GH43,7
711,CBM0+CBM32+GH84,7
712,CBM3+GH10+GH5,6
713,CBM3+GH44+GH5,6
714,CBM17+GH5,6
715,CBM55+GH18,6
716,CBM11+CBM30+GH51,6
717,GH8+GT2,6
718,CBM35+PL10,6
719,CBM85+GH5,6
720,CBM30+CBM44+GH44+GH9,6
721,CBM13+CBM6+CBM62+GH5,6
722,CBM32+GH173,6
723,CBM8+GH51,6
724,CBM92+GH55,6
725,CBM32+GH18,6
726,CBM10+CBM2+GH74,6
727,CBM2+CBM35+CE0,6
728,CBM2+CBM35+GH62,6
729,CBM6+GH19,6
730,CBM32+GH28,6
731,CBM44+GH44,6
732,CBM32+CBM6+GH3,6
733,CBM92+GH54,6
734,CBM6+GH55,6
735,CBM13+CBM42+GH93,6
736,CBM2+GH2,6
737,CBM2+CE1+GH10,6
738,CBM2+CBM6,6
739,CBM32+CBM6+GH81,6
740,CBM57+GH55,6
741,CBM6+PL1,6
742,CE0+CE15,6
743,CBM32+CE3,6
744,CE4+GH0+GT2,6
745,GH158+GH26+GT2,6
746,CBM1+CBM91+GH43,6
747,CBM0+GH2,6
748,CBM13+GH49,6
749,AA10+CBM12+GH18,6
750,GH18+GH27,6
751,CBM2+CBM60+CE0,6
752,GT111+GT2,6
753,CBM23+CBM61+GH5,6
754,CBM13+GH89,6
755,CBM36+CBM6+GH8,6
756,CBM13+CBM35+GH39,6
757,CBM6+GH116,6
758,AA5+CBM42,6
759,CBM35+CE8+PL10,6
760,GH0+GH39,6
761,CBM1+CE3,6
762,CBM66+GH51,6
763,CBM22+CBM86+CBM9+GH10,6
764,CBM1+PL4,6
765,CBM2+CE12,6
766,CBM32+GH78,6
767,CBM32+CE12,6
768,CBM3+GH44,5
769,CBM22+CE4+GH11,5
770,CBM76+GH44,5
771,PL1,5
772,CBM0+GH33,5
773,CBM9+CE15,5
774,CBM3+CBM4,5
775,CBM42+GH30+GH43,5
776,CBM57+GH26,5
777,CBM32+CBM92+GH5,5
778,CBM10+CBM60+CE15,5
779,CBM2+CBM35+GH10,5
780,CBM3+PL11,5
781,CBM3+GH48+GH74,5
782,CBM32+GH99,5
783,CBM13+CBM2+GH10,5
784,GH0+GH33,5
785,CBM13+GH32,5
786,CBM2+GH26,5
787,CBM91+CE6+GH43,5
788,CBM61+GH99,5
789,CBM61+GH30,5
790,GT101+GT113,5
791,GH19+GH23,5
792,CBM23+CBM59+GH26,5
793,CBM35+CBM9+PL0,5
794,CBM78+GH5,5
795,CBM3+PL1,5
796,CBM32+CBM6+GH16,5
797,CBM57+GH92,5
798,CBM25+CBM26+CBM35+GH13,5
799,CBM67+GH35,5
800,CBM32+GH9,5
801,CBM47+CBM6,5
802,CBM22+CBM51+GH101,5
803,CBM13+GH86,5
804,CBM84+GH39,5
805,CBM13+GH87,5
806,CBM32+CBM47+GH53,5
807,CBM5+GH18+GH19,5
808,CBM32+GH59,5
809,CBM6+GH26,5
810,CBM35+GH65,5
811,CBM6+CBM88,5
812,CBM57+GH11,5
813,CBM16+PL31,5
814,CBM26+GH119,5
815,GT2+GT52,5
816,CBM35+CBM61+GH27,5
817,CBM3+GH16,5
818,CBM16+GH51,5
819,CBM5+GH33,5
820,CBM16+GH0,5
821,GH0+GT4,5
822,GH3+GH30,5
823,GH29+GH43,5
824,CBM82+GH13,5
825,CBM26+CBM74,5
826,CBM79+GH5,5
827,AA15+GH18,5
828,CBM50+CBM66,5
829,GH2+GH20,5
830,CBM66+GH16,5
831,CBM0+GH101,5
832,CBM0+GH3,5
833,CBM25+GH14,4
834,CBM37+GH5,4
835,CBM2+CBM35+PL11,4
836,CBM6+CBM81+GH5,4
837,CBM2+CBM22+CBM6+GH10+GH43,4
838,CBM32+CBM4+CBM54+GH16,4
839,CBM35+PL1+PL9,4
840,CBM10+CBM5+GH5+GH6,4
841,CE15+GH10,4
842,CBM2+CBM35+GH98,4
843,CBM11+GH5,4
844,CBM3+GH10+GH48,4
845,CBM3+GH5+GH9,4
846,GH10+GH9,4
847,CBM2+CBM35+CE8,4
848,CBM6+CBM61+GH30,4
849,GT0+GT41,4
850,CBM92+GH3,4
851,CBM32+CBM56+GH16,4
852,CBM35+GH75,4
853,CBM66+GH28,4
854,CBM35+CE8,4
855,CBM4+CE1,4
856,CBM6+GH95,4
857,CBM13+CBM2+GH30,4
858,CBM4+GH11,4
859,CBM32+CBM61+GH53,4
860,CBM64+GH12,4
861,CBM64+GH10,4
862,CBM22+CBM37+GH10,4
863,GH0+GH28,4
864,CBM22+GH5,4
865,CBM13+CBM2+CBM6+GH43,4
866,CBM22+CBM6+GH30,4
867,GT0+GT9,4
868,CBM13+GH47,4
869,CBM2+CE4+GH10,4
870,GH141+GH2,4
871,CBM4+CE15,4
872,CBM12+GH5,4
873,GH78+PL8,4
874,GH3+GH89,4
875,CBM13+GH136,4
876,CBM5+PL31,4
877,CBM5+PL11,4
878,GT42+GT8,4
879,CBM32+CBM66+GH43,4
880,CBM32+CBM51+GH101,4
881,CBM6+CE8+PL1,4
882,GH28+PL9,4
883,GH0+GH73,4
884,CBM2+CBM22+GH62,4
885,GH3+GH78,4
886,CBM32+GH16+PL7,4
887,CBM91+GH2,4
888,CBM13+GH28,4
889,CBM0+GH0,4
890,CBM35+CE3,4
891,CBM0+GH18,4
892,CBM13+CE15,4
893,CBM0+CBM13+GH27,4
894,GH0+GH94,4
895,CBM35+GH9,4
896,CBM54+GH163,4
897,CBM32+GH140,4
898,CBM92+GH0,4
899,CBM80+GH5,4
900,CBM26+CBM48+GH13,4
901,CBM1+GH27,4
902,CBM13+GH31,4
903,PL0+PL32,4
904,CBM35+CBM78+GH26,4
905,CBM50+GH39,4
906,CBM18+CBM24+CBM50+GH18,4
907,CBM1+GH43,4
908,AA15+GH19,4
909,CE6+GH51,4
910,AA16+CBM1,4
911,CBM51+GH89,4
912,CBM47+GH84,4
913,CBM5+CE0+GH18,4
914,CBM18+GH0,4
915,CBM5+CBM6+GH18,4
916,GT2+GT44,4
917,CBM5+GH12,4
918,CBM3+GH12,4
919,CE8+GH43,4
920,CBM4+GH173,4
921,CBM25+GH119,4
922,CBM0+CBM13,4
923,CBM50+CE0,4
924,CBM0+CBM35+GH2,4
925,GT4+GT94,4
926,CBM84+GH33,4
927,CBM0+GH107,4
928,CBM67+GH33+GH78,4
929,CBM13+GH110,4
930,PL5+PL7,3
931,CBM22+CBM5+CBM9+GH10,3
932,CE4+GH11,3
933,CBM12+CBM6+GH18,3
934,CBM22+CE0+GH11,3
935,GH10+GH11,3
936,CBM22+CBM37+GH11,3
937,AA8+CBM1,3
938,CBM13+CBM35+GH97,3
939,CBM12+CBM32,3
940,CBM2+CBM57,3
941,CBM6+PL0,3
942,CBM10+CBM2,3
943,PL6+PL7,3
944,CBM51+CBM6,3
945,CBM88+PL11,3
946,CBM22+GH146,3
947,CBM6+GH59,3
948,CBM2+CBM3+GH12+GH6,3
949,CBM2+PL14,3
950,CBM0+CBM13+GH43,3
951,CE0+CE6,3
952,CBM48+GH57,3
953,CBM35+GH15,3
954,CBM86+GH10,3
955,CBM77+PL1+PL9,3
956,CBM6+GH29,3
957,CBM59+GH10,3
958,GT30+GT9,3
959,CBM6+GH62,3
960,CBM6+CE6+GH62,3
961,CBM32+CBM6+GH95,3
962,CBM57+CE15,3
963,CBM13+CBM32+GH16,3
964,GT116+GT2,3
965,CBM6+GH39,3
966,CBM57+GH18,3
967,CBM2+CBM65+GH5,3
968,CBM13+CBM2+CE0,3
969,CBM9+GH5,3
970,CBM66+PL11,3
971,CBM27+CE20,3
972,CBM48+GH10,3
973,CBM42+GH76,3
974,CBM61+GH18,3
975,CBM35+GH121,3
976,CBM22+CBM37+GH30,3
977,CBM22+CBM37+CE4+GH11,3
978,CBM23+CBM27+CBM59+GH26,3
979,CBM35+CBM57,3
980,GH154+GH16,3
981,CBM40+GH13,3
982,CBM3+CBM32+GH5,3
983,CBM3+CE0,3
984,CBM13+CE4,3
985,CBM0+CBM22+CBM9+CE4+GH10,3
986,CBM64+GH48,3
987,CBM35+GH8,3
988,CBM46+GH5+GH74,3
989,CE0+PL9,3
990,GH29+GH33,3
991,CBM48+GH13+GH133,3
992,CBM13+GH26+GH75,3
993,CBM9+GH9,3
994,CBM35+CBM6+GH3+GH30,3
995,CBM25+CBM41+GH13,3
996,CBM67+GH140,3
997,CBM35+CE20,3
998,CBM22+CE4+GH10,3
999,CBM20+GH97,3
1000,GH0+GH172,3
1001,CBM12+CBM32+GH81,3
1002,GH3+GH43,3
1003,GT2+PL38,3
1004,CBM60+GH10,3
1005,CBM10+GH9,3
1006,GT7+GT90,3
1007,CBM57+GH10,3
1008,CBM5+GH39,3
1009,GT17+GT2+GT4,3
1010,GH20+GH92,3
1011,GT113+GT2,3
1012,CBM36+CE4+GH11,3
1013,CBM16+PL6,3
1014,CBM32+CBM64+GH5,3
1015,CBM36+GH8,3
1016,CBM3+CBM30+GH9,3
1017,CBM0+PL8,3
1018,CBM48+GT5,3
1019,AA11+CBM18,3
1020,CBM6+PL40,3
1021,CBM40+CBM50,3
1022,CBM0+CBM3+GH9,3
1023,CBM94+GH20,3
1024,CBM4+PL0,3
1025,CBM10+CBM2+GH26,3
1026,CBM12+CBM73+GH19,3
1027,CBM5+PL1,3
1028,CBM16+CBM23+GH26,3
1029,CBM60+CE6,3
1030,GH171+GH3,3
1031,CBM2+GH0,3
1032,CBM0+GH117+GH29,3
1033,CBM0+GH51,3
1034,CBM32+GH120,3
1035,CBM42+CBM66+CE2,3
1036,CBM13+CE12,3
1037,GT102+GT103+GT2,3
1038,GH144+GH29,3
1039,GH127+GH51,3
1040,CBM32+PL6+PL7,3
1041,CBM6+GH117,3
1042,CBM35+CBM77+PL1+PL9,3
1043,CBM9+GH136,3
1044,CBM26+CBM74+GH13,3
1045,CBM0+CBM6,3
1046,CE12+GH43,3
1047,GH10+GH43,3
1048,CBM12+CBM42+GH18,3
1049,GH106+GH2,3
1050,CBM12+GH20,3
1051,GH18+GH19,3
1052,GT0+GT2+GT32,3
1053,CBM5+CBM61+GH43,3
1054,CBM0+GH173,3
1055,AA12+AA8+CBM1,3
1056,GT0+GT1,3
1057,CE4+GH18,3
1058,CBM50+GH22,3
1059,GT32+GT4,3
1060,CBM67+GH136+GH78,3
1061,CBM92+GH99,3
1062,CBM4+CBM6,3
1063,CBM2+PL3,3
1064,CBM2+GH29,3
1065,CBM66+CE8,3
1066,CBM67+GH106,3
1067,GH9+GT2,3
1068,CBM91+GH0,3
1069,CBM47+GT23,3
1070,CBM0+GT20,3
1071,CBM26+CBM41+CBM82+CBM83+GH13,3
1072,CBM75+GH43,3
1073,GH146+GH97,3
1074,CBM79+GH9,3
1075,CBM13+GH44,3
1076,GH1+GH162,3
1077,CBM1+CE0+GH27,3
1078,CBM18+GH114,3
1079,CE4+GH9,3
1080,GH144+GH3,3
1081,GH28+PL11,3
1082,CE6+GH33,3
1083,CE0+CE12,3
1084,GT2+GT81,3
1085,CBM35+GH128,3
1086,CBM0+GH163,3
1087,CBM60+CE4,3
1088,CBM2+CBM35+GH26,3
1089,GH43+GH59,3
1090,CBM88+CE0,3
1091,CBM16+GH173,3
1092,CBM9+GH30,3
1093,GH0+GH165,3
1094,CBM41+CBM48+CBM68+GH13,3
1095,CBM35+CBM62+GH39,3
1096,CBM12+CBM5+GH0,3
1097,GT1+GT2+GT4,3
1098,GH128+GH152,3
1099,CBM0+CBM67+GH78,3
1100,CE0+CE4,3
1101,GH105+PL35,3
1102,CE16+GH3,3
1103,CBM35+GH15+GH66,3
1104,CBM6+GH8,3
1105,CBM91+GH35+GH43,3
1106,CBM0+GH38,3
1107,GT10+GT2,3
1108,CBM0+PL42,3
1109,CBM35+CBM6+GH31,3
1110,CBM61+CE0,3
1111,CBM66+GH148,3
1112,CBM6+GH12,3
1113,CBM22+GH11+GH16,2
1114,CBM22+CBM3+CBM6+GH10+GH43,2
1115,CBM3+GH44+GH9,2
1116,CBM0+GH26,2
1117,CBM72+GH26+GH5,2
1118,CBM16+CBM6,2
1119,CBM56+CBM6,2
1120,CBM13+CBM6+GH30,2
1121,CBM32+CBM47,2
1122,CBM2+CBM3+GH5,2
1123,CE12+PL10,2
1124,CBM2+CBM3+GH48,2
1125,CBM16+CBM5+GH18,2
1126,GT116+GT4,2
1127,CBM35+CBM6+GH87,2
1128,GH105+PL42,2
1129,CBM88+GH5,2
1130,CBM9+GH141,2
1131,CBM10+CBM3+CBM5+GH9,2
1132,GH26+GH8,2
1133,CBM57+CE0+GH10,2
1134,CE0+GH10,2
1135,CBM2+CBM35+CE12,2
1136,CBM10+CBM2+GH16,2
1137,CBM10+CBM2+CE3,2
1138,CBM82+CBM83+GH13,2
1139,CBM9+GH166,2
1140,CBM20+GH57,2
1141,CBM0+CBM66+GH136,2
1142,GH5+GH93,2
1143,CBM32+GH120+GH95,2
1144,CBM13+CE8+PL1,2
1145,GH106+GH137,2
1146,CBM32+CBM6+GH18,2
1147,CBM32+CBM51+GH27,2
1148,CBM13+GH79,2
1149,AA10+CBM5+GH18,2
1150,CBM88+PL1,2
1151,CBM85+GH43,2
1152,GH5+GT2,2
1153,CBM35+GH53,2
1154,CBM88+GH43,2
1155,CBM88+GH30,2
1156,CBM50+GH46,2
1157,CBM5+CE4,2
1158,CBM22+GH11,2
1159,CE7+GH26,2
1160,GH18+GH78,2
1161,CBM51+GH0,2
1162,CBM48+GH13+GT5,2
1163,CBM48+GT2,2
1164,CBM77+PL9,2
1165,CBM13+CBM35+GH98,2
1166,CBM56+CBM6+GH64,2
1167,CBM35+CBM66+GH142,2
1168,CBM35+CBM9+GH87,2
1169,CBM3+GH44+GH74,2
1170,CBM22+CBM9+CE15+GH10,2
1171,CBM32+CBM54+CBM92+GH16+GH55,2
1172,CBM13+CBM35+CE12,2
1173,CBM22+CBM91+CE0+GH43,2
1174,CBM3+CBM37+GH9,2
1175,CBM22+CBM37+CE0+GH11,2
1176,GH5,2
1177,CE8+GH105,2
1178,CBM13+CBM2+PL11,2
1179,CBM22+GH30,2
1180,CBM5+CBM61+GH53,2
1181,GH18+GH8,2
1182,CBM1+GH16,2
1183,CBM1+CE2,2
1184,CBM1+GH28,2
1185,GH12+GT2,2
1186,CBM9+CE0+GH10,2
1187,CBM6+GH10+GH11,2
1188,CBM3+GH128,2
1189,CBM60+GH0,2
1190,CBM84+GH16,2
1191,CE15+GH78,2
1192,GT111+GT29+GT8,2
1193,CE12+CE2,2
1194,CBM84+GH43,2
1195,CBM42+GH62,2
1196,GH81+GT2,2
1197,CBM67+GH0,2
1198,CBM2+CBM60+GH30,2
1199,CE6+GH43,2
1200,CBM32+CBM50,2
1201,CBM16+CBM32+GH136,2
1202,GH2+GH3,2
1203,CBM10+CE3,2
1204,CBM10+CBM60+CE6+GH10,2
1205,CBM10+CBM60+GH10,2
1206,CBM10+CE1,2
1207,GH11+GH62,2
1208,CBM1+GH30,2
1209,GH123+GH33,2
1210,CBM13+CBM42+GH43,2
1211,CBM32+PL29,2
1212,AA5+CBM47,2
1213,CBM38+GT89,2
1214,CBM6+GH27+GH43,2
1215,GH2+GH31,2
1216,PL0+PL9,2
1217,CBM2+CBM36+CBM6+GH8,2
1218,CBM5+CBM73+GH5,2
1219,CBM57+CE0,2
1220,CBM61+GH0,2
1221,CBM9+GH74,2
1222,CBM32+CBM51+GH2,2
1223,CBM32+CBM9,2
1224,CBM51+GH51,2
1225,CBM0+CBM35+CBM6,2
1226,CBM47+GH0,2
1227,CBM0+CBM47,2
1228,CBM22+PL0,2
1229,GH117+GH29,2
1230,CBM12+CBM5+GH8,2
1231,CBM35+GH136,2
1232,CBM0+PL35,2
1233,GT0+GT107,2
1234,CBM13+PL20,2
1235,CBM66+GH43+GH51,2
1236,CBM32+CBM88+GH76,2
1237,CBM5+CBM6+GH5,2
1238,CBM64+GH11,2
1239,CBM64+GH30,2
1240,GT4+GT70,2
1241,CBM2+CE6,2
1242,CBM35+CBM61,2
1243,CBM84+GH0,2
1244,CBM2+CBM60+GH10,2
1245,CBM10+CBM57+CBM60+GH11,2
1246,CE4+GH73,2
1247,CBM2+PL1+PL9,2
1248,CBM56+GH26,2
1249,GH29+GH95,2
1250,GH2+PL38,2
1251,CE0+PL1,2
1252,CBM6+PL7,2
1253,CE8+GH95,2
1254,CBM90+PL24,2
1255,CBM35+CBM6+CBM88+CE8+PL1,2
1256,CBM13+PL0,2
1257,GT2+GT99,2
1258,GH117+GH43,2
1259,CBM32+PL24,2
1260,CE20+GH33,2
1261,CBM88+CE0+GH76,2
1262,CBM1+CE8,2
1263,CBM3+CBM62,2
1264,CBM60+GH5,2
1265,CBM6+GH5+GH8,2
1266,CBM6+CBM92+GH5,2
1267,CBM13+CBM56+GH64,2
1268,CBM6+CBM64+GH5,2
1269,CBM23+CBM32+CBM5+GH5,2
1270,CBM4+CBM6+GH9,2
1271,CBM4+CBM6+GH5,2
1272,CBM9+GH144,2
1273,CBM3+CBM5,2
1274,CBM50+GH104,2
1275,CBM2+CBM5+GH18,2
1276,CBM5+GH8,2
1277,CBM54+GH18,2
1278,GT64+GT8,2
1279,GT4+GT62,2
1280,CBM20+CBM26+GH13,2
1281,CBM6+CE8,2
1282,GH159+GH43,2
1283,CBM16+CBM54+GH163,2
1284,CBM22+CBM54+GH163,2
1285,CBM57+GH87,2
1286,CBM22+GH136,2
1287,CBM67+CBM71+GH2,2
1288,CBM6+GH38,2
1289,CBM32+GH106,2
1290,CBM91+GH89,2
1291,CBM66+GH78,2
1292,CBM2+PL0,2
1293,GT23+GT4,2
1294,CBM51+GH43,2
1295,CBM3+CBM65+GH5,2
1296,CBM1+CBM63,2
1297,CBM32+CBM40+GH123,2
1298,CBM92+GH87,2
1299,GH16+GT2,2
1300,CBM61+GH26,2
1301,CBM0+CBM32+GH29,2
1302,CE0+GH20,2
1303,CBM52+GH81,2
1304,GH30,2
1305,CBM0+GH144,2
1306,CBM53+GT31+GT5,2
1307,CBM43+GH17+GT2,2
1308,CBM0+CBM22+GH10,2
1309,CBM18+GT31,2
1310,CBM22+CBM63+GH9,2
1311,CBM48+GH13+GT4,2
1312,CBM1+GH54,2
1313,GH0+GH133,2
1314,CBM51+GH29,2
1315,AA1+CBM18,2
1316,GH16+GT48,2
1317,CBM1+CBM35+GH26,2
1318,CBM32+CBM38+GH32,2
1319,CBM8+GH113,2
1320,GH36+GH74,2
1321,AA15+CBM18,2
1322,GH163+GH50,2
1323,AA3+CBM1,2
1324,CBM1+CE12,2
1325,AA17+CBM18,2
1326,CBM50+CBM6,2
1327,GT25+GT4,2
1328,CBM16+GH29,2
1329,CBM1+CBM6+GH43,2
1330,CBM13+GH13,2
1331,CE6+GH97,2
1332,CBM66+GH0,2
1333,CBM66+CBM9,2
1334,CBM13+CBM35+GH66,2
1335,CBM32+CBM35+PL39,2
1336,AA5+CBM60,2
1337,GH43+GH5,2
1338,CE0+GH62,2
1339,GH0+GH78,2
1340,CBM13+CBM35+CBM6+GH5+GH98,2
1341,CBM2+GH28,2
1342,CBM32+CBM66+GH0,2
1343,CBM51+GH123,2
1344,GH20+GH93,2
1345,CBM13+CBM71+GH30,2
1346,CBM66+GH141,2
1347,CBM32+GH28+GH29,2
1348,GH152+GH18,2
1349,CBM16+GH39,2
1350,CBM6+CBM9+GH87,2
1351,CBM13+CBM9+GH136,2
1352,CBM3+PL0,2
1353,GH42+GH5,2
1354,CBM32+GH98,2
1355,CBM6+CBM60+GH10+GH43,2
1356,GH28+PL29,2
1357,CBM66+CBM9+GH74,2
1358,CBM32+CE17,2
1359,CBM62+GH85,2
1360,CE14+GT4,2
1361,GH0+GH140,2
1362,CBM13+CBM32+GH92,2
1363,GH128+GH16,2
1364,CBM66+CBM84+GH43,2
1365,CBM50+GH16,2
1366,CBM22+CBM6+GH43+GH62,2
1367,CBM60+CE4+GH11,2
1368,CBM20+CBM25,2
1369,AA3+GT4,2
1370,GH13+GT25,2
1371,AA3+GH76,2
1372,CBM48+GH13+GH28,2
1373,CBM84+PL0,2
1374,CBM0+CBM16+GH167,2
1375,CBM66+GH9,2
1376,CBM0+GH106,2
1377,CBM6+CE0+CE6,2
1378,CBM61+GH43+GH53,2
1379,GT0+GT101,2
1380,GH3+GH9,2
1381,GH16+GH64,2
1382,CBM2+GH9+PL14,2
1383,CBM32+CBM6+GH0,2
1384,CBM25+CBM34+GH13,2
1385,GT0+GT28,2
1386,CBM13+GH73,2
1387,CBM72+GH0,2
1388,CBM9+GH167,2
1389,CBM71+GH18,2
1390,GH33+GH84,2
1391,CBM32+GH20+GH85,2
1392,CBM32+CBM71+GH2+GH33+GH84,2
1393,CBM42+CBM66+GH43,2
1394,CBM0+CBM6+CBM62,2
1395,CBM66+CBM67+GH78,2
1396,CBM66+GH30,2
1397,CBM42+CE3,2
1398,CBM16+GH10,2
1399,GH39+GT4,2
1400,CBM6+CBM88+GH76,2
1401,CBM42+CBM6,2
1402,CBM13+CBM61+GH43,2
1403,CBM35+CBM66+GH43+GH5,2
1404,CBM35+CBM66,2
1405,CBM0+GH27,2
1406,GT11+GT2+GT4,2
1407,CBM61+GH29,2
1408,CBM72+CE0,2
1409,CBM72+GH43,2
1410,CBM32+CBM70+PL0,2
1411,CBM13+CBM6+GH95,2
1412,CBM16+GH8,2
1413,CBM48+CBM68,2
1414,CBM0+CBM32+GH89,2
1415,CBM3+PL31,2
1416,CBM57+GH74,2
1417,CBM18+GH71,2
1418,PL0+PL21,2
1419,CBM32+CBM6+GH43,2
1420,CBM2+GH16,2
1421,GT0+GT102+GT103,2
1422,CE0+GH18,2
1423,CBM35+CBM47,2
1424,GT0+GT11,2
1425,CBM3+GH10+GH12+GH48,2
1426,CBM22+CBM3+GH10+GH5,2
1427,AA10+CBM3+GH5,1
1428,CBM16+GH111,1
1429,CBM12+CBM6+GH5,1
1430,GH57+GT5,1
1431,CBM5+GH10,1
1432,CBM2+CBM35+PL3,1
1433,CBM2+CBM35+PL1,1
1434,CBM6+PL31,1
1435,CBM0+CBM10+GH26,1
1436,GT0+GT2+GT4+GT41,1
1437,CBM4+CE6+GH10,1
1438,CBM9+CE4+GH8,1
1439,CBM88+CBM9+CE1,1
1440,CBM88+CBM9+CBM91+CE6+GH43,1
1441,CBM88+CBM9+GH30,1
1442,CBM88+CBM9+GH10,1
1443,CBM6+CBM88+CBM9+CBM91+GH43,1
1444,CBM9+GH11,1
1445,CBM9+GH8,1
1446,CBM85+GH10+GH16,1
1447,CBM2+CBM3+CE1,1
1448,CBM2+CBM3+GH10,1
1449,CBM2+CBM3+GH74,1
1450,CBM13+GH12+GH5,1
1451,CBM6+GH45,1
1452,CBM2+CBM59+GH26,1
1453,CBM13+GH81,1
1454,CBM12+CBM32+CBM63,1
1455,CBM12+GH8,1
1456,CBM2+CBM32+GH16,1
1457,CBM50+PL7,1
1458,CBM32+CBM54+GH55,1
1459,GH43+GH95,1
1460,CE15+GH106,1
1461,CBM91+GH43+GH62,1
1462,GH10+GT4,1
1463,CBM0+CBM14+GH18,1
1464,CE1+GH11,1
1465,CBM4+GH16+GH17,1
1466,CBM9+CE1,1
1467,CBM0+CBM22+CBM9+GH10,1
1468,CBM5+CBM66+PL0,1
1469,CBM35+CBM5+PL1,1
1470,CBM13+CBM2+GH16,1
1471,CBM10+CBM5+CBM60+CE6+GH10,1
1472,CBM10+CBM88+GH53,1
1473,CBM10+CBM5+GH6,1
1474,CBM10+CBM5+GH16,1
1475,CBM10+CBM5+GH11+GH5,1
1476,CBM2+CBM5+GH44,1
1477,CBM0+CBM10+CBM2+GH26,1
1478,CBM2+CBM35,1
1479,CBM2+CBM6+GH62,1
1480,CBM10+CBM5+GH5,1
1481,CBM10+CBM5,1
1482,CBM5+CBM57+CBM60+CE15+GH11,1
1483,CBM10+GH30,1
1484,CBM92+GH18+GH5,1
1485,CBM13+CBM67+GH78,1
1486,CBM13+CBM16+CBM84,1
1487,CBM32+CBM56+GH55,1
1488,CBM35+CBM61+GH16,1
1489,CBM2+GH66,1
1490,CBM2+CBM35+GH27,1
1491,CBM5+CE6,1
1492,CBM6+GH54,1
1493,CBM3+CBM46+GH5,1
1494,CBM13+CBM2+CBM91+GH43,1
1495,CBM3+GH26,1
1496,CBM65+CE2,1
1497,CBM0+CBM41+CBM48+GH13,1
1498,CBM16+CBM6+GH0,1
1499,CBM38+CBM66,1
1500,GH76+GT4,1
1501,CBM92+GH86,1
1502,CBM92+GH118,1
1503,CE0+GH26,1
1504,CBM2+CE4+GH10+GH11,1
1505,CBM86+CBM9+GH10,1
1506,CBM13+CBM2+CBM36+CBM6+GH10+GH43,1
1507,CBM13+CBM2+CE0+GH10,1
1508,CBM0+CBM23+CBM54+CBM59+GH26,1
1509,CBM42+CE2,1
1510,GH16+GH50,1
1511,CBM35+CBM37+CE3+GH26,1
1512,CBM37+CE12,1
1513,CBM35+CBM37+GH26,1
1514,CBM35+CBM37+GH98,1
1515,CBM37+GH11,1
1516,CBM37+CE8+PL10,1
1517,CBM22+CE0,1
1518,CBM37+PL11,1
1519,CBM37+GH9,1
1520,CBM13+CBM37+GH43,1
1521,CBM37+PL1,1
1522,CBM13+CBM37+PL11,1
1523,CBM13+CBM37+CE12,1
1524,CBM37+CBM77+PL1,1
1525,CBM37+GH74,1
1526,CBM13+CBM37,1
1527,CBM37+CBM62+GH30,1
1528,CBM22+CBM37+GH10+GH11,1
1529,CBM4+GH81,1
1530,CBM47+CBM61+GH53,1
1531,GH13+GH57,1
1532,GH13+GT4,1
1533,CBM35+GH26+GH5,1
1534,AA1+CE4,1
1535,CE12+GH106,1
1536,CBM32+CE0,1
1537,CBM46+CBM64+GH5,1
1538,GH148+GH30,1
1539,CBM35+CBM4+GH16,1
1540,CE4+GH39,1
1541,CBM0+PL11,1
1542,CBM0+CBM6+GH3+GH30,1
1543,CBM3+GH44+PL11,1
1544,CBM3+CBM66+PL9,1
1545,CBM13+GH16+GH18,1
1546,CBM13+CBM57+GH87,1
1547,CBM13+CBM6+GH55,1
1548,CBM6+CE6+GH11,1
1549,CBM22+CBM9+CE0+GH10,1
1550,CBM36+CBM6+GH11,1
1551,GH88+PL8,1
1552,GH29+GH89,1
1553,GH0+GH104,1
1554,CBM35+CBM6+GH30,1
1555,CBM53+GH0,1
1556,CE13+GT1,1
1557,CBM88+GH16,1
1558,GH1+GH5,1
1559,GT116+GT41,1
1560,GT11+GT41,1
1561,CBM57+GH5,1
1562,CBM17+CBM28,1
1563,GH36+GH38,1
1564,GH35+GH53,1
1565,GH28+GH88,1
1566,CBM4+GH3,1
1567,CBM2+GH141,1
1568,CBM81+GH5,1
1569,CBM13+CBM26+GH13,1
1570,CBM16+PL12,1
1571,CE12+PL22,1
1572,CE0+CE20,1
1573,GH26+GH3,1
1574,CE0+GH0,1
1575,CE20+GH130,1
1576,CBM60+CBM61+GH53,1
1577,CBM10+GH10,1
1578,CBM10+CBM60+GH53,1
1579,CBM22+CBM60+CE15,1
1580,CBM10+CBM60+CE1+CE15,1
1581,CBM10+GH5+GH6,1
1582,CBM1+GH19,1
1583,GH72+GT31,1
1584,CBM16+CBM91+GH136,1
1585,CBM16+CBM9+GH26+GH50,1
1586,CBM3+CE1,1
1587,AA10+CBM3+CBM5,1
1588,CBM0+GH136,1
1589,CBM22+GH10+GH62,1
1590,CBM2+CBM60+CE6,1
1591,CBM2+CBM6+GH59,1
1592,CBM2+CBM22+CBM60+CE6+GH10,1
1593,CBM2+CBM22+CBM6+GH10+GH43+GH62,1
1594,CBM2+CBM22+CBM6+CBM91+GH43,1
1595,CBM0+PL24,1
1596,CBM90+PL40,1
1597,CBM67+GH28+GH78,1
1598,CBM51+GH127,1
1599,GH0+GH130,1
1600,CBM11+CBM3+GH5,1
1601,CBM2+GH19,1
1602,CBM0+CBM16,1
1603,CBM44+GH51,1
1604,CBM2+GH12+GH5,1
1605,AA11+CBM19,1
1606,GH5+PL7,1
1607,CE6+GH136,1
1608,CBM32+CBM47+CBM6,1
1609,CBM5+PL9,1
1610,CBM22+CBM5+CBM9+CE4+GH10,1
1611,CBM13+CBM5+GH30,1
1612,CBM35+PL35,1
1613,CBM22+CBM4+CBM9+GH10,1
1614,CBM16+CBM4+PL0,1
1615,CBM62+GH5,1
1616,CBM84+GH50,1
1617,CBM16+CBM32+CBM62+GH5,1
1618,CBM0+CBM9+GH10,1
1619,CBM66+GH55,1
1620,GT0+GT17,1
1621,CBM35+CBM66+GH43,1
1622,CBM13+CBM61+GH93,1
1623,GT114+GT2,1
1624,GT11+GT4,1
1625,CE15+GH115,1
1626,GH0+GT5,1
1627,CBM10+CBM5+CBM60+GH5,1
1628,CBM5+CBM60+CBM88+CE4+GH11,1
1629,CBM16+CBM32+CBM35+GH136,1
1630,CBM77+CE8+PL1,1
1631,CBM1+CBM18,1
1632,CE12+GH43+PL22,1
1633,GH128+PL11,1
1634,CBM6+GH0+GH16+GH97,1
1635,CBM5+CBM73+PL14,1
1636,CBM5+CBM6+GH30,1
1637,GH0+GH97,1
1638,CBM64+CE2,1
1639,CBM64+CE0,1
1640,CBM64+GH62,1
1641,CBM35+CBM64+GH27,1
1642,CBM6+CBM64+GH43,1
1643,CBM2+CBM6+CE0,1
1644,CBM10+CBM6+GH0,1
1645,CBM32+GH2+GH29,1
1646,CBM51+GH20,1
1647,GT41+GT56,1
1648,CBM35+PL3,1
1649,CBM10+CBM6+GH18,1
1650,CBM0+CBM32+GH16,1
1651,CBM2+CBM22+CBM91+GH43,1
1652,CBM73+PL14,1
1653,CBM10+CBM13+CBM35+PL11,1
1654,AA10+CBM10+CBM2,1
1655,CBM0+CBM32+GH76+GH92,1
1656,AA5+GT2,1
1657,GH137+GH78,1
1658,CBM2+GH12+GH18,1
1659,CBM40+CBM51+GH33,1
1660,CBM2+CBM6+CE2+GH8,1
1661,CBM35+CBM6+GH43,1
1662,CBM32+GH51,1
1663,CBM22+GH62,1
1664,CBM11+GH135,1
1665,GH2+GH33,1
1666,CBM85+CE4+GH10,1
1667,CBM18+CBM50+CBM66+GH18,1
1668,GT11+GT25,1
1669,CBM2+CBM6+GH11,1
1670,CBM11+GH8,1
1671,CBM2+CBM6+GH16,1
1672,CBM6+CE3+GH11,1
1673,CBM13+CE20,1
1674,CBM16+CBM6+PL0,1
1675,CBM84+PL11,1
1676,CBM32+CBM71+GH18+GH85,1
1677,GH39+GH42,1
1678,CBM88+GH26,1
1679,CBM0+CBM4+GH86,1
1680,CBM35+CBM77+PL1,1
1681,GH115+GH159,1
1682,GH43+GH50,1
1683,CBM52+GH64,1
1684,GH0+GH1,1
1685,CBM0+GH5,1
1686,CBM35+GH20,1
1687,GH53+GT25,1
1688,CBM23+CBM54+CBM59+GH26,1
1689,CBM0+CBM48+GH13,1
1690,CBM3+CBM6+CBM88,1
1691,CBM53+GH119,1
1692,CBM57+GH64,1
1693,CBM32+CBM57+GH2,1
1694,GH33+GH54,1
1695,CBM13+GH101,1
1696,CE12+GH95,1
1697,CBM88+GH128,1
1698,CBM50+GH0+GT4,1
1699,CBM13+CBM25+CBM26+GH13,1
1700,CBM13+CBM25+CBM26+CBM74+GH13,1
1701,CBM84+GH9,1
1702,CBM13+CBM6+CBM92,1
1703,CBM13+CBM47+GH107,1
1704,CBM35+CBM47+CBM6+GH107,1
1705,CBM6+CBM73+GH19+GH5,1
1706,CBM32+CBM6+PL6,1
1707,CBM92+PL7,1
1708,CBM6+CBM63,1
1709,CBM6+CBM92+CE20,1
1710,GH0+GH117,1
1711,GT2+GT23,1
1712,CBM32+GH27,1
1713,GT101+GT4,1
1714,CBM35+CBM9+GH39,1
1715,GH23+GH78,1
1716,CBM6+CBM64+GH8,1
1717,CBM92+GT0,1
1718,CBM0+CBM31+GH26,1
1719,CBM9+GH18,1
1720,CBM12+CBM56+CBM6+GH64,1
1721,GH6+GH9,1
1722,CBM35+GH74,1
1723,CBM0+GH15,1
1724,CBM35+CE1,1
1725,CE0+PL22,1
1726,CE3+GH5,1
1727,GH0+GT48,1
1728,CBM22+CE4,1
1729,CE2+GH130,1
1730,CBM54+PL21,1
1731,CBM54+GH0,1
1732,CBM13+GH71,1
1733,CBM3+GH18,1
1734,CBM32+CBM57+GH158+GH16,1
1735,CBM2+PL4,1
1736,CBM25+GH15,1
1737,CBM22+GH0,1
1738,GT2+GT62,1
1739,CBM13+GH30+GH42,1
1740,CE1+GH62,1
1741,GH43+PL1,1
1742,GT4+PL12,1
1743,CBM16+GH20,1
1744,CBM2+CBM35+GH39,1
1745,CBM57+CBM6+GH43,1
1746,CBM32+PL18+PL7,1
1747,CBM10+CBM35+CE12,1
1748,CBM57+CE4,1
1749,CBM57+GH62,1
1750,CBM57+CE3,1
1751,CBM4+GH31,1
1752,CBM57+CE6,1
1753,CBM32+CBM6+GH38,1
1754,CBM0+CBM6+GH92,1
1755,CBM32+GH105+PL8,1
1756,CBM47+GH46,1
1757,CBM66+PL12,1
1758,CBM5+GH16,1
1759,CBM32+CBM6+GH5+GH55,1
1760,CBM5+CE2,1
1761,CBM57+GH30,1
1762,CBM13+CBM38+CBM6+GH32,1
1763,CBM13+CBM38+GH32,1
1764,CBM2+CBM8+GH51,1
1765,GH142+GH33,1
1766,CBM32+GH130+GH2,1
1767,GH110+GH43,1
1768,CBM13+PL4,1
1769,CBM3+GH19,1
1770,GH3+GH5,1
1771,GH0+GH51,1
1772,GH172+GH32,1
1773,CBM13+CBM32+GH30,1
1774,CBM32+GH0+GH29,1
1775,CBM48+GH0,1
1776,GH24+GH25,1
1777,GH10+GH120,1
1778,CBM16+CBM22,1
1779,CBM13+CBM61,1
1780,CBM0+CBM13+GH93,1
1781,CBM44+GH74,1
1782,CBM13+CBM32+CE3,1
1783,CBM32+GH116,1
1784,CBM0+GH116,1
1785,CE3+GH140,1
1786,AA5+CBM32+CBM47,1
1787,GH27+GH36,1
1788,CBM22+CE3+GH11,1
1789,GH84+GT7,1
1790,CE15+CE3,1
1791,CBM35+CBM57+CBM6,1
1792,GT0+GT110,1
1793,GH3+GT4,1
1794,GT49+GT61,1
1795,GH1+GT27,1
1796,GT50+GT7,1
1797,GT106+GT4,1
1798,GT1+PL1,1
1799,GH27+GT106,1
1800,GT0+GT77,1
1801,CBM11+GH51,1
1802,GH0+GT64,1
1803,CBM88+PL9,1
1804,GH2+GT57,1
1805,GH47+GT4,1
1806,GH10+GT10,1
1807,GH31+GT7,1
1808,GH29+PL30,1
1809,GH27+GT27,1
1810,GH28+GH9,1
1811,CBM45+PL4,1
1812,GH1+PL1,1
1813,CBM48+CBM82+CBM83+GH13,1
1814,CBM32+CE3+GH30,1
1815,GT4+GT83,1
1816,CBM16+CBM6+GH16,1
1817,CBM67+PL1,1
1818,CBM42+CBM88+GH16,1
1819,CBM51+CE0+GH27,1
1820,CBM62+GH30+GH43,1
1821,CE12+PL9,1
1822,CBM4+GH16+GH9,1
1823,CBM22+CBM6+GH10+GH43,1
1824,CBM22+CE0+GH30,1
1825,CBM0+GH114,1
1826,CBM35+GH2+GH27,1
1827,GH152+GH2,1
1828,CBM1+GH53,1
1829,CBM2+GH45,1
1830,CBM3+CBM62+CE3,1
1831,CBM13+CBM65+GH5,1
1832,CBM23+CBM65+GH5,1
1833,CBM20+CBM50,1
1834,CE0+GH43,1
1835,GH44+GH5,1
1836,AA1+CBM1,1
1837,CBM3+CBM6+GH43,1
1838,GH3+GH67,1
1839,CBM25+CBM74,1
1840,CBM20+CBM25+CBM32,1
1841,CBM48+GH0+GH13,1
1842,GH134+GH36+PL1,1
1843,CBM6+CE4+GH10+GH11,1
1844,CBM6+CE0+GH62,1
1845,CBM48+CE0+GH10+GH62,1
1846,GH78+GH79,1
1847,GH18+GH31,1
1848,GH1+GH95,1
1849,CBM84+GH115,1
1850,CBM13+CBM6+CBM91+GH43+GH5,1
1851,CBM51+CBM62,1
1852,CBM13+CBM6+CBM62+CE6+GH5,1
1853,AA12+CBM1,1
1854,CBM1+PL9,1
1855,CBM0+CBM1,1
1856,AA7+CBM1,1
1857,AA15+CBM18+GH18,1
1858,GH134+GH27,1
1859,GH134+GH3,1
1860,GH10+GH156,1
1861,CBM1+GH114,1
1862,GH13+GH133+GH23+GT2+GT4+GT5,1
1863,CBM5+GH74,1
1864,CBM22+GH8,1
1865,CBM57+GH86,1
1866,CBM92+GH136,1
1867,GT0+PL38,1
1868,CBM57+CBM92,1
1869,CBM13+CBM20+GH13,1
1870,CBM5+CBM60+GH5,1
1871,CBM61+CBM9+GH0,1
1872,GT2+GT25+GT45,1
1873,CBM6+GH85,1
1874,GH131+GH6,1
1875,PL38+PL6,1
1876,CE6+GH3,1
1877,GT2+GT7,1
1878,GH0+PL10,1
1879,CBM0+GH119,1
1880,CBM51+GH27+GH43,1
1881,GH159+GH27,1
1882,CBM67+GH160+GH78,1
1883,GH106+GH29,1
1884,CBM51+GT2,1
1885,GH141+GH168,1
1886,GH50+GH86,1
1887,CBM85+GH0,1
1888,CBM6+PL15,1
1889,GH39+GH79,1
1890,CBM5+CBM56+GH64,1
1891,GT1+GT94,1
1892,CBM40+GH165,1
1893,CBM84+GH172,1
1894,CBM0+GH0+GH144+GH29,1
1895,CBM32+GH158+GH55,1
1896,CBM32+CBM5+GH95,1
1897,CBM35+CBM59+GH26,1
1898,CBM0+CBM2,1
1899,CBM0+CBM2+GH6,1
1900,GT25+GT32,1
1901,GT14+GT2,1
1902,CBM22+CBM5+CBM6+CBM91+GH43,1
1903,CBM16+CBM9+GH16,1
1904,CBM32+GH141+GH20,1
1905,CBM50+PL1,1
1906,CBM91+GH2+GH43,1
1907,CBM62+GH128,1
1908,CBM35+GH140,1
1909,CBM13+CBM66+GH30,1
1910,CBM16+CBM22+GH110,1
1911,CBM16+GH28,1
1912,CBM91+GH16,1
1913,CBM84+GH51,1
1914,CBM91+GH136,1
1915,CBM0+CBM6+CBM66+GH43,1
1916,CE0+GT0+GT2,1
1917,PL0+PL25,1
1918,CBM13+CBM66+GH93,1
1919,CBM5+GH43,1
1920,CE20+GH5,1
1921,GH29+GT1,1
1922,GH173+GH26,1
1923,GH158+GH26,1
1924,GH43+GH93,1
1925,CBM0+GH167,1
1926,CBM13+CBM6+GH76,1
1927,GH104+GH13,1
1928,GH1+GH24,1
1929,GH19+GH84,1
1930,CBM0+CBM4,1
1931,CBM13+GH66,1
1932,GH28+GH49,1
1933,PL33+PL38,1
1934,CBM32+GH110+GH87,1
1935,CBM13+CBM32+GH141,1
1936,CBM13+CBM66,1
1937,GH116+GH172,1
1938,CBM35+CBM6+GH0,1
1939,CBM32+CBM4+CBM54+CBM6+GH16,1
1940,CE12+CE20,1
1941,CBM32+CBM56+CBM6+GH16,1
1942,CBM66+PL10,1
1943,CBM47+GH64,1
1944,CBM35+GH101,1
1945,CBM47+GH20,1
1946,CBM13+CBM35+GH65,1
1947,CBM18+CE4+GT2,1
1948,CBM24+GH18,1
1949,GT107+GT4,1
1950,CBM13+CBM6+GH54,1
1951,CBM51+GH59,1
1952,CBM32+GH39,1
1953,GH99+GT4,1
1954,CBM32+CBM6+CBM9+CE3+GH136+GH29,1
1955,CBM66+PL8,1
1956,CBM16+GH163,1
1957,CBM16+GH167,1
1958,CBM0+GH110,1
1959,CBM0+CBM16+CBM54+GH163,1
1960,CBM66+CBM9+GH136,1
1961,CBM0+CE0,1
1962,CBM16+CBM54+GH0,1
1963,CBM0+CBM54+GH163,1
1964,CBM32+CBM66,1
1965,CE6+GH0,1
1966,CBM50+CBM61+GH53,1
1967,CBM70+PL35,1
1968,CBM0+CBM51+GH31,1
1969,CBM0+GH31,1
1970,GH43+GH8,1
1971,CBM13+CBM3,1
1972,CBM47+GH92,1
1973,CBM35+CE12+PL11,1
1974,CBM6+GH146,1
1975,CBM6+GH115,1
1976,GH20+GH3,1
1977,CBM13+GH65,1
1978,CBM91+GH10,1
1979,GH31+GH99,1
1980,GT26+GT9,1
1981,CBM18+CBM66,1
1982,GT30+GT4,1
1983,GH17+GH5,1
1984,PL0+PL1,1
1985,CBM2+GH115,1
1986,CBM32+GH144,1
1987,GT8+GT90,1
1988,GH115+GH3,1
1989,CBM32+CBM57+GH2+GH64,1
1990,AA3+CE4,1
1991,CE8+PL4,1
1992,GH5+PL38,1
1993,PL3,1
1994,GH18+GT1,1
1995,GT69+GT90,1
1996,GH105+GH16+GH43,1
1997,CBM35+CBM91,1
1998,AA5+CBM6,1
1999,CBM31+GH81,1
2000,GH2+GH42,1
2001,CBM0+CE15,1
2002,CBM0+CBM32+GH39,1
2003,CBM91+PL0,1
2004,CBM40+GH16,1
2005,CE20+CE3,1
2006,CBM56+CBM6+GH26,1
2007,CE2+GH39,1
2008,CBM50+GH167,1
2009,CBM6+CBM9+GH0,1
2010,CBM0+CBM16+CBM6,1
2011,CBM5+GH9,1
2012,CBM36+CBM66+GH8,1
2013,CBM22+CBM9+GH10+GH30,1
2014,CBM32+GH3+GH99,1
2015,CBM32+GH12,1
2016,CBM35+GH3,1
2017,CBM32+GH101+GH29,1
2018,CBM91+GH51,1
2019,CBM16+CBM6+GH74,1
2020,CBM32+CBM35+GH5,1
2021,CBM6+PL24,1
2022,CBM16+GH150,1
2023,CBM0+PL29,1
2024,GT15+GT71,1
2025,GT25+GT31,1
2026,CE4+GH115,1
2027,CE0+PL1+PL9,1
2028,GT35+GT4,1
2029,CBM47+PL8,1
2030,PL0+PL38,1
2031,CBM32+PL21,1
2032,CBM13+PL42,1
2033,CBM2+CE12+PL11,1
2034,CBM32+CBM40+GH2+GH20+GH33,1
2035,CBM0+CBM32+GH85,1
2036,CBM2+CBM59+GH5,1
2037,CE19+GH28,1
2038,GH105+PL11,1
2039,GT2+GT27,1
2040,CBM3+GH124,1
2041,CBM62+GH20,1
2042,CBM5+GH43+GH51,1
2043,CBM32+CBM6+GH141,1
2044,CBM61+CBM84+GH16,1
2045,GH5+GH74,1
2046,CBM47+GH95,1
2047,CBM32+GH0+GH38,1
2048,CBM57+CBM6+GH30,1
2049,GT71+GT8,1
2050,CBM6+GH10+GH43,1
2051,CE7+GH5,1
2052,CBM32+CBM6+PL7,1
2053,GT32+GT6,1
2054,CBM0+GH105,1
2055,GT2+GT30,1
2056,GH5+GT31,1
2057,CBM32+CBM91+GH110,1
2058,CBM16+GH165,1
2059,CBM16+GH128,1
2060,CBM9+GH99,1
2061,CBM51+CE3,1
2062,CBM51+CE20,1
2063,GH105+PL22,1
2064,CBM0+CBM51,1
2065,CBM0+GH65,1
2066,CBM13+GH8,1
2067,GH18+PL7,1
2068,CBM22+GH25,1
2069,CBM6+GH16+GH64,1
2070,GH143+GH43,1
2071,AA10+CBM13,1
2072,CBM51+GH109,1
2073,CBM60+GH62,1
2074,CBM42+CBM6+GH43,1
2075,CBM32+CBM38+CBM92+GH81,1
2076,CBM6+GH13,1
2077,CBM9+GH20,1
2078,CBM6+PL36,1
2079,CBM35+CBM88+PL1,1
2080,CBM64+GH44,1
2081,CBM35+CBM60,1
2082,CBM2+CBM5+CBM73+GH18,1
2083,PL0+PL7,1
2084,AA10+CBM0,1
2085,CBM60+CBM88+GH5,1
2086,GT2+GT4+GT9,1
2087,CBM23+CBM61,1
2088,AA10+CBM61,1
2089,CE20+GH35,1
2090,CBM62+GH43,1
2091,CBM18+GH42,1
2092,GH16,1
2093,CBM0+GT27,1
2094,GH110+PL9,1
2095,CBM32+GH74,1
2096,GH2+GH78,1
2097,CBM66+GH106+GH43,1
2098,CBM6+GH43+GH97,1
2099,CBM13+CBM62,1
2100,CBM61+CBM72,1
2101,CBM16+CBM32+GH136+GH59,1
2102,CBM13+CBM32+GH110+GH95,1
2103,CBM13+CBM32+CBM51+GH29,1
2104,CBM32+GH30+GH43,1
2105,CBM13+CBM16,1
2106,CBM84+GH95,1
2107,CBM16+CBM84,1
2108,CBM61+GH136,1
2109,CBM91+GH30+GH43,1
2110,CBM35+GH141,1
2111,CBM18+CBM24+GH18,1
2112,CE8+GH5,1
2113,CBM5+CBM60+CBM88+GH11,1
2114,GH104+GH24,1
2115,CBM16+CBM61+GH53,1
2116,GT11+GT92,1
2117,CBM0+CBM3+CBM35+GH26,1
2118,GH133+GH78,1
2119,CBM16+GH26,1
2120,CBM0+CBM9,1
2121,GH136+GH29,1
2122,CE3+GH0,1
2123,CBM91+GH110,1
2124,CBM0+CBM32+GH36,1
2125,CBM54+GH16,1
2126,CBM57+CBM88,1
2127,CBM32+CBM6+GH128,1
2128,CBM0+GH136+GH29,1
2129,CBM6+GH51,1
2130,CBM38+GH0,1
2131,CBM50+GH102,1
2132,CBM32+CBM67,1
2133,GH110+GH95,1
2134,GH24+GH73,1
2135,AA15+CBM1+GH45,1
2136,CBM48+CE6,1
2137,GT25+GT45,1
2138,CBM0+GH140,1
2139,GH47+PL26,1
2140,CBM24+GH18+GH71,1
2141,AA14+CE0,1
2142,GH78+GT1,1
2143,GH27+GH88,1
2144,CBM18+CE4+GH28,1
2145,GH17+GT48,1
2146,CBM24+CE5,1
2147,CBM0+CBM5+GH78,1
2148,CBM35+CBM5+GH5,1
2149,CBM13+GH167,1
2150,CBM6+PL8,1
2151,CBM6+CBM62,1
2152,GH121+GH142,1
2153,CBM16+CBM9+GH167,1
2154,GT0+GT14,1
2155,GH19,1
2156,CBM0+GH85,1
2157,CBM6+GH87,1
2158,GH135+GH26,1
2159,GH26+GH9,1
2160,GH114+GH9,1
2161,CBM32+GH110,1
2162,CBM32+CBM6+CBM91+GH43,1
2163,CBM66+GH73,1
2164,GH0+GH166,1
2165,AA9+GH47,1
2166,GH13+GH5+GT5,1
2167,CBM35+GH43+PL3,1
2168,CBM13+CBM32+PL18,1
2169,CE12+GH115,1
2170,CBM15+GH5,1
2171,CBM0+GH95,1
2172,CBM32+GH76,1
2173,CBM9+GH0,1
2174,CBM0+GH146,1
2175,CBM0+GH106+GH78,1
2176,CBM67+GH106+GH78,1
2177,GT32+GT8,1
2178,CE20+GH43,1
2179,GH0+GH46,1
2180,PL12,1
2181,CBM91+GH43+GH51,1
2182,CBM6+CBM92+GH76,1
2183,CBM0+GH87,1
2184,CBM13+CBM32+CBM6,1
2185,CBM2+CBM32+GH12+GH26,1
2186,CBM35+CE2,1
2187,CBM2+CBM61+GH43,1
2188,CBM32+CBM47+GH2,1
2189,CBM35+GH67,1
2190,CBM42+CBM6+GH16,1
2191,CBM88+GH0,1
2192,CBM16+CBM5+GH16,1
2193,CBM4+CBM60+GH0,1
2194,CBM92+GH160,1
2195,CBM12+CBM5+PL14,1
2196,CBM12+CBM5+GH5,1
2197,CE2+GH18,1
2198,GT4+GT56,1
2199,GT0+GT29,1
2200,PL32+PL36,1
2201,GH5+GH92,1
2202,GH5+GH88,1
2203,GH105+GH43,1
2204,CBM62+GH16,1
2205,CBM13+CBM57,1
2206,GH19+GH20,1
2207,CBM5+PL0,1
2208,CBM10+CBM5+GH11,1
2209,GH43+GT64,1
2210,GH20+GH39,1
2211,GH135+GH16,1
2212,CBM34+GH77,1
2213,GT1+GT4,1
2214,CBM51+CBM67,1
2215,GH154+PL42,1
2216,CBM48+CE0+CE1,1
2217,CBM22+CBM9+CE4,1
2218,GH165+GH33,1
2219,CE20+GH95,1
2220,CBM32+PL42,1
2221,CBM25+CBM26+GH31,1
2222,CBM0+CBM54,1
2223,GH43+PL0,1
2224,CBM48+GH13+GT35,1
2225,CBM3+GH5+PL9,1
2226,CBM3+GH12+GH48+GH5,1
2227,CBM3+PL11+PL9,1
2228,AA3,1
2229,CBM0+CBM35+GH39,1
2230,CE3+GH43,1
2231,CBM5+GH59,1
2232,CBM35+CBM47+GH107,1
2233,GH125+GH16,1
