genbank_accession,family
UUU23746.1,CE0
QTE59126.1,CE0
AOM35601.1,PL9
APB46315.1,PL9
AID55367.1,PL9
AIK49264.1,PL9
CBL17903.1,CE0
QES67897.1,PL9
UQQ57559.1,CE0
QTO58295.1,PL9
QEF97990.1,CE0
ACU73765.1,CE0
QCV20401.1,CE0
QDU49914.1,CE0
QMT87929.1,CE0
VEI06111.1,PL9
VEA56004.1,CE0
CAD5360121.1,PL9
QCP71948.1,CE0
UKK58731.1,CE0
UIJ78737.1,CE0
QTQ80068.1,PL9
UPZ32002.1,PL9
AUX29931.1,CE0
AIA91425.1,CE0
QLP39065.1,PL9
QOQ53886.1,CE0
CQR55664.1,PL9
AJR05436.1,PL9
QII47158.1,CE0
AOC58864.1,PL9
QKH10552.1,PL9
BDC13948.1,CE0
QKW15008.1,CE0
QDM87906.1,CE0
QLR28489.1,CE0
UZB14578.1,PL9
UVR06700.1,CE0
QHF72127.1,CE0
QEJ51327.1,CE0
ATZ57304.1,CE0
UTF52485.1,CE0
QDT83935.1,CE0
SMQ95623.1,PL9
QSI45639.1,CE0
ADL53059.1,PL9
ALD27882.1,CE0
UVS27248.1,PL9
AVM52697.1,CE0
UNU22132.1,CE0
QHI52928.1,CE0
QHP65551.1,CE0
NP_937436.1,PL9
QNU02239.1,PL9
AZV74102.1,PL9
QIY95114.1,PL9
AMR25275.1,CE0
CQR57779.1,PL9
QDZ46716.1,PL9
AMG10433.2,CE0
QBG57989.1,PL9
AZN98282.1,CE0
AYN23342.1,CE0
QGU17439.1,PL9
QQO28030.1,PL9
VEC35406.1,PL9
ATZ95059.1,PL9
UAM74155.1,PL9
AXY75649.1,CE0
CBI14068.1,PL9
QFU37555.1,CE0
QEM15354.1,PL9
ANF16373.1,PL9
AZK83487.1,PL9
QTE57069.1,CE0
APF24229.1,PL9
UJD96716.1,PL9
WAG55669.1,PL9
BBT44479.1,CE0
QNE55209.1,PL9
ANG71803.1,CE0
UPK69152.1,CE0
ANF45690.1,PL9
AGX42961.1,PL9
QKV95635.1,PL9
QXT34477.1,CE0
UJR61305.1,PL9
ASY81493.1,PL9
SMQ99564.1,PL9
BAB04213.1,PL9
QHI91086.1,CE0
USX12362.1,PL9
QJS19670.1,PL9
QBH29699.1,CE0
AJK87424.1,PL9
ANB08283.1,PL9
QEH90684.1,CE0
AKE25464.1,PL9
VTS07446.1,CE0
UFS88602.1,CE0
CZT27244.1,PL9
QRD81010.1,CE0
ARX32121.1,CE0
APL35985.1,CE0
CBZ48777.1,PL9
QDU89562.1,CE0
AIZ15958.1,CE0
AZO11456.1,CE0
CUI25009.1,PL9
ARI06070.1,PL9
AOV35243.1,CE0
UVI31254.1,PL9
UVQ27808.1,CE0
QGQ21683.1,CE0
USP80919.1,CE0
ADZ84563.1,CE0
QMV06205.1,PL9
AEX54654.1,PL9
QHH11656.1,PL9
QHQ15901.1,PL9
BAA81753.1,PL9
BCZ47864.1,PL9
QBZ61811.1,CE0
ATB50321.1,PL9
QUT60646.1,CE0
QEP79708.1,CE0
ASX07978.1,CE0
QPC66974.1,CE0
UWZ58949.1,PL9
ASD66607.1,CE0
QIF29502.1,CE0
UUM34260.1,PL9
ADV63033.1,PL9
WBD66274.1,CE0
QPC72470.1,CE0
UVO08394.1,PL9
QGU57398.1,CE0
UYI13526.1,PL9
UAN14786.1,CE0
QPC65629.1,CE0
QZD58323.1,PL9
AZH57291.1,CE0
AEV69063.1,PL9
UVO80403.1,CE0
VEC85032.1,PL9
UVP58141.1,PL9
QCD55145.1,PL9
AWD89310.1,PL9
QRF32135.1,PL9
QFU34548.1,CE0
AUJ83702.1,PL9
ARW04612.1,PL9
QIX60119.1,CE0
UHD63625.1,PL9
AQR90254.1,PL9
ASB48758.1,CE0
QNK57915.1,CE0
BDI28607.1,PL9
UKZ47743.1,CE0
QEM08729.1,CE0
UII28616.1,PL9
AWV34223.1,PL9
AXC58126.1,CE0
QRB61008.1,PL9
QJZ25014.1,CE0
QFR97138.1,PL9
QED53935.1,CE0
UMU39834.1,CE0
UFN57518.1,CE0
AMB26480.1,PL9
WAI09144.1,PL9
AGB80387.1,PL9
UIM61237.1,PL9
UOE59814.1,PL9
BAB39493.1,CE0
UDM48171.1,PL9
AMH37884.1,CE0
UWM54385.1,PL9
ART73968.1,CE0
USC46946.1,PL9
BBH67212.1,PL9
APU68883.1,PL9
QPM27606.1,CE0
QQM44195.1,PL9
QGJ63067.1,CE0
BDC58159.1,CE0
AUC41283.1,PL9
USQ14553.1,CE0
QTO37231.1,CE0
SBO94195.1,CE0
AIR71492.1,PL9
APO90495.1,PL9
QCH48878.1,CE0
AJE96336.1,PL9
QGG35079.1,PL9
UUE47560.1,PL9
QYC44258.1,CE0
UAB85068.1,CE0
QIZ51346.1,PL9
QFU88382.1,CE0
WAI08355.1,CE0
QOT10761.1,PL9
UXZ19776.1,CE0
VED11392.1,CE0
UUU37327.1,CE0
UQB81076.1,CE0
QJG56637.1,CE0
APK03853.1,CE0
QQY44776.1,CE0
QFH16921.1,CE0
UEM41100.1,PL9
WAG73030.1,PL9
AUA08568.1,PL9
AOW15618.1,CE0
UIX32510.1,CE0
AXG69626.1,PL9
APK59815.1,CE0
UOG31858.1,CE0
AUU83365.1,PL9
BCJ58134.1,CE0
BDU25768.1,PL9
QDE71105.1,PL9
NP_416247.1,CE0
APV55657.1,PL9
UMV05276.1,CE0
AZS18076.1,PL9
AZU73275.1,CE0
QAV68571.1,CE0
AXO82154.1,CE0
QCP72097.1,CE0
ASQ99856.1,PL9
AEV96474.1,PL9
UWE07808.1,CE0
EAA35351.2,CE0
AWZ60485.1,CE0
QHW34781.1,PL9
AZQ40275.1,CE0
SLM62404.1,PL9
QCM18970.1,CE0
WAG60424.1,PL9
QSY60484.1,CE0
ARO87639.1,CE0
QMT58795.1,CE0
WAT23250.1,CE0
ATM77673.1,PL9
WAG58325.1,PL9
CAD0298904.1,PL9
APJ69831.1,CE0
QDN97590.1,PL9
AYH09996.1,PL9
QDM11109.1,CE0
URJ58834.1,PL9
QHK00400.1,PL9
QPC39641.1,PL9
AHF14518.1,CE0
AXC55268.1,PL9
QUF05402.1,PL9
UUE08568.1,PL9
QZY10570.1,CE0
UJH90800.1,CE0
UWZ74151.1,PL9
UUU21104.1,PL9
QGL59703.1,PL9
UPX10810.1,PL9
AJC66160.1,PL9
QCX40893.1,PL9
UUE57695.1,PL9
UYU67957.1,CE0
UZJ46138.1,PL9
UVP44143.1,PL9
AWJ46938.1,CE0
AIW44424.1,CE0
AQU95565.1,CE0
UDV85399.1,PL9
UYW23633.1,PL9
CAB94651.1,PL9
CAD0305275.1,PL9
QBK02363.1,CE0
ASR54677.1,PL9
AAG59609.1,PL9
QEY39890.1,CE0
QBD77431.1,CE0
UCN14501.1,CE0
UWU91309.1,CE0
QHW71226.1,PL9
UUE72171.1,PL9
AUK18640.1,CE0
AVM07190.1,PL9
UQZ85670.1,PL9
AYH14368.1,PL9
AGE52529.1,CE0
USD19142.1,PL9
AOY65827.1,PL9
QHT71694.1,CE0
SMQ97035.1,PL9
QIQ71427.1,PL9
UVR50459.1,CE0
QUI46576.1,CE0
BCP69740.1,CE0
BBI25915.1,PL9
UHZ86846.1,CE0
UOE46216.1,CE0
UHZ81204.1,CE0
XP_366467.1,CE0
ANO92223.1,CE0
QHW65223.1,CE0
AJC76183.1,CE0
QYM97881.1,PL9
VEE34347.1,CE0
UUO19395.1,PL9
ARW33514.1,PL9
QIF72559.1,CE0
UJW57057.1,PL9
AEI31318.1,PL9
QHJ05023.1,PL9
AUX24225.1,PL9
AQV95594.1,CE0
AXH92126.1,PL9
QDN66978.1,PL9
UAN49833.1,PL9
QIZ50686.1,PL9
ALO15718.1,CE0
ATL82069.1,PL9
ARJ42998.1,PL9
UYA60069.1,PL9
AVI56837.1,CE0
ACV63615.1,PL9
QUP66809.1,PL9
BBJ58304.1,CE0
AQZ62544.1,CE0
AMT95671.1,PL9
BBJ91442.1,CE0
ABR74828.1,PL9
QHW34784.1,PL9
UIR56092.1,CE0
AYL13085.1,CE0
NP_149235.1,CE0
AIC46358.1,PL9
QCD06558.1,CE0
QGZ42320.1,PL9
CAN92888.1,CE0
QZY32369.1,PL9
URD68961.1,CE0
QDT78948.1,CE0
QEF74351.1,CE0
AMJ64716.1,CE0
ANO50977.1,PL9
QGI49560.1,PL9
APW38385.1,CE0
QJE01968.1,CE0
SCG71515.1,CE0
QDO39326.1,PL9
QUT60181.1,CE0
QGL34747.1,CE0
AZH41962.1,CE0
QBX86556.1,CE0
ATZ96465.1,PL9
ANH83664.1,PL9
QLS22694.1,PL9
AUH05047.1,PL9
ALJ61700.1,CE0
ANE77208.1,PL9
ACW01946.1,CE0
UYT88501.1,CE0
AEI32099.1,PL9
QEG91813.1,CE0
QID71226.1,CE0
QRC97238.1,CE0
QSI01361.1,PL9
BCG75157.1,CE0
APZ04974.1,PL9
ASV57630.1,PL9
AEY67493.1,CE0
QTU53200.1,PL9
QCQ38426.1,CE0
QNU42394.1,PL9
QSV16188.1,PL9
QGH58081.1,PL9
QHJ96293.1,PL9
AJZ85161.2,PL9
ADM99100.1,PL9
ANU56192.1,CE0
BBD15674.1,PL9
QBN10047.1,CE0
QYK69990.1,PL9
AEV85498.1,PL9
CCK31004.1,PL9
USP46107.1,CE0
CAC85738.1,CE0
AEQ96625.1,PL9
QER66048.1,CE0
UPK99830.1,CE0
AUT10882.1,CE0
QCL44736.1,CE0
QZS64291.1,PL9
QDO17280.1,CE0
VED43923.1,CE0
BDP37033.1,PL9
UDD63953.1,CE0
QIU94582.1,PL9
ARN68785.1,PL9
QEL35820.1,CE0
BCY09550.1,PL9
QMV93851.1,PL9
QIU92983.1,PL9
AHL89024.1,PL9
QMW86526.1,PL9
QBG95941.1,PL9
AZU15452.1,PL9
UVR67206.1,PL9
AWV98968.1,CE0
QRF84695.1,CE0
ACN78954.1,CE0
QWN14437.1,PL9
WBB80951.1,CE0
UOY17517.1,CE0
ACM60943.1,PL9
UOO00982.1,CE0
ATV24344.1,PL9
ALD36775.1,CE0
WAL75746.1,PL9
UQB68801.1,CE0
WAG44811.1,CE0
AGN36519.1,PL9
AMB91483.1,PL9
UZP38438.1,PL9
ASO86273.1,CE0
ARE60122.1,CE0
QBG92135.1,PL9
QKV80010.1,CE0
AVI45579.1,PL9
AWZ55180.1,CE0
UWM49518.1,PL9
URX61884.1,PL9
AXX30676.1,CE0
AGA59284.1,CE0
UVP00850.1,CE0
UQS64361.1,CE0
CCA72326.1,CE0
BCM65258.1,PL9
VFQ37112.1,CE0
QES61490.1,CE0
ARB34807.1,PL9
QZZ29155.1,PL9
QDI11029.1,PL9
AZV55096.1,PL9
QEF14061.1,CE0
ASB59022.1,PL9
UED87844.1,PL9
UWE11266.1,CE0
ULC58558.1,CE0
QZT39705.1,CE0
AFO80831.1,PL9
APU11176.1,PL9
UGA51049.1,PL9
QGQ26905.1,CE0
AMO60102.1,CE0
UVP35374.1,PL9
AXM93552.1,CE0
QKD52243.1,CE0
ACB75214.1,PL9
UFN96975.1,PL9
APS32088.1,PL9
WAG57434.1,PL9
BBJ54617.1,PL9
UYV07661.1,CE0
BCZ45682.1,PL9
QJR70437.1,CE0
USZ72444.1,CE0
QKL29569.1,CE0
UUE38206.1,PL9
BAV13161.1,PL9
ATV42949.1,PL9
QLX91149.1,PL9
UVQ43992.1,PL9
QCN45993.1,CE0
NP_752267.1,PL9
AVJ45261.1,PL9
ARA83744.1,PL9
AHL73294.1,PL9
SQE29114.1,CE0
QVH65169.1,PL9
AVF37596.1,PL9
BDI34247.1,PL9
QMG00770.1,PL9
ATH70311.1,CE0
ALP38265.1,PL9
ARD57951.1,PL9
QEI94621.1,CE0
ADL47151.1,PL9
CBK68263.1,PL9
QGQ16777.1,CE0
ADG66555.1,CE0
SDR91733.1,PL9
QPL85326.1,CE0
QLE74457.1,CE0
AFK58171.1,PL9
ASV15545.1,PL9
QJR56991.1,CE0
QVH59170.1,PL9
AXW88158.1,PL9
UQW81249.1,CE0
UGB03775.1,PL9
QJF07046.1,CE0
QEJ46774.1,CE0
UJF28462.1,PL9
UEO06197.1,PL9
ARQ68497.1,CE0
UOD86524.1,PL9
AID93053.1,PL9
QCD57090.1,PL9
QCH53972.1,CE0
AGU87994.1,PL9
AMX01498.1,CE0
UHD31994.1,PL9
AXL04382.1,CE0
SCG40251.1,CE0
ANZ08485.1,PL9
QOE37409.1,PL9
ALB34566.1,CE0
AWX40920.1,CE0
QCN28601.1,CE0
APP15238.1,PL9
QGT73071.1,CE0
QCR22549.1,CE0
UTB75190.1,CE0
AOV51418.1,CE0
AUS06374.1,PL9
ATU28288.1,PL9
QKJ65004.1,CE0
CDM69960.1,PL9
QKP99949.1,CE0
UZP42903.1,CE0
QYA34006.1,PL9
QPO86438.1,CE0
ARK11682.1,CE0
AWV82348.1,PL9
AUC19279.1,PL9
QAS87015.1,CE0
ASL33758.1,CE0
UVF19468.1,PL9
BAU92790.1,PL9
AOR73365.1,PL9
QEI89689.1,CE0
QTU66920.1,CE0
VEC60592.1,CE0
AUZ10891.1,CE0
QKG52986.1,CE0
QER58936.1,CE0
QRB20995.1,CE0
URJ60214.1,PL9
UWZ48475.1,CE0
UPY77495.1,CE0
UII27343.1,PL9
AEE44547.1,CE0
APJ90843.1,CE0
ASV63913.1,PL9
QHG29521.1,PL9
QJQ14272.1,CE0
ATB40392.1,CE0
QEJ01507.1,CE0
QJC18306.1,PL9
QPO82028.1,CE0
QKO16095.1,PL9
ADU23208.1,CE0
QEP62814.1,CE0
ADQ79791.1,CE0
BCK33019.1,PL9
QNR87082.1,PL9
QSB25514.1,PL9
UYU64514.1,PL9
ADD02972.1,PL9
QCJ44716.1,PL9
QDU51125.1,PL9
QMV13892.1,PL9
ATX52036.1,CE0
UYT85243.1,PL9
AWJ51829.1,CE0
BBQ86283.1,PL9
WAO95672.1,PL9
QHC77186.1,CE0
QDN83056.1,PL9
AHC43806.1,PL9
UYU53745.1,CE0
UOE93041.1,PL9
AOS23266.1,PL9
ANZ40881.1,PL9
QED63965.1,CE0
BAC61429.1,PL9
QSH27277.1,CE0
AMV30232.1,CE0
QUU00911.1,CE0
ACA40849.1,PL9
AUF93977.1,CE0
AEV97023.1,PL9
QTU56897.1,CE0
QDV72704.1,CE0
AXU97129.1,PL9
APT64260.1,CE0
QIM36998.1,CE0
BBB01381.1,PL9
ATD77564.1,PL9
XP_003719302.1,CE0
QQY81127.1,PL9
AYE18731.1,CE0
QOR50597.1,CE0
QCK12634.1,PL9
ARN85969.1,PL9
BCB76562.1,PL9
WBN22371.1,CE0
QJT02923.1,PL9
AVB24448.1,PL9
QMV04815.1,PL9
ASB77563.1,CE0
UVQ97053.1,PL9
ARS06526.1,CE0
QAY42127.1,CE0
ABN53181.1,CE0
UNI21161.1,CE0
APL30355.1,CE0
ASZ48764.1,CE0
QCJ13853.1,CE0
AQT57188.1,PL9
QHA10195.1,CE0
ABJ84048.1,CE0
UZS70293.1,PL9
BDC56796.1,PL9
WBA42443.1,CE0
QCL67855.1,CE0
QBY20378.1,CE0
AWX46906.1,PL9
QKO13725.1,PL9
AAR39815.1,CE0
AEJ18793.1,PL9
APL15197.1,PL9
AEW02787.1,CE0
CAD7724156.1,PL9
QIF00557.1,CE0
ARD14545.1,PL9
QDY07805.1,CE0
BAL88048.1,CE0
URG50519.1,PL9
ASB54822.1,PL9
AUO41082.1,CE0
AKL33683.1,PL9
WAI64316.1,CE0
URZ15679.1,PL9
QQN43590.1,PL9
BDA57547.1,PL9
AII37362.1,PL9
QEI21445.1,CE0
AIJ11657.1,PL9
UVS36503.1,PL9
ACS85991.1,PL9
SCF06847.1,CE0
QGI06684.1,PL9
BCY06858.1,PL9
QYK63286.1,PL9
QVQ37060.1,PL9
AOM20418.1,PL9
QEU76135.1,PL9
QLZ67389.1,CE0
UVO75097.1,CE0
AXC32613.1,PL9
QHH01209.1,PL9
BBK87432.1,CE0
QUM60504.1,PL9
QCR66188.1,PL9
QIZ47052.1,PL9
UJR56385.1,PL9
AZV23523.1,CE0
QKJ30743.1,CE0
BCL31522.1,PL9
UQB39241.1,PL9
QFH05984.1,CE0
AST98611.1,PL9
SCG41663.1,CE0
EAA58486.1,CE0
ALV67428.1,CE0
UTJ42394.1,PL9
AKD53833.1,CE0
BCS21969.1,PL9
QWQ27130.1,CE0
QKX13708.1,PL9
UUA09514.1,PL9
QDS70277.1,CE0
QZA26897.1,CE0
QCJ62323.1,CE0
QCM74624.1,CE0
UQM92319.1,PL9
QQT56222.1,CE0
AVX01487.1,CE0
QFG95846.1,CE0
UJR17349.1,CE0
AMO07959.1,CE0
AYV17188.1,PL9
UVQ38984.1,CE0
QTU44138.1,PL9
QGJ01779.1,PL9
WAG76180.1,PL9
AOA12967.1,PL9
BBV81233.1,CE0
QHD14050.1,CE0
BCA48715.1,PL9
AXH59285.1,PL9
APZ95893.1,CE0
QTE39635.1,PL9
WAH62346.1,PL9
QBJ61374.1,CE0
UOX88779.1,PL9
UPR41239.1,PL9
AZM44060.1,CE0
AJF70969.1,PL9
QDT16500.1,PL9
WBB89453.1,CE0
UFK56615.1,PL9
UYU75641.1,CE0
QQT78715.1,PL9
QNF50363.1,CE0
AHF07979.1,PL9
QWN18722.1,PL9
ULF58372.1,PL9
VDY70935.1,CE0
QEH88950.1,CE0
AAU40984.3,PL9
QDS94279.1,CE0
AMO33190.1,PL9
AKU30614.1,PL9
AOO58274.1,PL9
QTE41916.1,PL9
QJP26791.1,CE0
WBO61551.1,CE0
BBW35573.1,CE0
UTS72254.1,PL9
AXX32254.1,PL9
UYP06067.1,PL9
AOL99524.1,PL9
UHQ18777.1,PL9
QDZ98771.1,PL9
AXT82561.1,CE0
AKJ29881.1,PL9
BBP25826.1,CE0
QCN06735.1,CE0
QUU15346.1,PL9
QHG41713.1,CE0
QOL26504.1,PL9
QBO10055.1,PL9
UCB35476.1,CE0
BBU64945.1,PL9
AIM34992.1,PL9
QOG88044.1,PL9
QGQ98031.1,PL9
QCW30574.1,CE0
AOS61647.1,PL9
QQD81596.1,PL9
BAE62547.1,CE0
QRN36648.1,PL9
EAA63262.1,CE0
AQZ70497.1,PL9
QLO39654.1,PL9
VBB73265.1,CE0
AXO79643.1,PL9
QGQ68664.1,CE0
ALJ43452.1,PL9
WBQ38744.1,CE0
ASB49976.1,PL9
UFH55418.1,CE0
AXY76447.1,CE0
AVX24523.1,PL9
UBU09455.1,CE0
AXE89779.1,CE0
QDK67085.1,PL9
UKK65511.1,CE0
QCM96549.1,CE0
CDH97216.1,PL9
QRQ55841.1,PL9
QQY82139.1,PL9
QJT00892.1,PL9
AUC20688.1,CE0
ACU37209.1,CE0
URZ17754.1,PL9
QCN51455.1,CE0
QDO55282.1,PL9
QHN45710.1,CE0
QDY84707.1,PL9
QPA48385.1,PL9
ADG66180.1,PL9
QZY31603.1,CE0
WBO67123.1,PL9
AHG42644.1,PL9
QKK00372.1,CE0
QDU06567.1,CE0
QEG17777.1,PL9
AUH07381.1,PL9
BDQ12572.1,CE0
QGJ11327.1,CE0
ADM98300.1,PL9
QAT22214.1,PL9
AGE58753.1,CE0
QFW20357.1,CE0
WAI63826.1,CE0
AQW03971.1,CE0
UFK37804.1,PL9
QUF63855.1,PL9
AWA19555.1,CE0
AVZ56015.1,CE0
SBO95919.1,PL9
UJX20140.1,CE0
ASC59786.1,CE0
QOL29863.1,CE0
QNF35494.1,CE0
AXM09779.1,PL9
QBO44194.1,CE0
UEK88445.1,PL9
ATV02279.1,PL9
AEV83906.1,CE0
QNM45608.1,PL9
UQC87713.1,CE0
AOS19101.1,PL9
AZP15270.1,CE0
BDF27821.1,CE0
QQQ74064.1,PL9
AIQ58483.1,PL9
QEI98939.1,CE0
QDT88299.1,CE0
QDN92983.1,PL9
UPR04333.1,CE0
ADQ05619.1,PL9
SCY41578.1,PL9
QCJ12200.1,CE0
QPC73171.1,CE0
UAB73327.1,CE0
QTU50740.1,CE0
QCN56931.1,CE0
QVH38173.1,PL9
QFH89918.1,CE0
QAW22521.1,PL9
ALG53461.1,PL9
QPB85411.1,CE0
QIC46161.1,PL9
QWC53137.1,PL9
UZR97849.1,CE0
ATI45157.1,PL9
UVO59251.1,CE0
AZM79815.1,PL9
UUI83978.1,PL9
AUM09887.1,CE0
UBD13233.1,CE0
AKG46264.1,PL9
UVQ07751.1,PL9
UKS25792.1,PL9
ASO05214.1,CE0
QBP87553.1,CE0
VEF66753.1,PL9
QSH08827.1,CE0
QSH04322.1,CE0
QJS61411.1,CE0
UKK70961.1,PL9
QPG22816.1,CE0
QSZ46239.1,PL9
QOL14485.1,PL9
QNH43705.1,CE0
APT44841.1,PL9
AVL80045.1,PL9
AXH93077.1,PL9
WBC04828.1,CE0
QEC45193.1,CE0
USD78959.1,PL9
QLQ34929.1,CE0
QJG13668.1,PL9
AYB47730.1,PL9
BBI38194.1,PL9
QCZ65260.1,PL9
UTQ08175.1,PL9
QAT38761.1,PL9
CAA58242.1,CE0
QNT67597.1,CE0
ULK44475.1,PL9
AUW11919.1,PL9
UVQ06642.1,PL9
UTI67631.1,CE0
QCM68352.1,CE0
AEM73875.1,PL9
BBT87769.1,PL9
UYV54701.1,PL9
AUX39922.1,PL9
QHT57865.1,CE0
ALZ71860.1,PL9
CDS96501.1,CE0
UXY19087.1,PL9
AAK43010.1,CE0
QOG63548.1,PL9
AMR05760.1,PL9
UQC83578.1,CE0
QES18220.1,PL9
QJR61915.1,CE0
QLC86612.1,PL9
AMG09275.1,PL9
UNK37129.1,CE0
UJR20619.1,CE0
NP_347448.1,PL9
AVV95478.1,PL9
UDV90941.1,PL9
QPQ18023.1,PL9
SLM01301.1,PL9
QHS61094.1,PL9
QXE15447.1,PL9
QDM06887.1,CE0
QCB94960.1,CE0
QVH54973.1,PL9
QGL39227.1,CE0
SNU18758.1,CE0
AUH09156.1,PL9
UHC66050.1,CE0
CAD7082254.1,CE0
QIN69860.1,CE0
BAU56050.1,CE0
UQM92338.1,PL9
WBC14929.1,CE0
UKK64540.1,PL9
SQG57482.1,PL9
WBM97500.1,CE0
QCL22787.1,CE0
QIH03891.1,CE0
BAX78799.1,CE0
AVT64625.1,CE0
WAI69794.1,CE0
QGZ51492.1,PL9
AWB44904.1,PL9
ATZ53576.1,CE0
UWM50307.1,CE0
QQZ02686.1,CE0
AIA71354.1,PL9
QYS91493.1,PL9
AUC40461.1,PL9
SCE78523.1,PL9
CBK74914.1,CE0
ATV44688.1,PL9
QYH16722.1,CE0
QPK19635.1,PL9
QTI90513.1,PL9
QEQ39920.1,CE0
QTH06797.1,PL9
AOR58972.1,PL9
AKL77973.1,PL9
AEV84760.1,CE0
UJD91900.1,PL9
QSG95095.1,CE0
QRD87153.1,CE0
QCD10427.1,CE0
URJ44530.1,PL9
UUF13833.1,CE0
QXW45822.1,PL9
UNE79196.1,PL9
QMV88176.1,PL9
APB69051.1,PL9
AET58179.1,CE0
QVH69367.1,PL9
QGI54286.1,PL9
QGI10877.1,PL9
UNF65346.1,PL9
UUU32391.1,PL9
BCD99777.1,CE0
URG49013.1,PL9
QDT21836.1,PL9
QGH22261.1,PL9
USK25584.1,CE0
QCM91060.1,CE0
QGI88227.1,PL9
UPK67629.1,PL9
AOM54984.1,CE0
QKS60050.1,CE0
QAS91657.1,CE0
UEM39453.1,PL9
QIA21058.1,CE0
QEQ53436.1,PL9
QEM03500.1,CE0
WP_009983557.1,PL9
WBB73958.1,PL9
QEU72642.1,PL9
ATS57863.1,PL9
UVP34246.1,CE0
QQK68361.1,PL9
UNG02289.1,CE0
VBB81060.1,CE0
QDU37723.1,CE0
QKO14548.1,PL9
QLJ96743.1,CE0
BCE06858.1,PL9
UMU72011.1,CE0
QZU79640.1,PL9
QNP55769.1,CE0
UDM61290.1,CE0
SBO97871.1,CE0
ANU31607.1,PL9
QSB28752.1,PL9
WBA03510.1,CE0
QPQ39083.1,PL9
QCN01244.1,CE0
QCJ18690.1,PL9
ARR32377.1,CE0
WBL26918.1,PL9
UQE78712.1,PL9
QLG39102.1,PL9
QDY07881.1,CE0
AOT49936.1,PL9
AWQ14866.1,PL9
AKG44228.1,CE0
BAE63679.1,CE0
CDS92568.1,CE0
QYN45706.1,PL9
AHJ95485.1,CE0
QXU42793.1,PL9
QBZ06940.1,PL9
BCL18005.1,PL9
AFS70531.1,PL9
ANE65389.1,CE0
AIK13826.1,PL9
UQT48087.1,CE0
UBD72283.1,CE0
AGF57035.1,CE0
AZQ78913.1,CE0
ASR55206.1,CE0
QJD92534.1,PL9
AZJ48887.1,PL9
QBA14673.1,PL9
AGP38160.1,CE0
AJO60015.1,PL9
QIM10227.1,PL9
UBD13741.1,PL9
SCV08451.1,PL9
QEC62789.1,CE0
AHC22393.1,PL9
AGF54340.1,PL9
EGX45641.1,PL9
ACR71158.1,PL9
BBP17096.1,CE0
AEL25656.1,CE0
QEQ83211.1,CE0
QWN22971.1,PL9
QDO25200.1,PL9
QDF07678.1,PL9
AOW17787.1,PL9
AGY53377.1,CE0
UCI07181.1,CE0
QYG89147.1,PL9
QTN94482.1,CE0
QGY09709.1,CE0
QEP46896.1,CE0
BAX13798.1,CE0
UVS28153.1,CE0
UVS19431.1,CE0
QGX76986.1,CE0
QEJ16739.1,CE0
AEE54275.1,CE0
QUW24060.1,PL9
UDL10104.1,CE0
CAK37535.1,CE0
QWG70414.1,PL9
ATS74222.1,PL9
UWI98828.1,CE0
QNA44261.1,CE0
UUU37836.1,CE0
BBA94051.1,CE0
QMV15407.1,PL9
QMV23956.1,PL9
UMQ42134.1,CE0
ACU57585.1,PL9
QBA50429.1,CE0
QEI71332.1,CE0
CAD7719851.1,PL9
APJ12928.1,PL9
ANU43734.1,CE0
QAV19466.1,PL9
AME07261.1,PL9
QEM02735.1,PL9
VED11427.1,CE0
QEX00639.1,PL9
QDT78276.1,CE0
UVA65250.1,CE0
QAV90191.1,PL9
UMU26244.1,CE0
UDQ59490.1,CE0
ACU36973.1,PL9
QNJ38771.1,CE0
UTB77048.1,CE0
AOT00800.1,PL9
UXK00378.1,PL9
QQE17953.1,PL9
QGH37026.1,PL9
QNU65773.1,CE0
QCZ27237.1,PL9
QJT83345.1,PL9
WBN60556.1,CE0
UTL76310.1,PL9
AIZ61961.1,PL9
VED22878.1,CE0
AWV80276.1,PL9
QJP14848.1,PL9
QCI02711.1,CE0
AUG37602.1,PL9
QAA02283.1,CE0
QYN41231.1,PL9
QDU15754.1,PL9
UDB42458.1,CE0
ATX49186.1,CE0
AOL31381.1,PL9
UUS34283.1,PL9
BBH67453.1,PL9
UZB27198.1,PL9
VEG08223.1,CE0
BCJ39880.1,PL9
ARA65770.1,CE0
QEG26086.1,CE0
ANG82982.1,CE0
QWN10154.1,PL9
ANJ40867.1,CE0
QPM09314.1,CE0
UAB92403.1,PL9
APA11680.1,CE0
AQT75084.1,CE0
CAM67498.1,CE0
AKG43374.1,PL9
QAR59606.1,PL9
WAU83180.1,PL9
QBJ19309.1,CE0
UWV46753.1,PL9
QAY38013.1,PL9
AFL88081.1,CE0
QKL27247.1,PL9
QDT99295.1,CE0
ABN53381.1,PL9
QWT42736.1,PL9
AQR97379.1,PL9
QHR38199.1,CE0
QDV76523.1,PL9
QYO65779.1,PL9
QHP60356.1,PL9
BAT50680.1,PL9
QEJ32082.1,CE0
QHW85067.1,CE0
QIY70295.1,PL9
QDT19911.1,CE0
AUZ13749.1,PL9
ACR12533.1,CE0
QCW46218.1,CE0
WBB72455.1,CE0
QPM67955.1,PL9
UFT99345.1,PL9
USY57840.1,CE0
QLI95352.1,CE0
AEE54623.1,CE0
QJG32225.1,CE0
QRW13032.1,CE0
AWV90187.1,PL9
APL39937.1,PL9
QVH56771.1,PL9
QPB49717.1,CE0
ASJ41175.1,CE0
AOZ99802.1,CE0
AEI58875.1,CE0
UDQ75977.1,PL9
APK08586.1,CE0
AUY39405.1,PL9
QYX40602.1,PL9
AJC66869.1,PL9
AWF38456.1,PL9
QAS05610.1,PL9
UUE66130.1,PL9
UXU86487.1,CE0
QUC58214.1,PL9
BCJ76401.1,CE0
ATE54528.1,PL9
AEV69022.1,CE0
UYV51489.1,CE0
BAJ70156.1,CE0
ARA38702.1,CE0
QWT41333.1,PL9
UHZ82499.1,CE0
QKD61899.1,PL9
UCP81694.1,PL9
QTL51161.1,PL9
AEY65179.1,CE0
AJG91174.1,PL9
UZT25502.1,CE0
WAZ20874.1,PL9
QWB28750.1,PL9
QDV56438.1,CE0
QYN37501.1,CE0
AVP28296.1,CE0
VEA83965.1,CE0
AOX54380.1,CE0
USP07308.1,PL9
QJP76512.1,CE0
UVQ07752.1,PL9
UVV86839.1,PL9
QDC95185.1,PL9
AYN37951.1,PL9
APK87357.1,CE0
UUA12202.1,PL9
QOG94639.1,PL9
UQC88383.1,PL9
QDV17452.1,CE0
UVP81809.1,PL9
QRN31773.1,PL9
QTU60495.1,CE0
CAJ23955.1,PL9
UNK72853.1,PL9
SCG56773.1,CE0
CCA76167.1,PL9
QAW47551.1,PL9
QDJ72933.1,CE0
ABF50860.1,CE0
QEK53061.1,PL9
QEU65227.1,PL9
UZT08605.1,PL9
UVF02306.1,PL9
ACT15273.1,PL9
AZO71439.1,CE0
BDA67779.1,CE0
AHZ54603.1,PL9
ASK74738.1,PL9
QKW53777.1,CE0
AEI64960.1,PL9
ACW01965.1,CE0
WBB81437.1,CE0
UHC77230.1,PL9
QBZ98890.1,PL9
UWN77244.1,CE0
AVN11692.1,CE0
UJW82753.1,CE0
AWO33373.1,CE0
QXJ48920.1,PL9
API01447.1,CE0
QAS22229.1,PL9
APK14018.1,CE0
AFC62619.1,PL9
NP_827554.1,PL9
WBC08788.1,PL9
AEK41841.1,CE0
QRQ60217.1,CE0
AOA56428.1,PL9
VZZ91178.1,CE0
UVQ76746.1,PL9
QQY40420.1,CE0
AUJ70452.1,CE0
QKN70467.1,PL9
AMW99046.1,PL9
QII45549.1,CE0
QOG91975.1,PL9
QID51704.1,PL9
UMR35703.1,PL9
QSF48012.1,CE0
ALA53838.1,PL9
QDG53917.1,PL9
SOE21507.1,CE0
AAA24850.1,PL9
CDF63691.1,PL9
QAV00821.1,CE0
UVR93470.1,PL9
UVP64760.1,CE0
QGY15426.1,CE0
AZO51582.1,CE0
AXG57411.1,PL9
QNP66341.1,PL9
ASI37607.1,PL9
QIE20071.1,PL9
QDF53901.1,PL9
AYE45420.1,CE0
AAZ34634.1,PL9
USL44130.1,PL9
QJT00110.1,CE0
API40567.1,CE0
UOZ21186.1,CE0
QGT57400.1,PL9
QOL38803.1,CE0
CAD71736.1,CE0
UPA26214.1,CE0
UQS64331.1,CE0
URZ13550.1,PL9
UUE60176.1,PL9
QHQ48395.1,PL9
AXY39335.1,PL9
QOE02956.1,CE0
AGT83923.1,CE0
AKJ29882.1,PL9
UJX10946.1,PL9
QRW08158.1,CE0
UVO84432.1,CE0
UDQ77599.1,PL9
SCF32488.1,PL9
AGQ97168.1,PL9
UVP11745.1,PL9
QDO49384.1,PL9
QDT85856.1,PL9
QCY24700.1,PL9
QTH51378.1,PL9
ADL50643.1,PL9
USY61097.1,PL9
QER63668.1,CE0
UQB81856.1,PL9
UPK48497.1,PL9
BAG17214.1,CE0
QEM18080.1,CE0
UVQ96973.1,PL9
WBB77104.1,CE0
WBB82956.1,CE0
BDP32895.1,PL9
QOV39185.1,PL9
QDT98535.1,CE0
SCF30166.1,CE0
ALX08313.1,CE0
QQR43509.1,PL9
AZK62622.1,PL9
WAG62441.1,PL9
QDL73563.1,PL9
AID77340.1,PL9
QYM92987.1,PL9
QHG45255.1,CE0
AWF51040.1,PL9
UQB32483.1,PL9
ABX41986.1,PL9
AOZ98790.1,PL9
AEY65169.1,CE0
AJH25531.1,PL9
ATL41072.1,PL9
QQK70401.1,PL9
QEW35572.1,PL9
ARM29355.1,PL9
QOL15158.1,PL9
AUS17457.1,PL9
WAI79049.1,CE0
UZS75165.1,PL9
URZ10335.1,PL9
UPX19923.1,CE0
QSY50603.1,CE0
QDT98118.1,CE0
ADU29695.1,CE0
CAH8871673.1,CE0
AEI34798.1,PL9
ANV76061.1,CE0
QOH21227.1,PL9
USD82665.1,PL9
QDV16233.1,CE0
NP_348588.1,PL9
AVT59041.1,PL9
UQA74234.1,PL9
QCW34759.1,CE0
UPV82536.1,PL9
QDM68728.1,CE0
QPG22063.1,PL9
QSS47709.1,CE0
AXB43314.1,PL9
AHI04803.1,PL9
QWA51081.1,PL9
QVK33143.1,PL9
QWN35418.1,PL9
QDE99929.1,PL9
QTL90532.1,PL9
AVU57436.1,CE0
QFH54660.1,CE0
AUY95448.1,CE0
ADE82678.1,CE0
ANC32005.1,PL9
WBD77487.1,PL9
WBB52493.1,PL9
UWH07401.1,PL9
ACX90250.1,PL9
ACB77364.1,CE0
ASV02442.1,PL9
WBC22534.1,PL9
QYE30342.1,PL9
AEK46523.1,PL9
AUG81844.1,CE0
AFQ59498.1,PL9
BCS85044.1,PL9
QJR79100.1,CE0
AYO65408.1,CE0
SDT80852.1,PL9
AQY27723.1,PL9
BBJ93363.1,CE0
AMH24388.1,CE0
QQQ29191.1,CE0
QKV71589.1,PL9
UEJ82069.1,CE0
UNI18483.1,CE0
ALX97327.1,PL9
ATS45190.1,PL9
WBD43997.1,CE0
BBW26569.1,CE0
ASL00368.1,PL9
BAC74093.1,PL9
ALC82323.1,PL9
UOB66285.1,PL9
QCN62427.1,CE0
UKK69922.1,CE0
QBI52782.1,CE0
ATZ57303.1,CE0
UXA20562.1,CE0
QFV78626.1,CE0
UVD97593.1,PL9
AOD13722.1,PL9
AVI30285.1,PL9
APK45510.1,CE0
ARV37564.1,CE0
QDT53705.1,PL9
AXF66871.1,PL9
QVY65580.1,CE0
AGE48476.1,CE0
WAG66252.1,PL9
UMY54716.1,PL9
QEM15355.1,PL9
BBW30847.1,CE0
ANV77628.1,PL9
QOX70363.1,CE0
BAL45992.1,PL9
AIQ52882.1,PL9
QCJ07648.1,PL9
AUS39993.1,CE0
QTB25423.1,PL9
CAH8646277.1,CE0
UYU94918.1,PL9
SLL99358.1,CE0
UNE77971.1,PL9
UKK57239.1,CE0
UQQ43650.1,CE0
BCN99445.1,CE0
CAG77405.1,PL9
UEX82615.1,CE0
QEO97373.1,PL9
ARR41831.1,CE0
ARP68374.1,CE0
QDM47851.1,PL9
QMU29375.1,CE0
SCD20825.1,CE0
WBQ01499.1,PL9
AUY85103.1,CE0
QNK45277.1,PL9
QQQ24706.1,PL9
AUQ25362.1,PL9
BBR61266.1,PL9
AAY35910.1,PL9
VEB82906.1,PL9
AMR10481.1,PL9
QSI95346.1,PL9
AQZ19222.1,CE0
ASI58362.1,PL9
QUE52576.1,PL9
AYO72857.1,CE0
ADG10723.1,CE0
QSD22806.1,PL9
AYP03842.1,CE0
AXG16565.1,CE0
QCM57376.1,CE0
UTX58507.1,PL9
AGX43075.1,PL9
WBB51235.1,CE0
ARC20548.1,PL9
UVQ61506.1,PL9
CAH3792083.1,PL9
QNP68820.1,CE0
UTL78794.1,CE0
QDY08221.1,CE0
ATC65549.1,CE0
QLX76008.1,PL9
UMB75353.1,PL9
AEN74282.1,PL9
AQW76368.1,CE0
QPM78609.1,PL9
CAH8627946.1,CE0
QBO13848.1,PL9
QSG99718.1,CE0
URJ43173.1,PL9
APJ95544.1,CE0
QYM82242.1,PL9
AEE52240.1,CE0
QHF69969.1,CE0
AAK81317.1,PL9
QGK73841.1,CE0
AAK79928.1,PL9
WAO88967.1,CE0
QBO06279.1,PL9
QVJ81037.1,CE0
AGC42846.1,CE0
AMQ56781.1,CE0
QDJ71171.1,CE0
UPQ71711.1,PL9
ARC73666.1,PL9
QIM05615.1,CE0
QPL60595.1,PL9
UVQ71716.1,PL9
AJQ83305.1,PL9
QPK55221.1,PL9
QHV98520.1,CE0
UUE53495.1,PL9
UVP49056.1,CE0
ASA60319.1,CE0
ACR72246.1,PL9
QKI00167.1,PL9
UYB42817.1,CE0
QAA19010.1,PL9
QZY36907.1,PL9
ATB11264.1,CE0
CAN90954.1,PL9
UFN20723.1,PL9
QCD72584.1,CE0
AYH23070.1,PL9
ABX42257.1,PL9
BBK78741.1,PL9
USH04805.1,CE0
QGQ20698.1,CE0
ANK35216.1,CE0
ANX09835.1,PL9
QIR73981.1,PL9
AMX31957.1,CE0
XP_003717525.1,CE0
ACD58928.1,PL9
AUP78509.1,CE0
QPG99528.1,CE0
AWL06441.1,PL9
QFY03559.1,PL9
ADK54828.1,CE0
ALO99878.1,CE0
AUG96459.1,CE0
AMV17044.1,CE0
QJR57812.1,CE0
QWB21651.1,PL9
QHJ64498.1,CE0
BAL61806.1,PL9
UPR13789.1,PL9
QQD80803.1,CE0
UEQ23415.1,PL9
ADL43124.1,CE0
QGQ21222.1,CE0
QEG41661.1,CE0
CAD0299049.1,PL9
AWR75771.1,CE0
WAM27937.1,CE0
QBO17640.1,PL9
BAV13165.1,PL9
AVT28312.1,PL9
QNQ22585.1,PL9
QAW55769.1,PL9
QSD19558.1,PL9
UWN78790.1,PL9
QUT27398.1,PL9
QJP14830.1,PL9
ACS45847.1,CE0
UWY27679.1,CE0
QGU85761.1,PL9
QGT93572.1,PL9
ADL25843.1,PL9
AQV22334.1,CE0
QWT40645.1,PL9
BBP30310.1,CE0
AYC51704.1,PL9
QDV29225.1,PL9
UKS54675.1,PL9
UOQ83449.1,PL9
UUR70954.1,CE0
WAG46935.1,PL9
APK09074.1,CE0
VEE23295.1,PL9
UZB06210.1,PL9
QJD94164.1,CE0
QEX99437.1,PL9
QKS06282.1,PL9
SDT14961.1,CE0
QCD41145.1,CE0
QCL33723.1,CE0
BCZ45681.1,PL9
AGJ58352.1,PL9
UQC79481.1,CE0
AXO35042.1,PL9
AER82908.1,PL9
UDG02592.1,CE0
AXY71769.1,PL9
QCV91237.1,CE0
UZN34336.1,PL9
UWP47045.1,CE0
ARZ83304.1,CE0
AXZ80078.1,CE0
WAU83251.1,PL9
WAT10583.1,PL9
QJC42740.1,CE0
APJ62907.1,CE0
UVR05074.1,CE0
USS66872.1,CE0
AHW60353.1,CE0
BCQ32743.1,PL9
UVP60743.1,PL9
QBN98821.1,PL9
NP_813094.1,PL9
USP72941.1,CE0
QHR28410.1,CE0
UTL74550.1,CE0
UCZ70766.1,PL9
ULI53637.1,CE0
ARW40721.1,PL9
QQQ90476.1,CE0
QUT59621.1,CE0
BCS11519.1,CE0
QQJ92886.1,PL9
UVD82604.1,CE0
QTO61158.1,PL9
QCZ85174.1,PL9
ABF87771.1,CE0
CCA77292.1,CE0
URZ01870.1,PL9
AFR05640.1,PL9
URJ39454.1,PL9
AFU18128.1,PL9
QGI19494.1,PL9
CAJ19122.1,CE0
QJG26231.1,CE0
QOG85325.1,PL9
QIK55492.1,CE0
QDO19302.1,PL9
QEM10570.1,CE0
QNP68058.1,CE0
QOG89315.1,PL9
QDE88748.1,CE0
QJP46107.1,PL9
USR60038.1,PL9
QQH07526.1,CE0
AUA42124.1,CE0
BAK28435.1,PL9
VTR95132.1,CE0
SDJ46258.1,PL9
ASC82615.1,PL9
AIM34989.1,PL9
VEC14123.1,CE0
QDH21464.1,PL9
UUI40756.1,CE0
QAR58423.1,PL9
ATO81950.1,CE0
QEQ44636.1,CE0
QRV84417.1,CE0
QZG78597.1,PL9
UCB41851.1,CE0
UWZ58482.1,CE0
QUX26126.1,PL9
ALX09629.1,CE0
UJL31813.1,CE0
UYZ38433.1,PL9
CBL17231.1,CE0
QDP89898.1,PL9
QTU58863.1,CE0
AZS56421.1,PL9
UWN93444.1,CE0
UFS50996.1,PL9
QCQ56204.1,CE0
BCT18590.1,CE0
ADI04972.1,PL9
QCD04887.1,CE0
QGR51900.1,CE0
QFH35615.1,CE0
ABX43277.1,PL9
AVR00892.1,PL9
QXD14458.1,PL9
VDY79561.1,CE0
ATB16458.1,CE0
ASC01211.1,PL9
WAW98435.1,PL9
BAC74089.1,PL9
QKO20284.1,PL9
AVX15890.1,PL9
AYA09531.1,PL9
AUJ60372.1,PL9
ASW23299.1,CE0
QRD91240.1,CE0
WAG46934.1,PL9
QDV70991.1,CE0
QXU50969.1,CE0
APG20619.1,PL9
AHZ17533.1,PL9
AOC92618.1,PL9
ASO91020.1,CE0
AYH19293.1,PL9
BDU26165.1,CE0
AVN36881.1,CE0
AUT89700.1,PL9
QQT27396.1,CE0
QWC23644.1,CE0
UVR80905.1,CE0
USA57267.1,CE0
UVS14872.1,PL9
QEO94990.1,CE0
UVR28332.1,CE0
AVM59063.1,CE0
BBP37813.1,CE0
ASZ10095.1,CE0
UPV86469.1,PL9
QEI92893.1,CE0
QTE59904.1,PL9
BAB50208.1,CE0
ASS63179.1,PL9
BBE16001.1,CE0
QHL84788.1,CE0
ANP34733.1,CE0
AOT77822.1,PL9
APJ80480.1,CE0
QHV94718.1,CE0
QCA22595.1,CE0
QDV15325.1,CE0
AZO39537.1,CE0
UML63412.1,PL9
QCN85135.1,PL9
AND21866.1,CE0
UZB10455.1,PL9
QDS90544.1,CE0
QVI83089.1,PL9
UQZ94726.1,PL9
WBD80334.1,CE0
UOQ49844.1,PL9
AQR94279.1,PL9
QSQ00438.1,PL9
CBG71419.1,PL9
QXX29497.1,PL9
UCP91891.1,PL9
QHR52380.1,CE0
QUG46936.1,PL9
APQ60488.1,PL9
ASM64702.1,PL9
UFK39466.1,PL9
AHJ95486.1,CE0
QDU03322.1,CE0
QGI32505.1,PL9
QIZ55222.1,CE0
BCE14754.1,PL9
UVR31895.1,CE0
UAN34744.1,CE0
AUU33652.1,CE0
AYQ49990.1,PL9
ACL75588.1,CE0
QJY92717.1,CE0
QHH06320.1,PL9
UXO87931.1,PL9
QFG84526.1,CE0
AOM29514.1,PL9
EAA61410.1,CE0
QDT43209.1,CE0
UTL72323.1,PL9
QFH67306.1,PL9
AMS49213.1,PL9
QBA55169.1,CE0
ATW99539.1,CE0
ATC50853.1,PL9
AXE70606.1,CE0
AXY47816.1,PL9
UMV31602.1,CE0
CCO59901.1,CE0
AZU28210.1,PL9
URZ05294.1,PL9
UYI16120.1,CE0
QVJ82151.1,CE0
UVO76514.1,CE0
AWK47716.1,PL9
VED92541.1,PL9
CAD7726161.1,PL9
AYH05547.1,PL9
ATS53723.1,PL9
SCE74176.1,CE0
QTE60630.1,PL9
AEO66483.1,CE0
ASP24204.1,PL9
ADF51370.1,CE0
ARI76505.1,CE0
UOF81082.1,PL9
AFH59501.1,PL9
SLM65220.1,PL9
QVH53003.1,PL9
QKO18089.1,PL9
UOZ20128.1,CE0
QFZ17332.1,CE0
UPI91798.1,PL9
UBZ12997.1,CE0
USS69955.1,CE0
QUT42065.1,PL9
QEG53197.1,CE0
UMU67741.1,CE0
AVU68459.1,CE0
QEP76668.1,CE0
AIE67874.1,PL9
QHQ08361.1,CE0
ABA65775.1,CE0
AGF58155.1,PL9
UMV40619.1,CE0
UCJ06952.1,CE0
APT04613.1,CE0
WBB89890.1,PL9
AMF89100.1,CE0
AZO94352.1,PL9
UYO03141.1,CE0
AKJ56876.1,PL9
QBO39635.1,CE0
ATP57370.1,PL9
QPK24226.1,PL9
VTS99741.1,PL9
QIE67902.1,CE0
CDS06616.1,CE0
QDO45335.1,PL9
UAY44280.1,PL9
AWO20140.1,CE0
ADL52345.1,PL9
QDO49389.1,PL9
QPK57964.1,PL9
UNG03499.1,CE0
UUA04577.1,PL9
QRA85417.1,PL9
QGI28528.1,PL9
EGX51447.1,CE0
AVM57872.1,CE0
QVI72969.1,PL9
QAT65917.1,PL9
ASZ49107.1,PL9
QDT28256.1,PL9
UTA68641.1,CE0
QJD95041.1,CE0
QHM13777.1,PL9
AEW22711.1,CE0
QKP97595.1,CE0
UCT06942.1,CE0
UAL26964.1,PL9
QNK63500.1,CE0
QEJ52138.1,CE0
QQH02453.1,CE0
QEQ04967.1,PL9
QCJ08353.1,PL9
ULF64246.1,PL9
UVS26518.1,CE0
WBQ38753.1,PL9
AQR94157.1,CE0
QPZ42815.1,PL9
ART45856.1,CE0
VCV24180.1,CE0
AWV09425.1,CE0
APB83754.1,PL9
UBD12948.1,CE0
ANB19106.1,CE0
CCT75620.1,PL9
QAZ93884.1,CE0
UOB11509.1,PL9
UKZ86526.1,CE0
QHM71761.1,PL9
BBD44994.1,CE0
AAC77265.1,CE0
QDU20441.1,CE0
QDO29423.1,PL9
AIC42127.1,PL9
AFK05656.1,CE0
UVF22154.1,PL9
QMV06202.1,PL9
AIC94351.1,PL9
AKJ29904.1,PL9
AYD39807.1,PL9
UYK99454.1,CE0
QRB05336.1,CE0
SMR00973.1,PL9
AGS74428.1,PL9
ADN44891.1,PL9
QEG36442.1,PL9
AJQ93105.1,CE0
UUA85191.1,CE0
UWO03603.1,CE0
QGI73789.1,PL9
URL29144.1,CE0
ANK51626.1,CE0
UVQ97054.1,PL9
AUY72295.1,CE0
ANH70231.1,PL9
QKO09466.1,PL9
QSW14531.1,PL9
QGY47352.1,CE0
UJT49543.1,PL9
ANH03584.1,CE0
QDZ57617.1,CE0
QGI02467.1,PL9
QDV45682.1,CE0
QTK97571.1,PL9
QJG53846.1,CE0
QNE76373.1,PL9
AOD17115.1,PL9
ATO83152.1,CE0
AGC45345.1,CE0
QET85023.1,PL9
QBR20242.1,PL9
QPM03269.1,CE0
ATS66014.1,PL9
QEJ64052.1,CE0
AZH29640.1,PL9
UPK97767.1,CE0
UUE61906.1,PL9
QCQ33880.1,CE0
QWA90868.1,PL9
ASB63500.1,PL9
UVF18432.1,CE0
ASR45407.1,CE0
QUM64691.1,PL9
APQ62066.1,PL9
QFQ28483.1,PL9
ATM84395.1,CE0
AYC43066.1,CE0
UCI34541.1,CE0
UZQ69459.1,CE0
AYJ32776.1,CE0
AWJ07413.1,CE0
UJO20274.1,CE0
AAW99109.1,PL9
QOS80477.1,PL9
CBK67956.1,CE0
QDL80943.1,PL9
UVR93481.1,PL9
UVP44640.1,CE0
QHW56923.1,CE0
BDI75052.1,CE0
UWZ87411.1,CE0
UAY94947.1,PL9
UKZ53227.1,CE0
UPT54084.1,PL9
BCJ72481.1,PL9
ANK11569.1,CE0
QAV86042.1,PL9
QQQ06347.1,PL9
UVV81847.1,CE0
QPC63584.1,CE0
UKZ09962.1,CE0
BAE48157.1,CE0
ARA10052.1,CE0
AOS10853.1,PL9
QTG93979.1,PL9
CAH0720009.1,CE0
CAE7186686.1,CE0
ATG79694.1,CE0
UVR92868.1,CE0
ATY29861.1,PL9
AXE90317.1,PL9
BCT96725.1,PL9
AVL04643.1,PL9
AEB44756.1,CE0
QHM87457.1,PL9
QJU44567.1,PL9
UWP62314.1,CE0
UKK78231.1,CE0
QLA66789.1,CE0
AOR94441.1,PL9
QPI47999.1,PL9
UXP32252.1,PL9
QHF86395.1,CE0
QIG30984.1,PL9
USX53562.1,PL9
ZP_03013474.1,CE0
UEG58780.1,CE0
QDV20727.1,CE0
AXV13984.1,CE0
QMV68041.1,CE0
QDU21459.1,CE0
ULC59034.1,CE0
QUC61108.1,PL9
ALS19187.1,PL9
QDT34677.1,CE0
QRW21466.1,PL9
QJE01976.1,PL9
QLO55071.1,PL9
UIR17295.1,PL9
ACY53600.1,PL9
UMV48408.1,PL9
BAR47645.1,CE0
AXS62378.1,PL9
QEC79694.1,PL9
AKU56549.1,PL9
WAG51068.1,CE0
AEI98454.1,CE0
QEJ03235.1,CE0
UOY38831.1,CE0
BCG96512.1,CE0
SQG80055.1,PL9
QDU74158.1,PL9
UZT12708.1,CE0
QEJ23384.1,CE0
UVP92370.1,CE0
AVH33736.1,PL9
UUF07210.1,CE0
BAS43604.1,PL9
QNU66652.1,CE0
UBZ02874.1,CE0
UEG53116.1,CE0
QHI90361.1,PL9
AXV63163.1,PL9
QEH70018.1,CE0
AVT28164.1,CE0
ULR54899.1,CE0
QJG04081.1,CE0
ADR35658.1,PL9
UUE45072.1,PL9
CAG23585.1,PL9
QBK10808.1,PL9
AQS14258.1,PL9
QQA29127.1,CE0
UGU16204.1,PL9
AHJ01201.1,PL9
AOV56002.1,CE0
UYO31667.1,PL9
ACY49268.1,PL9
QKE86689.1,PL9
QIE15930.1,PL9
UKK56182.1,PL9
QDO67633.1,CE0
QDM94034.1,CE0
AUB38401.1,CE0
AQY42453.1,PL9
QJW89777.1,CE0
QRF83333.1,PL9
UQC73362.1,CE0
AGB11453.1,PL9
ATM11186.1,CE0
QLO47242.1,CE0
UXO89366.1,CE0
AIW42243.1,PL9
APK71199.1,CE0
AVV69420.1,CE0
AZP23738.1,CE0
BCJ54747.1,CE0
AON61930.1,PL9
CAP67836.1,CE0
ULJ95325.1,CE0
WAG66339.1,PL9
QAS56387.1,PL9
QEH35942.1,CE0
QLU97402.1,CE0
QIP90283.1,PL9
ACZ98649.1,PL9
QRW26348.1,CE0
CCO14638.1,CE0
BAJ65680.1,CE0
QJY96755.1,CE0
ANH83022.1,CE0
CCT61106.1,PL9
QBE65504.1,CE0
QHL97290.1,PL9
QUT90272.1,CE0
AUA48534.1,CE0
AUO35222.1,CE0
UZN03631.1,CE0
USP95088.1,PL9
UVF17599.1,PL9
QNN25394.1,CE0
APL68976.1,CE0
APZ92421.1,CE0
QPI44814.1,PL9
QPA21925.1,PL9
VTS11906.1,PL9
BDD76610.1,PL9
ADZ22427.1,PL9
QEP88625.1,CE0
AZG52644.1,CE0
QAZ82450.1,CE0
QDS95323.1,CE0
QBF85549.1,PL9
UXJ67188.1,PL9
ASB48759.1,CE0
ATX59924.1,CE0
QDU17639.1,CE0
QBK81374.1,PL9
UVP25756.1,CE0
AQA06122.1,CE0
UBE46461.1,CE0
ULQ50929.1,PL9
CAP79838.1,CE0
BBF50890.1,CE0
UZD70219.1,CE0
AIL73263.1,CE0
QDU42105.1,CE0
QBZ34086.1,CE0
AZU77722.1,CE0
AVT38454.1,PL9
ASN36397.1,CE0
QDN62705.1,PL9
QDU01972.1,CE0
UXJ65987.1,CE0
QBR17041.1,PL9
QTE45384.1,CE0
QOG77162.1,PL9
AUI23742.1,PL9
QNP16263.1,PL9
QQV52701.1,CE0
AMR31935.1,CE0
AXQ97528.1,CE0
UVR74797.1,CE0
QRQ49053.1,CE0
WBO61557.1,CE0
UKK66670.1,CE0
QNH43056.1,PL9
SCG39453.1,CE0
UJR08046.1,CE0
UJM27520.1,PL9
QBQ25198.1,CE0
ARK30471.1,PL9
QGU61525.1,CE0
CAZ97661.1,CE0
QNK86233.1,PL9
UMU35475.1,CE0
QSB70437.1,CE0
UBU14932.1,CE0
APE41643.1,PL9
BCE08654.1,PL9
QOH07933.1,PL9
QBG60251.1,CE0
QLT90932.1,PL9
QUW82814.1,PL9
VEC71157.1,CE0
AUD01169.1,CE0
QQD12467.1,CE0
UJR63727.1,PL9
QOV88191.1,CE0
QKH63318.1,PL9
QLN50676.1,PL9
QDN77225.1,PL9
AQT61752.1,CE0
QNP73444.1,PL9
UON45236.1,CE0
UDD54928.1,PL9
ASU57633.1,PL9
UOR06656.1,CE0
ACL28745.1,CE0
APA44816.1,CE0
UOZ15791.1,CE0
AWM49466.1,PL9
BAE63970.1,PL9
QAT59487.1,PL9
UVQ17320.1,CE0
UPM45886.1,CE0
CAA90271.1,CE0
UZN39229.1,PL9
AYK83055.1,PL9
XP_366258.1,CE0
VEC66329.1,CE0
QTQ89717.1,PL9
UYU89518.1,PL9
VDY56552.1,PL9
QRA71163.1,PL9
QNP74751.1,CE0
QOG82599.1,PL9
QDG08155.1,CE0
SLM00559.1,CE0
QPA52915.1,PL9
QOK25492.1,CE0
QMX44056.1,PL9
UUM37582.1,CE0
QSH22660.1,CE0
QLH20644.1,CE0
USD80277.1,CE0
QDX46909.1,CE0
QIB12569.1,PL9
APL16401.1,CE0
QGA33934.1,CE0
UKK81273.1,CE0
ARI46377.1,CE0
QYG89395.1,CE0
ANE74124.1,PL9
AIW35360.1,PL9
QOD36757.1,CE0
UNE89622.1,CE0
UYV00570.1,PL9
AYM72231.1,PL9
UWZ48049.1,PL9
QCH96901.1,CE0
QFS26186.1,PL9
QUT69881.1,PL9
SQI99212.1,PL9
AZI24930.1,CE0
QLD25305.1,PL9
QHM82185.1,PL9
UVQ82221.1,CE0
QHR03428.1,CE0
AGU87586.1,PL9
AJO18379.1,PL9
QCS10197.1,CE0
AFR03183.1,PL9
EAA62480.1,CE0
AWH72107.1,PL9
AJK66932.1,PL9
WBN84934.1,CE0
BAM59738.1,PL9
AOL25674.1,PL9
QDN95558.1,CE0
BAX09587.1,PL9
ADL51369.1,PL9
QOH23889.1,PL9
QGG88853.1,CE0
UYU74280.1,PL9
URN99293.1,PL9
QXO15527.1,PL9
AAN78811.1,PL9
SCG16762.1,CE0
CEI67413.1,CE0
ASK99020.1,PL9
AGT84602.1,CE0
BBK55622.1,CE0
QJB38278.1,CE0
QGI66858.1,CE0
USX19903.1,CE0
SDT25290.1,PL9
UYU89221.1,CE0
QEG15836.1,CE0
APK96715.1,CE0
BDF22919.1,CE0
UVO75620.1,PL9
QYC34413.1,PL9
ASU97167.1,PL9
QAU16583.1,CE0
AXT13969.1,PL9
QJS42117.1,PL9
UPV78769.1,PL9
QHS47987.1,PL9
CUX97959.1,PL9
UYL03210.1,CE0
AOT10412.1,CE0
ADV83427.1,CE0
UXN53909.1,PL9
QDE85766.1,PL9
AQU45367.1,PL9
ADD61495.1,CE0
UOY89687.1,PL9
ANT48609.1,CE0
QYX80991.1,PL9
QFH52156.1,PL9
ASO95757.1,CE0
QPG40647.1,PL9
QMV91014.1,PL9
UGA52876.1,PL9
QDJ68260.1,CE0
AKR12824.1,PL9
QJS75094.1,CE0
QQY40500.1,CE0
QGI40818.1,PL9
QLJ99523.1,CE0
UNL58691.1,CE0
AQW71579.1,PL9
QEJ36391.1,CE0
ASU56852.1,CE0
QJR78975.1,CE0
QHL54071.1,PL9
UTC11462.1,CE0
UYV04789.1,CE0
QOL59420.1,CE0
QHG27832.1,PL9
QPQ22839.1,PL9
QXJ60354.1,CE0
AUZ91890.1,CE0
CAD7726165.1,PL9
QBN90771.1,PL9
UAK21269.1,PL9
QRY36713.1,PL9
ADZ47894.1,CE0
UYU79364.1,CE0
AIE33791.1,PL9
QUT69867.1,PL9
AWS39941.1,CE0
AWI67008.1,CE0
SDR91859.1,PL9
QJB52203.1,CE0
ATX38048.1,CE0
QXZ38769.1,CE0
QGY17730.1,CE0
VDY95747.1,CE0
AFK65394.1,CE0
UVO94252.1,PL9
QAW43503.1,PL9
QRN02623.1,CE0
QQT37157.1,CE0
UKK68353.1,CE0
QZZ27090.1,PL9
QBZ06587.1,CE0
AFK05657.1,CE0
QDT84400.1,CE0
QAS65312.1,PL9
BAC87940.1,PL9
QLO80976.1,PL9
ADU21671.1,PL9
ANN29304.1,CE0
QCV42851.1,PL9
QCC50367.1,PL9
USX53913.1,CE0
QEM02736.1,PL9
AVB09225.1,PL9
AIE37657.1,PL9
AEB43857.1,CE0
ASA67604.1,CE0
QLT12114.1,PL9
AVM06627.1,CE0
QZZ25192.1,CE0
UUU21106.1,PL9
QHQ23870.1,PL9
AGF58686.1,PL9
UWZ48738.1,CE0
AZV35805.1,PL9
QHW83417.1,CE0
QDQ76583.1,CE0
AWN72114.1,CE0
UVP18160.1,CE0
AEM84377.1,PL9
BAV13166.1,PL9
QLH20999.1,PL9
QIU94514.1,CE0
QPG18132.1,CE0
QYS93131.1,CE0
AXG52464.1,CE0
QPQ15169.1,PL9
UXC32306.1,PL9
UQA59859.1,PL9
WAM25296.1,PL9
QPC79577.1,CE0
BCZ61829.1,CE0
ATD74621.1,PL9
QRB37419.1,PL9
QTE36961.1,CE0
UJR59096.1,PL9
QNQ26749.1,CE0
QDT46596.1,CE0
QHG55112.1,CE0
QMW35262.1,CE0
QEC76966.1,CE0
ATZ40795.1,CE0
QHM80604.1,PL9
USX18706.1,PL9
UKK55941.1,CE0
QRN35887.1,PL9
AOS63294.1,PL9
ADM39626.1,PL9
SCM59684.1,CE0
ANX00231.1,PL9
BCZ45694.1,PL9
QPD67956.1,CE0
QFW01503.1,CE0
QQE37291.1,CE0
ADZ22853.1,CE0
QEL82660.1,PL9
ADU07592.1,CE0
UQZ36977.1,PL9
QQA08270.1,CE0
QWC68714.1,CE0
ATC19081.1,CE0
UUE40730.1,PL9
UZP45216.1,CE0
QKI52801.1,CE0
AXH18660.1,PL9
QDN14802.1,CE0
AWA92397.1,PL9
QGQ30895.1,CE0
QEH32717.1,CE0
QVI65666.1,CE0
SCF09554.1,CE0
UNL94388.1,PL9
QTE38958.1,CE0
ALJ60154.1,CE0
QTU49086.1,CE0
UWZ89447.1,CE0
UVV60687.1,PL9
URZ08519.1,PL9
ANS77284.1,PL9
AXM36205.1,PL9
APS38648.1,CE0
UGA49675.1,PL9
QZZ25148.1,CE0
AVW97938.1,PL9
QTU51095.1,PL9
APK05092.1,PL9
AIS01329.1,CE0
AWN40540.1,PL9
BDC08375.1,PL9
UKZ97189.1,CE0
AXG70945.1,PL9
AKN71570.1,PL9
UOB13767.1,PL9
QTQ88044.1,PL9
ATI08901.1,CE0
WBB89026.1,PL9
QTU65177.1,CE0
UVQ00719.1,CE0
URE96986.1,CE0
VFQ39368.1,CE0
APT21798.1,PL9
UUE49291.1,PL9
AOS69740.1,PL9
BDC04269.1,PL9
VTP83786.1,PL9
APB03608.1,PL9
UTO62959.1,CE0
NP_631284.1,PL9
AFN34870.1,PL9
UVQ43980.1,PL9
CCA72185.1,CE0
AEB65186.1,PL9
ATP26611.1,CE0
QPM21133.1,CE0
QCU20833.1,PL9
QOI07625.1,PL9
QWQ27900.1,PL9
UOR00016.1,CE0
UYQ65597.1,PL9
BAV13167.1,PL9
AYF28760.1,CE0
QNE51355.1,PL9
ARA20280.1,CE0
QAT47656.1,PL9
AMQ06518.1,PL9
WAI60877.1,CE0
QDV75811.1,CE0
WBC09392.1,CE0
SMB34944.1,CE0
QLE37449.1,PL9
UYU70595.1,PL9
UIZ76361.1,PL9
AFM72775.1,PL9
AMM90817.1,PL9
QFY07468.1,CE0
QQW41174.1,CE0
QHK62988.1,PL9
QIY76185.1,PL9
BBS98982.1,PL9
UYX55632.1,PL9
CAL56899.1,CE0
QUT89806.1,CE0
BAD71825.1,CE0
QPG17379.1,PL9
QDU97733.1,CE0
UAC00899.1,CE0
QLI44935.1,CE0
AXM21088.1,PL9
ARJ76589.1,PL9
UVP30591.1,PL9
QDV14561.1,CE0
QFX11413.1,CE0
QCM40917.1,CE0
AJR18367.1,CE0
AYH47991.1,PL9
QIZ00806.1,PL9
URM22951.1,PL9
QDR66047.1,PL9
UUF14270.1,PL9
QCE19904.1,PL9
QDN95522.1,CE0
BDD61699.1,CE0
AOK89169.1,PL9
UII28767.1,PL9
QEY48990.1,CE0
BBJ54622.1,PL9
AIU90325.1,PL9
QSD38631.1,PL9
WAZ23315.1,PL9
QZU80310.1,CE0
UJR54980.1,PL9
ATY92927.1,PL9
QHW90393.1,CE0
QGI68339.1,PL9
ALS04387.1,CE0
SDS38476.1,CE0
UEG49392.1,PL9
WBL30042.1,CE0
QKO10216.1,PL9
URD49815.1,CE0
QKD62224.1,CE0
AOR05753.1,CE0
QUT78598.1,CE0
QDC32122.1,CE0
AMO21028.1,PL9
UCZ81355.1,PL9
QHQ83142.1,PL9
QHN44026.1,CE0
ATP40263.1,PL9
UEG52270.1,CE0
AXQ18555.1,CE0
AQR96842.1,PL9
QFI34099.1,CE0
AYH36315.1,PL9
QLK24025.1,PL9
QGV10482.1,PL9
ARH99970.1,CE0
QGR12460.1,CE0
QOE00040.1,PL9
QGU65808.1,CE0
QAA30980.1,PL9
APE70685.1,CE0
QDV29582.1,CE0
AMP33469.1,PL9
ALC19479.1,PL9
AZO19930.1,CE0
UFS48705.1,PL9
QMW46983.1,CE0
QHR33986.1,CE0
QUF85207.1,PL9
UYU64501.1,PL9
CAD7713457.1,PL9
AGL16788.1,CE0
QEG36438.1,CE0
QEF65118.1,CE0
VDY90412.1,CE0
WBL49431.1,PL9
QQD05463.1,PL9
QXO15536.1,PL9
QOV32319.1,PL9
AGA21687.1,PL9
QDN86918.1,PL9
UAY96322.1,PL9
QDH99436.1,CE0
ATM07934.1,PL9
ULR33071.1,PL9
APL01500.1,CE0
AZU32599.1,PL9
WAU86295.1,CE0
AMA62681.1,PL9
UWS62803.1,PL9
QRM99006.1,CE0
UVV54701.1,PL9
UYV00103.1,CE0
BCS17295.1,CE0
QFY11105.1,PL9
AXR02681.1,CE0
QBF48605.1,PL9
SDT60488.1,PL9
BCG11467.1,PL9
UVQ76758.1,PL9
CBL10138.1,CE0
EAA60916.1,CE0
QDV42832.1,PL9
BBL44736.1,CE0
QYL20433.1,CE0
QIE64121.1,CE0
QUF03797.1,PL9
QAW01994.1,PL9
ALU45384.1,CE0
AWV82362.1,CE0
AUN41163.1,CE0
QPL91471.1,CE0
QNR11117.1,CE0
AZA49355.1,CE0
CUH92938.1,CE0
QHB68983.1,CE0
QQD65452.1,PL9
AZZ29498.1,CE0
QNP73443.1,PL9
UYU61134.1,PL9
APL63436.1,CE0
QVV62135.1,PL9
QQM44193.1,PL9
QNU66122.1,PL9
UPV81135.1,CE0
QBP04639.1,CE0
BDC09234.1,CE0
BAJ10857.1,CE0
CCA71582.1,CE0
QLY64984.1,CE0
QZZ30351.1,CE0
QJC90420.1,PL9
APG33802.1,CE0
APB68912.1,CE0
AWM45676.1,PL9
QGL28594.1,CE0
URZ17441.1,PL9
QIR99355.1,PL9
QKS60057.1,PL9
AQV54855.1,CE0
QMW85982.1,CE0
AHL89022.1,PL9
AHW58806.1,CE0
QRD81454.1,PL9
QRZ91513.1,CE0
AYH29885.1,PL9
UUI59109.1,PL9
UWA76929.1,CE0
AEO59736.1,CE0
UWN84390.1,CE0
APZ46070.1,PL9
AZK64875.1,PL9
QKI00169.1,PL9
AKG46850.1,CE0
WAG65500.1,PL9
AVT60998.1,PL9
UII31811.1,PL9
AYH01281.1,PL9
AOX60609.1,CE0
QQK72442.1,PL9
QNL46728.1,CE0
ADZ22838.1,PL9
WBM70671.1,PL9
QNR21133.1,PL9
AVM25873.1,PL9
UVR54568.1,CE0
AUX42674.1,PL9
QBQ24036.1,CE0
WAG62314.1,PL9
QDU50465.1,CE0
QDR62275.1,CE0
SCF32826.1,PL9
AUI26717.1,PL9
SDR91773.1,PL9
QRN34274.1,PL9
UAN55855.1,PL9
AXT77990.1,CE0
AYV69981.1,PL9
QCR49288.1,PL9
QPZ44269.1,CE0
QZT58056.1,CE0
QEV93049.1,PL9
QDW07372.1,PL9
AIF26586.1,CE0
ANY36298.1,PL9
QGF35688.1,CE0
QJC43511.1,PL9
ALV31440.1,CE0
QPM88386.1,PL9
AXA11866.1,CE0
QCZ89576.1,PL9
UTB98667.1,CE0
QCH69970.1,CE0
ASB95201.1,PL9
QEU64513.1,CE0
QZZ26328.1,CE0
QCV35799.1,CE0
AUN36309.1,CE0
QEL29706.1,CE0
QKW13903.1,CE0
APK36924.1,PL9
UPY93474.1,PL9
UUE36357.1,PL9
QUC58776.1,CE0
QEJ61504.1,CE0
UOO22472.1,PL9
AKQ63746.1,PL9
APQ51184.1,PL9
APJ75749.1,CE0
QCD36781.1,CE0
UJR60444.1,PL9
VED29880.1,CE0
ANZ11671.1,PL9
CAG9866746.1,PL9
QHK02030.1,PL9
ACU02566.1,CE0
UQC87654.1,CE0
VEI92472.1,PL9
UUA75835.1,CE0
ARM43288.1,CE0
BBV86515.1,CE0
QUT32423.1,CE0
WBB76092.1,PL9
UVS53412.1,PL9
UDB52257.1,PL9
UOO42957.1,CE0
QHI92761.1,CE0
AUO19771.1,PL9
AMG02494.1,CE0
QOG99956.1,PL9
UJV44475.1,PL9
QEF98296.1,PL9
QJX78166.1,PL9
UAM97150.1,CE0
AUH00726.1,PL9
QGU65158.1,CE0
QBO95438.1,CE0
UBS41655.1,CE0
QHW59487.1,CE0
APL07600.1,CE0
APF18433.1,PL9
AXG57414.1,PL9
QAW34985.1,PL9
SJX63875.1,CE0
QUM59176.1,PL9
QEE90306.1,CE0
QDU81102.1,CE0
CAD7240096.1,CE0
AIW38963.1,PL9
QBO02054.1,PL9
QUL52126.1,PL9
QHM18901.1,PL9
AJF85503.1,PL9
AGE65250.1,PL9
QJI88991.1,CE0
AOL09507.1,CE0
QHN00613.1,CE0
AZM49705.1,CE0
QGW19251.1,PL9
CCK31006.1,PL9
CBL13365.1,CE0
QVX14104.1,PL9
ARA85869.1,PL9
UFN31398.1,PL9
QUN08353.1,CE0
UNE77972.1,PL9
UUU28328.1,CE0
QDF79359.1,PL9
QHF06706.1,PL9
ALJ58617.1,CE0
QHR51585.1,CE0
QDA51700.1,PL9
QGU73521.1,CE0
QJZ04111.1,CE0
QHW34782.1,PL9
QCN39673.1,CE0
UFN05263.1,PL9
UVR84988.1,CE0
UOX93019.1,CE0
QIO74545.1,CE0
QDM04450.1,CE0
QGL43437.1,CE0
CBG75160.1,PL9
QIF25403.1,CE0
UOG39146.1,CE0
QCM25241.1,CE0
QHU86684.1,PL9
ABD82203.1,PL9
UNB54051.1,CE0
AKH85743.1,CE0
AOV46002.1,CE0
WAH62385.1,PL9
QLQ36362.1,PL9
QOV77337.1,CE0
ANV74320.1,PL9
VEC45356.1,CE0
BDF72685.1,CE0
QHM03084.1,PL9
CCA73290.1,CE0
ULR49771.1,PL9
QOH67804.1,PL9
UII28614.1,PL9
BDE88250.1,CE0
QUE94953.1,PL9
WBL38113.1,CE0
QDL75139.1,PL9
UVP13807.1,CE0
UEG48895.1,PL9
ACL77751.1,CE0
AWO26883.1,CE0
QCY64674.1,PL9
QJF88737.1,CE0
QEI97204.1,CE0
ARX24454.1,CE0
UWZ83728.1,CE0
AUQ27389.1,PL9
UVP30580.1,PL9
UFI45858.1,PL9
AUO59988.1,CE0
AMW09714.1,PL9
AZN43053.1,PL9
BBH63877.1,PL9
ATH74122.1,PL9
BDI73828.1,CE0
AYQ60810.1,PL9
UVV82347.1,PL9
UZK57385.1,PL9
QKV73339.1,CE0
QGL48138.1,CE0
UUE43342.1,PL9
ADG73161.1,CE0
BAV08865.1,CE0
UBU18110.1,PL9
USQ87592.1,PL9
QDX31861.1,PL9
ASB71799.1,PL9
ARR62729.1,CE0
AMG80367.1,CE0
AOH54728.1,PL9
QEC79486.1,CE0
VEB78121.1,PL9
AYH03628.1,PL9
VEI73210.1,PL9
ULR48763.1,PL9
QDO27403.1,CE0
QLD23366.1,CE0
QDO13804.1,PL9
QEG48029.1,CE0
AOT20231.1,CE0
BCS85270.1,CE0
QMX47006.1,PL9
AWG85553.1,PL9
AOS14998.1,PL9
QEO32152.1,PL9
ACU72485.1,CE0
QEM10864.1,CE0
AWT18556.1,PL9
ADQ41331.1,PL9
QFZ21908.1,CE0
QWI78246.1,PL9
WBA04028.1,CE0
ATS28403.1,PL9
ANG90878.1,PL9
BDE43696.1,PL9
AZO64392.1,CE0
CDZ97456.1,CE0
QWX86238.1,PL9
QPX97465.1,CE0
APL82766.1,CE0
SMB34940.1,CE0
QHW94061.1,CE0
ULJ56913.1,CE0
UWV46574.1,CE0
ULI47481.1,PL9
QJZ08247.1,CE0
QVH57769.1,PL9
QPK15796.1,PL9
BCY09878.1,CE0
QDU89088.1,CE0
QQG28494.1,PL9
UVP26362.1,PL9
AOM79469.1,PL9
WBN06669.1,CE0
APK82536.1,CE0
QMX49898.1,PL9
CEJ79310.1,PL9
QTO64008.1,PL9
AYC43073.1,CE0
QKB24867.1,CE0
AVZ51582.1,CE0
QXY97617.1,PL9
UPV81753.1,CE0
QKN77072.1,PL9
BAR87240.1,PL9
XP_365144.1,CE0
AEY86349.1,CE0
QLL93653.1,PL9
ARZ59751.1,PL9
QHR47831.1,CE0
UQC87916.1,PL9
ASY75307.1,PL9
QQA73766.1,PL9
QGQ27827.1,CE0
AYH25414.1,PL9
AQA11200.1,PL9
QTF60172.1,CE0
UOK62391.1,PL9
ADZ19862.1,PL9
AUC19932.1,PL9
QVH61969.1,PL9
USP94172.1,CE0
QWA25330.1,PL9
QAU96904.1,CE0
AZG54056.1,CE0
QCV09560.1,CE0
BAC97314.1,CE0
QGT84737.1,PL9
QAA91294.1,CE0
UTB94095.1,CE0
UVV61210.1,CE0
AHA79593.1,PL9
AYK65591.1,PL9
URZ18657.1,PL9
ADV44419.1,CE0
QJD45365.1,PL9
QLU59269.1,PL9
QXE03509.1,PL9
QDN77230.1,PL9
QEV26677.1,PL9
QCX91338.1,PL9
QVJ79572.1,CE0
QDN97595.1,PL9
CVH51921.1,PL9
ALX09854.1,PL9
QEO90172.1,CE0
UHY24294.1,CE0
BCJ76246.1,PL9
QOI54865.1,PL9
AZP15246.1,CE0
UAY56939.1,PL9
QIA07887.1,CE0
ATX18870.1,CE0
ATY22139.1,CE0
AKP52624.1,CE0
AKN30821.1,PL9
QYM81423.1,CE0
UWE10007.1,PL9
ALJ44193.1,CE0
QDT48396.1,CE0
UYU84127.1,CE0
QRH15198.1,PL9
AYU78398.1,CE0
AVL11772.1,CE0
AJK37884.1,PL9
QBP01875.1,CE0
QOG24296.1,CE0
QYM77803.1,PL9
UQS28136.1,PL9
AGF60572.1,CE0
UTY55157.1,PL9
QAS09756.1,PL9
ADL45508.1,CE0
QPF27742.1,PL9
QUT56982.1,CE0
APU20685.1,PL9
AUX27140.1,CE0
QBM96436.1,CE0
BBK76501.1,PL9
UQQ32482.1,CE0
AUZ30779.1,PL9
QSQ18310.1,CE0
AOV29877.1,CE0
VEG78418.1,CE0
UII23415.1,PL9
AWZ68714.1,CE0
WAJ17123.1,PL9
WBL27701.1,PL9
QKW65445.1,PL9
QDX97751.1,PL9
UUA76578.1,PL9
UEK94068.1,PL9
ALV02877.1,PL9
BDC05122.1,CE0
ATC64553.1,PL9
AGI30795.1,PL9
BCL13691.1,CE0
QOL28052.1,CE0
ADV83207.1,PL9
BBJ44663.1,PL9
VFA47677.1,PL9
QCS45626.1,PL9
QOL46362.1,CE0
QFQ96391.1,PL9
QCB24363.1,PL9
WAO93400.1,CE0
AOT55594.1,PL9
QDN56806.1,PL9
VDZ03525.1,CE0
QHM08223.1,PL9
QBG10956.1,PL9
ULP28683.1,CE0
QQN78322.1,CE0
UII27141.1,PL9
UVP88167.1,CE0
ADE82670.1,CE0
AXM13543.1,PL9
AVT41696.1,CE0
AQP42752.1,PL9
AIL29995.1,CE0
AOF88238.1,CE0
QQT78798.1,PL9
QIQ98495.1,CE0
NP_241360.1,PL9
UCA45874.1,PL9
QEY47335.1,CE0
UTE76743.1,CE0
CDR11849.1,PL9
ANY70493.1,PL9
ARV49581.1,CE0
BBT90220.1,CE0
WBN06660.1,PL9
QIL40486.1,PL9
AMH33140.1,CE0
BCZ98006.1,CE0
QSZ14020.1,CE0
AYC21187.1,PL9
AGF56046.1,CE0
QTE41132.1,CE0
UZA82408.1,PL9
QEI65260.1,CE0
QOH13250.1,PL9
URZ14458.1,PL9
QUT42080.1,PL9
UVS13700.1,CE0
CAH8607123.1,CE0
QLW92295.1,PL9
QUT35459.1,CE0
BAV05305.1,PL9
QRI64427.1,CE0
ABG60575.1,CE0
AYF21419.1,PL9
QTG84720.1,PL9
QCV51824.1,PL9
AER87827.1,PL9
QEJ12156.1,CE0
QDY82696.1,PL9
QOG97298.1,PL9
QRB08205.1,PL9
QIJ66634.1,PL9
UVS27237.1,PL9
UOO23794.1,PL9
QGY24464.1,CE0
ATB42709.1,PL9
QLG83904.1,CE0
APC40809.1,PL9
AAU38349.1,PL9
UYU56862.1,CE0
UTC07992.1,CE0
QHM98056.1,CE0
SCA86607.1,PL9
ATB28354.1,CE0
UFN11641.1,PL9
UYO33871.1,CE0
UXY17776.1,CE0
QDE78385.1,PL9
ATV11862.1,CE0
AFN75583.1,CE0
UCB35864.1,CE0
AYD77021.1,CE0
UFN71836.1,PL9
AXP79895.1,PL9
QJD94594.1,CE0
AMQ71929.1,PL9
ADY53896.1,PL9
ANJ26032.1,PL9
QDT24614.1,CE0
ASZ69633.1,PL9
AEE17572.1,PL9
AEI34813.1,CE0
QBA08291.1,CE0
UZF74558.1,PL9
QDT27237.1,CE0
QJG58211.1,CE0
QPO52522.1,CE0
AND64475.1,PL9
AWM18730.1,PL9
ADQ18325.1,CE0
AOC96207.1,CE0
CBK42407.1,PL9
UKY55765.1,PL9
ALX09870.1,CE0
AZH67988.1,CE0
QEJ05969.1,CE0
ANF95238.1,PL9
QUF71029.1,PL9
ALO73541.1,CE0
ANW43286.1,CE0
AOR60892.1,PL9
ARW00543.1,PL9
QNL41162.1,PL9
WAG64307.1,PL9
AUL98353.1,CE0
QGI85557.1,PL9
XP_001825831.2,CE0
ANZ41151.1,CE0
QCX21131.1,PL9
APP74218.1,PL9
ARA04674.1,CE0
AXC14102.1,PL9
ABF42246.1,CE0
QCV48920.1,PL9
CCT72704.1,PL9
UTX08715.1,PL9
ASJ27911.1,CE0
UBX37070.1,PL9
ANV77644.1,CE0
QED35138.1,PL9
QIR17139.1,PL9
QNT65238.1,CE0
UVO98702.1,CE0
AXB87087.1,PL9
WBC15441.1,PL9
UNE61027.1,PL9
ASN32983.1,CE0
ATS86870.1,PL9
AJG91226.1,PL9
QOH02617.1,PL9
AXX30455.1,PL9
AUX29293.1,PL9
QEY16484.1,CE0
AEO70515.1,CE0
QAV10903.1,PL9
QYM72183.1,PL9
UYB58832.1,CE0
ATO35414.1,PL9
UWO05664.1,CE0
UKT65545.1,CE0
ANW97669.1,PL9
QGJ66405.1,PL9
QDI69981.1,PL9
AXI75491.1,CE0
QOH47750.1,PL9
QIU92984.1,PL9
AEI52014.1,CE0
ALV36487.1,PL9
QCL61572.1,CE0
QEL46038.1,CE0
QDV85517.1,CE0
QRM72252.1,CE0
QQN37922.1,PL9
UYU70719.1,CE0
QXM19365.1,CE0
ANC32378.1,PL9
UBM38526.1,PL9
QRV79383.1,PL9
QDO71517.1,CE0
CDP24093.1,CE0
CAA41727.1,CE0
AZO77559.1,PL9
BBM25187.1,CE0
USL26310.1,PL9
QCH74466.1,CE0
AYK02504.1,CE0
UZN09766.1,CE0
QTE47735.1,CE0
UAN23912.1,CE0
QGJ26152.1,CE0
QKT01618.1,PL9
ADU11163.1,CE0
QDE92779.1,PL9
AGX06968.1,PL9
ANM85116.1,CE0
UTJ57413.1,PL9
QDO03467.1,PL9
AIU75617.1,PL9
UBS44488.1,CE0
AFO77474.1,CE0
ANE75430.1,PL9
QQZ03057.1,CE0
AQZ71903.1,PL9
AZW02161.1,CE0
AGE58368.1,CE0
UUE70400.1,PL9
AFK65394.1,PL9
UFN15225.1,PL9
WBB89511.1,CE0
UTY81270.1,CE0
QEJ10421.1,CE0
UWX61208.1,CE0
UVQ24448.1,PL9
ACT08992.1,PL9
QSD54424.1,PL9
UVQ13104.1,PL9
UKK69512.1,CE0
CCK81816.1,PL9
API35014.1,CE0
UOX61583.1,CE0
QCY18957.1,PL9
CUU48905.1,PL9
WAG41935.1,PL9
QIS82873.1,PL9
QZZ32479.1,PL9
ASZ44575.1,CE0
API07409.1,CE0
UUE74778.1,PL9
QJC93205.1,CE0
NP_149220.1,PL9
QOH15908.1,PL9
ATC63118.1,PL9
QAR85285.1,PL9
QDU08766.1,CE0
UYM53791.1,PL9
AOV24526.1,CE0
QMM54911.1,PL9
QCN67890.1,CE0
AWM34870.1,CE0
ATS40920.1,PL9
UOQ45457.1,PL9
UVO75605.1,PL9
CBG74900.1,CE0
UPR08290.1,PL9
CDS11722.1,CE0
BBZ87242.1,CE0
ATC06136.1,CE0
AYZ43343.1,CE0
UMZ34764.1,PL9
UYQ60418.1,PL9
AYQ33228.1,CE0
ANF14375.1,PL9
ADK73591.1,CE0
QHR43914.1,CE0
QKD99460.1,PL9
QCW80351.1,CE0
ASA57070.1,PL9
ANJ32406.1,PL9
QWB26433.1,PL9
AAA99476.1,PL9
AXF97721.1,CE0
QRV98467.1,CE0
UWM64241.1,PL9
CUQ95008.1,CE0
UVO92605.1,CE0
AZP19151.1,PL9
QHG85759.1,PL9
BAU82433.1,CE0
QBA51354.1,CE0
AIQ18143.1,PL9
QRV93945.1,CE0
AMR28544.1,CE0
UQK39298.1,PL9
APA27963.1,CE0
QHG96119.1,PL9
AUC20689.1,CE0
UVP83790.1,CE0
QCD67962.1,CE0
WAQ91248.1,CE0
QYM91169.1,PL9
AQS00160.1,PL9
QBY20432.1,PL9
QPA57247.1,PL9
ADF38580.1,PL9
QEF12239.1,CE0
QTR02865.1,CE0
AAK78788.1,PL9
SHI58533.1,CE0
QCH86418.1,CE0
AMX37982.1,CE0
QHP80739.1,PL9
AYQ33229.1,CE0
UYX06834.1,PL9
QSS36671.1,CE0
QBR69713.1,CE0
AVU63408.1,CE0
QFI51950.1,CE0
UDB45923.1,PL9
BBB31698.1,PL9
QCX99406.1,PL9
AGC67199.1,PL9
QDP40330.1,PL9
AYJ88322.1,PL9
SQE45738.1,CE0
QDB97539.1,CE0
QHF73933.1,CE0
QUG53036.1,CE0
CDP24862.1,CE0
QDT52664.1,CE0
VED04016.1,CE0
UTV33992.1,CE0
AXG55534.1,PL9
ANV94557.1,PL9
UBF09303.1,CE0
QKH04790.1,PL9
AYH50115.1,PL9
UFN26461.1,PL9
APL25946.1,CE0
AAZ05893.1,PL9
CDP24531.1,CE0
UQC88384.1,PL9
UKK71190.1,CE0
QRQ55180.1,CE0
QVN26317.1,CE0
UYO35541.1,PL9
ATG64279.1,CE0
AJE53900.1,PL9
UVD72138.1,CE0
ACL94355.2,CE0
QPO76131.1,CE0
AYE51860.1,PL9
UYU50113.1,CE0
QNU68529.1,CE0
ANS63542.1,CE0
AKA71923.1,PL9
APL24077.1,PL9
ATT99435.1,PL9
CBG74052.1,PL9
UFR01778.1,CE0
CCH01727.1,CE0
ABG61504.1,PL9
CBF82105.1,CE0
APK27480.1,CE0
UOY58012.1,CE0
ALX65517.1,CE0
AOS30775.1,PL9
BBP34664.1,CE0
QGP86025.1,PL9
AFK03766.1,CE0
QEM16115.1,CE0
ALA43198.1,PL9
UBD83961.1,CE0
UVP36080.1,CE0
QDV71643.1,CE0
UVV86332.1,CE0
AOP00060.1,CE0
ADF53787.1,CE0
UAY53803.1,PL9
QRQ47182.1,CE0
QHQ74761.1,PL9
QKI41779.1,PL9
ACU61637.1,PL9
AOU02487.1,PL9
AGE51510.1,CE0
ALO71684.1,CE0
ALJ62172.1,CE0
QIT35057.1,PL9
QQQ51512.1,PL9
QQD00860.1,PL9
AII66180.1,CE0
WBB87018.1,PL9
ANB85215.1,PL9
QDF46711.1,PL9
WBD85885.1,CE0
ALX60524.1,CE0
ARA32113.1,CE0
QRA83354.1,CE0
UYU70608.1,PL9
AMV26970.1,CE0
APL48816.1,CE0
UHJ62976.1,PL9
ATH90903.1,CE0
UUE79108.1,PL9
QPP03591.1,CE0
BCJ58060.1,PL9
AYH38713.1,PL9
WBO62104.1,PL9
AYK90819.1,PL9
QLI78709.1,CE0
QCX74663.1,CE0
UWP52342.1,CE0
QIP19817.1,CE0
UTA70113.1,CE0
UFN91940.1,PL9
QUU06382.1,PL9
QHG39808.1,CE0
UVR44990.1,CE0
APP82189.1,PL9
AYL93948.1,CE0
QOH54212.1,PL9
ALM67976.1,PL9
SMR03597.1,PL9
WBO19566.1,CE0
AJE80193.1,PL9
ALT52304.1,CE0
UUU34825.1,PL9
BBW79079.1,PL9
CCF02874.1,PL9
ASV76032.1,CE0
ULS50999.1,PL9
AUQ26035.1,PL9
QYC41026.1,PL9
URZ11050.1,PL9
UNU27358.1,CE0
ADU21606.1,CE0
QKJ42165.1,PL9
ANW22232.1,CE0
AOK90429.1,PL9
ATB95550.1,CE0
CAD7222212.1,CE0
URZ13814.1,PL9
AUG98797.1,PL9
AIX09274.1,PL9
QSG82636.1,PL9
QDU10510.1,PL9
UPK42557.1,PL9
AWI07866.1,PL9
BBI31421.1,PL9
QTU44353.1,CE0
UVQ97055.1,PL9
QBB83280.1,CE0
QHB88709.1,CE0
QHH17322.1,PL9
QHS43270.1,CE0
UUO05566.1,PL9
ARB38824.1,PL9
QFU89876.1,CE0
ADU75838.1,CE0
QJR70737.1,CE0
AYC18877.1,PL9
AXK77701.1,CE0
QEL18493.1,CE0
UDB89045.1,PL9
QIP11187.1,CE0
APK61657.1,CE0
QKO18840.1,PL9
QBZ55219.1,CE0
AQT60070.1,CE0
ARB22979.1,PL9
AWR47620.1,CE0
AFK02173.1,CE0
BCS32028.1,CE0
CBG69409.1,CE0
UVS36493.1,PL9
AVR71609.1,CE0
AQW06428.1,CE0
UWN94109.1,PL9
APV58445.1,PL9
UEG54988.1,CE0
AXM32490.1,PL9
AWS43448.1,CE0
QLS01876.1,CE0
ULJ52578.1,CE0
AMM76850.1,CE0
AYK76137.1,PL9
QVH44174.1,PL9
UWH09204.1,PL9
AWJ29998.1,CE0
AUX46314.1,PL9
QDN66983.1,PL9
QCH84865.1,CE0
UKS46895.1,PL9
QWN06014.1,PL9
QHK06700.1,PL9
UQE63576.1,CE0
QAZ88195.1,CE0
ANS62881.1,PL9
QOV88353.1,PL9
UOB08618.1,PL9
UEK88446.1,PL9
QTV12347.1,PL9
QIE52549.1,CE0
QQY44660.1,CE0
AFH63317.1,PL9
QHF68193.1,CE0
CBL00444.1,PL9
QFY79955.1,PL9
QEC73684.1,CE0
QOS78086.1,CE0
NP_827558.1,PL9
QEU69901.1,PL9
UPK95394.1,PL9
QDA47531.1,CE0
UPL50301.1,CE0
UEO03691.1,CE0
UPL01548.1,CE0
AEM86339.1,PL9
QMV79051.1,CE0
AMQ01844.1,PL9
QEU49464.1,PL9
QGH26300.1,PL9
UMU58788.1,CE0
QLY28983.1,CE0
QXM04154.1,PL9
ADQ02369.1,CE0
QSI03342.1,PL9
APL73551.1,CE0
UFN01569.1,PL9
QCT31343.1,PL9
AVD34216.1,CE0
QEH85890.1,CE0
UPK43938.1,PL9
WAI61359.1,CE0
CCH28862.1,CE0
ASV39036.1,CE0
AYQ48556.1,PL9
QEO07258.1,PL9
AIF08714.1,CE0
BAB92994.1,CE0
ADO56710.1,PL9
QEF63385.1,CE0
AHN20431.1,PL9
AGC48001.1,PL9
QDV73899.1,PL9
QIZ47685.1,PL9
URM36442.1,CE0
AXG63801.1,CE0
ABQ06889.1,CE0
QWC44705.1,PL9
QEJ45043.1,CE0
QHY99405.1,PL9
QGI61065.1,CE0
BAE60780.1,CE0
QNL40592.1,CE0
QAW51597.1,PL9
QGH32108.1,PL9
UZF74155.1,PL9
BAC97406.1,PL9
CBG74887.1,CE0
QDA29197.1,PL9
AZK48750.1,CE0
QTE63468.1,CE0
QQZ08892.1,PL9
UWZ51344.1,CE0
SOS14866.1,PL9
ADI05091.1,PL9
QKL23515.1,PL9
CAP67115.1,CE0
UVQ49692.1,CE0
AOT58971.1,PL9
WBF93335.1,CE0
QDN72755.1,PL9
QRA80702.1,PL9
BAD65802.1,PL9
QCL51242.1,CE0
QEO01777.1,CE0
QWI63553.1,PL9
QKO13724.1,PL9
AHK50735.1,PL9
AEY66847.1,PL9
QEL42537.1,PL9
BDI32088.1,CE0
QEN01269.1,PL9
AIU83422.1,PL9
QTE59905.1,PL9
ALR90301.1,PL9
QCD38407.1,CE0
ANR79459.1,PL9
QYC33634.1,CE0
BCS23119.1,CE0
AUG57748.1,CE0
ABV64147.1,PL9
QDE66841.1,CE0
ABS75569.1,PL9
QAA03984.1,CE0
UQC86653.1,CE0
AZR20219.1,CE0
ASF30291.1,PL9
BBB59967.1,PL9
QBN86945.1,PL9
UWV46767.1,CE0
QGZ45332.1,PL9
UJW29696.1,PL9
BCY12003.1,PL9
AUG56076.1,CE0
UVP44130.1,PL9
QQA68898.1,CE0
QTE61413.1,CE0
SET92437.1,PL9
AUJ75843.1,PL9
ASZ05569.1,PL9
AWM84558.1,PL9
URZ09128.1,PL9
QCQ47069.1,CE0
ALV31446.1,CE0
QHJ56646.1,CE0
QDV16805.1,CE0
QEC66906.1,CE0
QZD57339.1,PL9
AYH07963.1,PL9
USL10727.1,PL9
QBH63701.1,CE0
USJ84047.1,CE0
AEI39062.1,PL9
APW62647.1,CE0
API45655.1,CE0
UKS66073.1,PL9
QDE81379.1,CE0
UVQ30046.1,CE0
ZP_03013480.1,CE0
AHW58807.1,CE0
QGM15322.1,PL9
AYF16885.1,PL9
ATU02389.1,PL9
QCN13011.1,CE0
UBD13728.1,PL9
UQQ52803.1,CE0
QRW08248.1,PL9
UJR34635.1,PL9
AMC99037.1,CE0
AWF16904.1,CE0
UZB02004.1,PL9
AFC86662.1,PL9
AVV77653.1,CE0
SQF42763.1,PL9
URJ42872.1,PL9
QNM58991.1,PL9
QQA40264.1,PL9
AVV46051.1,PL9
ALJ48336.1,CE0
QCV45928.1,PL9
QXV66589.1,CE0
AEV98197.1,CE0
QCN78071.1,CE0
QEJ26671.1,CE0
QXT62573.1,CE0
QPQ11131.1,PL9
WBC05407.1,PL9
QDD04638.1,PL9
UVP60756.1,PL9
WAT50869.1,CE0
APE60969.1,CE0
APL59055.1,CE0
CBL17323.1,PL9
QDN32446.1,CE0
QQA74275.1,PL9
QAU61420.1,CE0
QDN56801.1,PL9
BCJ96087.1,PL9
UJW95941.1,PL9
UWN82553.1,CE0
QDO07730.1,PL9
QDV51371.1,CE0
ASV95398.1,PL9
AMB72733.1,CE0
QKI40366.1,CE0
QHQ80451.1,PL9
QUR44906.1,CE0
QZN75200.1,PL9
ATD06906.1,CE0
UXO78836.1,PL9
QEF58787.1,CE0
UNP93458.1,CE0
QUT17818.1,PL9
WBB71884.1,CE0
QBK23793.1,PL9
AXE83867.1,CE0
BBF56574.1,CE0
QSF98862.1,PL9
UVP12301.1,CE0
UKM63844.1,PL9
SCG45909.1,CE0
AYK59786.1,PL9
AGP51835.1,CE0
UAY92111.1,PL9
QEU43590.1,PL9
AQS45642.1,PL9
AUH01108.1,PL9
SMQ93684.1,PL9
ANO81169.1,CE0
ALA73154.1,CE0
SBO96337.1,PL9
QES51958.1,CE0
AHX21590.1,PL9
QZY85447.1,PL9
AII67310.1,CE0
USL32300.1,PL9
QBY18379.1,CE0
ASB48751.1,CE0
WAT04049.1,PL9
QAR52452.1,PL9
QRP59400.1,PL9
QEJ20836.1,CE0
AMN60468.1,CE0
AOR96288.1,PL9
UYZ30940.1,CE0
ANY33910.1,PL9
QTB11980.1,PL9
UVQ24440.1,PL9
ASM98504.1,CE0
QJC97989.1,PL9
UWO88678.1,CE0
QPO66534.1,CE0
APL06393.1,PL9
AGZ94308.1,PL9
ACU76018.1,CE0
AMG18611.1,CE0
AAA97205.1,CE0
UUF09708.1,CE0
QNP68071.1,CE0
QED77247.1,CE0
UHO40274.1,CE0
QTN95240.1,PL9
ATE54694.1,CE0
QUT87319.1,CE0
USY29015.1,PL9
NP_799596.1,PL9
ALJ59085.1,CE0
AUY74892.1,CE0
AUG19242.1,CE0
QKW13644.1,CE0
AIY94958.1,PL9
CCP23174.1,PL9
AVS49644.1,CE0
QGU50140.1,CE0
BAP82677.1,CE0
QAR81193.1,PL9
QPL67266.1,CE0
AOR96287.1,PL9
AUX49152.1,PL9
AGT87959.1,PL9
BAR87238.1,PL9
NP_937344.1,CE0
QRX64340.1,CE0
QDN84982.1,CE0
QMW16246.1,CE0
CAD5986790.1,PL9
ANS66663.1,PL9
QMU30032.1,PL9
QCT19160.1,PL9
QZQ50308.1,PL9
ANE60587.1,CE0
ACZ98652.1,PL9
AAL51034.1,PL9
UZH56836.1,CE0
UCZ79557.1,PL9
AUX40426.1,CE0
AEO54717.1,CE0
AZA04376.1,CE0
AZV90862.1,PL9
QWX86240.1,PL9
QLD24447.1,CE0
QXT42432.1,PL9
ADQ05297.1,CE0
URZ01233.1,PL9
CAG75452.1,PL9
BBA96250.1,CE0
QED30048.1,PL9
QVI77891.1,PL9
CAC9484609.1,CE0
UEQ09342.1,PL9
QKO05320.1,PL9
QTL97297.1,PL9
AMV19001.1,PL9
UBE42453.1,CE0
AZI89593.1,PL9
ASW75534.1,PL9
UPT56197.1,PL9
QQQ77432.1,PL9
QAU80030.1,CE0
UWZ48498.1,CE0
QII26660.1,PL9
URJ55485.1,PL9
USX17241.1,PL9
QRA70002.1,CE0
ARA78409.1,PL9
QLJ44257.1,PL9
QJD89557.1,PL9
QCV93601.1,CE0
QED68325.1,CE0
AOT34577.1,CE0
ATO17703.1,PL9
ADQ79792.1,CE0
AEN90359.1,PL9
ADY37490.1,CE0
QRB40127.1,CE0
UNE51860.1,CE0
WAQ92519.1,CE0
ADZ21021.1,PL9
QDO05814.1,CE0
UYU98096.1,CE0
QDN86923.1,PL9
QCL56688.1,CE0
ABD83001.1,CE0
QEN00004.1,PL9
ANO31226.1,CE0
AWJ57793.1,CE0
BAK21915.1,PL9
AZN79343.1,PL9
BAL55011.1,CE0
UQZ46228.1,CE0
WAX84892.1,CE0
AKL07211.1,PL9
QDV71982.1,PL9
QEH03676.1,CE0
UAY50922.1,PL9
CBZ33754.1,CE0
UTY80964.1,CE0
AEI46706.1,CE0
QKF09804.1,CE0
QAR94500.1,PL9
QRW21500.1,PL9
QEY18275.1,PL9
QYD28652.1,CE0
AQP94479.1,CE0
QEK51072.1,PL9
ULR31118.1,PL9
QDT26626.1,CE0
UUU28037.1,CE0
UNZ10066.1,CE0
EGX54170.1,CE0
QYX78668.1,PL9
ATS91046.1,PL9
USX23683.1,PL9
BDC12399.1,PL9
QXC95529.1,PL9
UUU20102.1,PL9
UJX05603.1,PL9
CAG9866090.1,CE0
UJR11006.1,CE0
AKP51248.1,CE0
WBQ00460.1,PL9
WAS83634.1,CE0
UVQ39757.1,PL9
QQA07680.1,PL9
QEC45086.1,PL9
QQA07693.1,PL9
QMI67795.1,CE0
WAT21007.1,PL9
UQY42982.1,PL9
QDU43988.1,CE0
AUO62875.1,PL9
AGE53885.1,CE0
AGU85701.1,PL9
BCT13849.1,CE0
UAN61429.1,PL9
QDY09122.1,PL9
AZU82204.1,CE0
QUN09166.1,PL9
AAA23286.1,CE0
QDL06570.1,CE0
ARD63408.1,PL9
QKW19887.1,CE0
UWN83785.1,CE0
QEO83299.1,CE0
APE85608.1,PL9
QDK74058.1,CE0
QBH03974.1,PL9
AKX86292.1,PL9
QEP49368.1,CE0
QDT21160.1,CE0
UAY90268.1,PL9
UFT94410.1,PL9
UWH06028.1,PL9
BBW21439.1,CE0
QDN75335.1,CE0
QOJ73306.1,PL9
AET57992.1,PL9
UWC77708.1,PL9
ULR29742.1,PL9
UQQ33103.1,PL9
QVH36771.1,PL9
UAL13208.1,PL9
AKO91430.1,PL9
ARI86276.1,PL9
BCJ76729.1,PL9
UUU35942.1,PL9
QOH62157.1,PL9
ASQ38800.1,PL9
AMV40306.1,CE0
AUX04529.1,CE0
WBD83110.1,PL9
QQG30169.1,PL9
QLG39550.1,PL9
QVH42370.1,PL9
QGK14742.1,CE0
QHW54257.1,CE0
ULS44806.1,PL9
BCY13363.1,PL9
QSD42711.1,PL9
QEP61072.1,CE0
BBO87716.1,PL9
ATI76222.1,PL9
USS70028.1,CE0
CCD44707.1,CE0
QKS56135.1,PL9
QIJ66852.1,CE0
QUT92735.1,CE0
ALQ49322.1,PL9
ADZ19627.1,PL9
QPO57456.1,CE0
UVQ71116.1,CE0
QYM77803.1,CE0
UVQ86629.1,CE0
URZ10644.1,PL9
AFE05408.1,CE0
QBR59343.1,CE0
AUV89578.1,PL9
ACS87748.1,PL9
AOM23465.1,PL9
AAF05308.1,PL9
QQT32756.1,CE0
UJR61972.1,PL9
UQB21020.1,PL9
EAA49825.1,CE0
QGN42496.1,CE0
QCJ03013.1,PL9
QEZ42315.1,PL9
ATS78522.1,PL9
QJC94001.1,PL9
AXU17127.1,CE0
QPM15193.1,CE0
UAN42749.1,CE0
UYU87715.1,PL9
UZB31340.1,PL9
UVR06173.1,CE0
QGY12915.1,CE0
QAU64223.1,CE0
UAN44411.1,PL9
UPO89847.1,PL9
AOV14832.1,PL9
ARC58962.1,PL9
SHI13648.1,PL9
QEI62082.1,CE0
BCJ47894.1,CE0
BCS08972.1,CE0
ATS32394.1,PL9
QGG66330.1,CE0
AOS05966.1,PL9
QVW70179.1,CE0
QLO27698.1,PL9
AEB25721.1,PL9
AMV19171.1,CE0
WAR57427.1,CE0
QDV62460.1,CE0
QMW39170.1,PL9
QEH67746.1,PL9
AQP42751.1,PL9
QQZ02968.1,PL9
URZ04604.1,PL9
UIS28587.1,PL9
QGL23323.1,CE0
QUH26518.1,CE0
AUX29092.1,PL9
QDH54042.1,CE0
ANQ57772.1,PL9
QAT53395.1,PL9
BAB92974.2,PL9
AYV31873.1,CE0
APU68902.1,PL9
AFI92788.1,PL9
QVH53571.1,PL9
QMS90382.1,CE0
AGT88381.1,PL9
QQZ61545.1,PL9
UZD73718.1,PL9
ALJ43466.1,PL9
AZO77574.1,PL9
ANS70507.1,CE0
AUS80626.1,PL9
AGZ58064.1,PL9
AAO07747.1,CE0
WAW98436.1,PL9
QDT90150.1,CE0
ALE00858.1,PL9
ADU75635.1,CE0
QZU85075.1,PL9
QJR58213.1,CE0
AUV98147.1,PL9
ACZ89633.1,CE0
QGJ09028.1,CE0
QEN51572.1,PL9
QCA24399.1,CE0
QRK08461.1,PL9
QTU45114.1,PL9
QEI84939.1,CE0
QGF18656.1,CE0
QLE25358.1,PL9
QOL70560.1,CE0
QII49192.1,PL9
AQZ64416.1,CE0
BBA77853.1,PL9
UXY10933.1,PL9
UYG95438.1,CE0
UFM69596.1,PL9
AEE48404.1,CE0
UQX08465.1,CE0
USK92953.1,PL9
AGX07793.1,CE0
ANS64380.1,PL9
BBW45546.1,CE0
QLX18080.1,PL9
ASI18176.1,CE0
QBP00164.1,CE0
AJQ93198.1,CE0
QHJ62673.1,CE0
UVV54700.1,PL9
ADU21987.1,CE0
ADH66451.1,PL9
QSQ19711.1,CE0
UKB81044.1,CE0
ULK38710.1,CE0
BBV70779.1,CE0
AQW49974.1,PL9
QRD91661.1,CE0
QDU13954.1,PL9
QFI22037.1,CE0
ALS89935.1,CE0
QHG47497.1,CE0
QKO11651.1,PL9
AUU03884.1,PL9
QDO27367.1,CE0
AEV68181.1,CE0
AUZ28140.1,PL9
QEI17869.1,CE0
SBT38907.1,PL9
UYU80217.1,PL9
QDJ89508.1,CE0
QLP22354.1,CE0
UCZ75443.1,PL9
AYQ32329.1,PL9
QKO06065.1,PL9
AVS08523.1,CE0
UYI20893.1,PL9
QPI20459.1,CE0
QLD23828.1,CE0
APL50758.1,CE0
QYM95414.1,PL9
QGI23497.1,PL9
APO48380.1,PL9
AEY68001.1,CE0
AIQ29760.1,PL9
QGI80975.1,CE0
QDV77276.1,CE0
QCN17714.1,CE0
QJW64498.1,PL9
QDT42290.1,CE0
UVV56036.1,CE0
EDL60464.1,PL9
APL29992.1,PL9
UVP78706.1,CE0
QPF08835.1,PL9
QGK02833.1,CE0
AEI43346.1,CE0
SDU80058.1,PL9
UZO82237.1,CE0
VDZ91375.1,PL9
CAP71774.1,CE0
QLU71645.1,CE0
AKZ47662.1,PL9
QUT66756.1,CE0
VTS89229.1,PL9
BCM70041.1,CE0
QOQ54621.1,PL9
QEJ42458.1,CE0
UTX13025.1,PL9
ANW28918.1,CE0
UWZ87413.1,CE0
QLQ39707.1,PL9
ASI37411.1,PL9
AJC25933.1,PL9
ANF38292.1,PL9
AFH62884.1,CE0
ADV89213.1,CE0
VEF00145.1,CE0
UNJ88300.1,CE0
ANZ43397.1,CE0
UZT22016.1,CE0
VWQ01051.1,PL9
QSW90186.1,CE0
QKW36758.1,PL9
QUI71383.1,CE0
WBB56863.1,PL9
QLP50471.1,PL9
AUC73536.1,PL9
BAK28434.1,PL9
QCR26925.1,PL9
UBD61137.1,CE0
QTU67248.1,PL9
APJ74277.1,CE0
CAP71428.1,CE0
WAZ20875.1,PL9
QNR70238.1,PL9
AWN81225.1,CE0
URJ34189.1,PL9
QSD17390.1,PL9
AYK87823.1,PL9
BBJ88832.1,PL9
VDZ60871.1,PL9
UTC06156.1,CE0
ACO31420.1,PL9
UYU74266.1,PL9
AEL27115.1,CE0
UEQ07505.1,PL9
AXB85212.1,PL9
QZY11471.1,PL9
UVQ66827.1,PL9
WAX84883.1,PL9
QLF91672.2,PL9
ATU30013.1,PL9
ALC25808.1,CE0
AMG10433.1,CE0
ACU02897.1,CE0
UBF08478.1,PL9
AVQ79063.1,CE0
ALP90752.1,PL9
QMI62895.1,CE0
QBZ34933.1,CE0
ALZ53451.1,PL9
QMI80662.1,CE0
UOC10703.1,PL9
QQV01830.1,CE0
UVC16284.1,CE0
ACX67086.1,PL9
ASZ69624.1,PL9
QOX62077.1,PL9
CUH92940.1,CE0
QFZ20893.1,CE0
QSH13440.1,CE0
QYK64688.1,PL9
QCK23159.1,PL9
ADW76045.1,PL9
AQV43452.1,CE0
AJQ97543.1,PL9
USX24863.1,PL9
QCM30729.1,CE0
AUY47110.1,CE0
QOL16528.1,PL9
SCG76455.1,PL9
QRV84419.1,CE0
AYQ16522.1,PL9
QDT81886.1,CE0
UBD67492.1,CE0
ATX12095.1,CE0
QVH78763.1,PL9
CAH2706286.1,PL9
ATO79290.1,CE0
QGW64056.1,CE0
UTN06338.1,CE0
BBV68460.1,PL9
WAR55772.1,CE0
UOG08819.1,CE0
AYZ53012.1,PL9
QPQ37453.1,PL9
AQW11053.1,CE0
AKM78031.1,PL9
ATO32925.1,PL9
AAQ43717.1,PL9
ALO12950.1,PL9
ARC65367.1,PL9
ALX55266.1,CE0
UAY98157.1,PL9
ADT89412.1,PL9
CUW31643.1,CE0
ASM64782.1,PL9
UKE83751.1,PL9
QAW37705.1,PL9
WAI78479.1,CE0
UON50620.1,PL9
VEB19174.1,PL9
QRN93190.1,CE0
QCX63660.1,CE0
QAV93892.1,PL9
AEI52013.1,CE0
QSW35495.1,PL9
AEN67146.1,PL9
UFP94834.1,CE0
UCP90065.1,PL9
BBH67891.1,CE0
ULS49155.1,PL9
UFN33164.1,PL9
QLK63635.1,PL9
BCE14755.1,PL9
QSD40817.1,PL9
AML12296.1,CE0
QAY47423.1,CE0
UKK61502.1,CE0
UFS97537.1,CE0
QFY07507.1,PL9
QFH12228.1,CE0
QJU24042.1,CE0
AHE14911.1,PL9
SCG17578.1,PL9
CDP31165.1,CE0
ANN17816.1,CE0
SHI28335.1,PL9
QGU74190.1,CE0
UXX79391.1,CE0
QDL78623.1,PL9
UOZ27107.1,CE0
UCB37607.1,CE0
QDO71518.1,CE0
APJ88669.1,CE0
QIY70288.1,PL9
WBA07244.1,CE0
ABY31954.1,PL9
AUS26820.1,PL9
QEH40625.1,CE0
QSD52564.1,PL9
USL37958.1,PL9
AQU02479.1,CE0
ASZ63083.1,PL9
AIA32498.1,CE0
ASQ61056.1,CE0
ADQ79789.1,CE0
ATO83891.1,PL9
AHF16297.1,CE0
AWX73894.1,PL9
AMG10357.1,PL9
CAB93667.1,CE0
QPM75134.1,CE0
AXE84984.1,PL9
QRN05803.1,PL9
QEH68113.1,PL9
BCB91020.1,PL9
ALM73720.1,PL9
QSJ01704.1,PL9
AWJ41869.1,CE0
ASA44510.1,CE0
AHX22002.1,PL9
QLC55461.1,CE0
AEV87059.1,CE0
QGF37996.1,CE0
AGE54893.1,CE0
UIN50068.1,PL9
UYU63892.1,CE0
WAM34558.1,PL9
QDT80092.1,PL9
APL19434.1,CE0
QDO65458.1,PL9
AJE51846.1,PL9
QDT92064.1,PL9
QEK63542.1,PL9
QIM44955.1,PL9
UNO26944.1,PL9
AYH12435.1,PL9
BAV13168.1,PL9
AZG40456.1,PL9
QMU28028.1,CE0
QHK13995.1,PL9
WBN03616.1,CE0
QFG90595.1,CE0
CDP30826.1,CE0
AMH28701.1,CE0
QDT31174.1,CE0
ALE86266.1,CE0
UVD75321.1,CE0
QFH85129.1,CE0
QNM63823.1,PL9
QUT32942.1,PL9
QMI69028.1,CE0
ATL88255.1,PL9
QLV15055.1,CE0
AYH21151.1,PL9
QNH47418.1,PL9
AXR16960.1,PL9
QUN33862.1,CE0
QEY13708.1,CE0
AJK40522.1,PL9
QWC42892.1,PL9
WAQ85879.1,CE0
QQY42159.1,CE0
UZT05144.1,PL9
QDW24104.1,PL9
QRQ47387.1,CE0
UNP91759.1,CE0
ABX44216.1,PL9
QTE48518.1,PL9
NP_813081.1,PL9
AUK02892.1,CE0
QAT76610.1,PL9
QSD34468.1,PL9
WAQ87578.1,CE0
AYH27552.1,PL9
UXH43998.1,CE0
ULC59036.1,PL9
AMP62296.1,PL9
UPK72264.1,PL9
UOY53012.1,CE0
QTE41915.1,PL9
UMZ45339.1,CE0
AKJ27953.1,CE0
QIR25293.1,PL9
AXZ88903.1,CE0
QHQ17762.1,PL9
ANN21904.1,CE0
CAP86338.1,CE0
QKV79912.1,CE0
QCN73355.1,CE0
ADZ84408.1,CE0
QGU37090.1,CE0
UVR46264.1,CE0
UMO87569.1,PL9
URZ01549.1,PL9
ALK99497.2,PL9
BDS20582.1,CE0
QDO19297.1,PL9
UQT30652.1,CE0
QMU18734.1,PL9
AGI38277.1,PL9
AZS88016.1,PL9
APB73706.1,PL9
ACR72247.1,PL9
BDC60520.1,PL9
QEK51066.1,PL9
USK37028.1,CE0
VED21438.1,CE0
UMR25887.1,PL9
QDN45940.1,CE0
ADV46072.1,PL9
QHM97062.1,PL9
BDU39157.1,CE0
CAE53355.1,CE0
AXA91222.1,PL9
BAY06245.1,CE0
UHM93373.1,PL9
QQR45886.1,CE0
AMR48698.1,PL9
QAU94496.1,CE0
QRB18325.1,PL9
QRA92863.1,CE0
BAV08916.1,PL9
QEX57458.1,CE0
QTE60631.1,PL9
VEC36231.1,CE0
QFZ20931.1,CE0
URZ13582.1,PL9
QBF92993.1,CE0
QGI70889.1,PL9
ACS47414.1,CE0
BCS46461.1,PL9
QFP70390.1,PL9
UWN66440.1,PL9
AMQ69247.1,PL9
QQS98017.1,CE0
ADL01965.1,CE0
BBJ63500.1,CE0
BAR50387.1,CE0
UYU94930.1,PL9
ASB47763.1,PL9
ALJ49034.1,PL9
UUH74101.1,PL9
UYU89506.1,PL9
UGQ47986.1,PL9
QYK68536.1,PL9
AZJ24015.1,PL9
CUM36387.1,PL9
AOV91440.1,PL9
QFY86501.1,PL9
QHQ21623.1,PL9
ATH92264.1,PL9
QQK40140.1,CE0
AXF48684.1,CE0
QLK18975.1,PL9
QBG45779.1,CE0
AOT15518.1,CE0
VIP05045.1,CE0
QOH49908.1,PL9
UQZ37694.1,PL9
UVV86827.1,PL9
QCM85581.1,CE0
QXE13222.1,PL9
ACR74801.1,CE0
ALM27462.1,PL9
VBB74107.1,CE0
AGF26074.1,PL9
ADL33750.1,CE0
ADI11236.1,PL9
CBI44491.1,PL9
QDT20599.1,CE0
AML17286.1,CE0
QII39054.1,PL9
ABR38807.1,CE0
UXU87697.1,CE0
QMV11180.1,PL9
QHW50202.1,CE0
QLL95371.1,PL9
ASQ93905.1,PL9
CAB39324.1,PL9
QHB66663.1,CE0
APM32370.1,PL9
BDA67938.1,CE0
ADJ45763.1,CE0
ALZ69987.1,CE0
WBB63399.1,CE0
VEG35853.1,CE0
AEZ62727.1,PL9
QGX64317.1,PL9
CQR65274.1,PL9
QGN25596.1,PL9
APK37596.1,CE0
QUT46563.1,CE0
AGP34778.1,CE0
QAY52164.1,CE0
QCM62863.1,CE0
QVW67679.1,PL9
UYW73171.1,PL9
EAL84962.1,CE0
ALM44005.1,PL9
AXH19016.1,CE0
ANI85152.1,PL9
QKI81150.1,PL9
UFN40565.1,PL9
QUR70371.1,PL9
QPO92241.1,CE0
AZS58940.1,PL9
QIR34677.1,PL9
BAU85087.1,CE0
UCB40856.1,CE0
QDT11996.1,CE0
AFU99250.1,CE0
WBL24711.1,PL9
AGB29252.1,CE0
APL40863.1,CE0
ANY70158.1,PL9
QPC70578.1,PL9
UKZ67969.1,CE0
AVT40037.1,CE0
BCJ68276.1,PL9
QGH41090.1,PL9
QPM81120.1,CE0
UOD84092.1,PL9
AQW56218.1,PL9
QIZ53097.1,PL9
QOV41173.1,CE0
AQR83684.1,PL9
UBM34689.1,CE0
QUW82821.1,PL9
QMW93302.1,PL9
QCJ04519.1,PL9
QTG78094.1,PL9
QYX80994.1,PL9
AUH11423.1,PL9
QGY07426.1,CE0
AWF23058.1,CE0
UJO21504.1,CE0
UVO10105.1,PL9
QEQ80186.1,CE0
QSD25642.1,PL9
SCG40404.1,PL9
APB70347.1,PL9
UCP79893.1,PL9
UEK87488.1,PL9
APC34765.1,PL9
APE65850.1,CE0
QSB17085.1,CE0
QNU68934.1,CE0
QRW17577.1,CE0
ULK00065.1,CE0
AQR90369.1,PL9
APW38882.1,CE0
UKS66111.1,CE0
QLK00730.1,CE0
QYA77516.1,PL9
UQC69274.1,PL9
BBB64446.1,PL9
UJR38705.1,PL9
AYH16715.1,PL9
QGQ30351.1,CE0
QIJ55688.1,CE0
ADL52399.1,CE0
ARR66896.1,CE0
AKI94395.1,PL9
ADU73509.1,CE0
BCR99212.1,CE0
AZH31745.1,PL9
AYY95210.1,CE0
WAG71195.1,CE0
AVR45660.1,PL9
AXT85165.1,CE0
QEJ49593.1,CE0
QTL01509.1,PL9
AKJ62542.1,PL9
UWN78872.1,PL9
AYF85523.1,PL9
WAP55344.1,PL9
QDV51616.1,PL9
AAR39816.1,CE0
UYY72739.1,PL9
WBL50969.1,CE0
QDY07882.1,CE0
QTH10817.1,PL9
VDZ10213.1,CE0
QJF42660.1,PL9
URJ53219.1,PL9
BBB58494.1,PL9
UPT21681.1,CE0
UBF11514.1,PL9
AKF75173.1,PL9
QBB04736.1,CE0
ABN54077.1,CE0
QDG64572.1,PL9
QEJ28404.1,CE0
BBI95171.1,CE0
AHZ51378.1,PL9
ACP87318.1,CE0
BDP32985.1,CE0
AEX03069.1,PL9
SCG46662.1,CE0
UPX12895.1,PL9
ASY76967.1,PL9
ULR49769.1,PL9
QIR22595.1,CE0
QRZ92517.1,PL9
QGL41101.1,CE0
URR06484.1,CE0
UVO87992.1,CE0
ARN68692.1,CE0
UQZ36930.1,PL9
QEI14292.1,CE0
UCM90452.1,CE0
ASM64781.1,PL9
UVP82943.1,PL9
QOC95090.1,PL9
QGN35822.1,PL9
QDU13870.1,CE0
WAW98434.1,PL9
AVK98515.1,PL9
CCI71679.1,PL9
SDS65840.1,PL9
UBU16375.1,CE0
QOV91790.1,CE0
AQP96779.1,PL9
CAN96527.1,PL9
ASF56634.1,PL9
AAO79288.1,PL9
QGQ42165.1,CE0
QFZ23012.1,PL9
QLI43836.1,PL9
QLV59206.1,CE0
QHA34565.1,PL9
UKK59947.1,CE0
QIW85371.1,PL9
BCQ42573.1,PL9
QIF72047.1,CE0
ACX75581.1,PL9
QRB07089.1,PL9
ANC11263.1,PL9
BCJ94249.1,PL9
WBB81305.1,PL9
BDC09778.1,CE0
UHD00733.1,PL9
BBI25912.1,PL9
QED81151.1,CE0
AIY09257.1,PL9
UIE44573.1,PL9
UUE59344.1,PL9
AGE54253.1,CE0
ANG77303.1,CE0
ATB45899.1,CE0
QZN75626.1,PL9
UVR75954.1,PL9
QGU48969.1,PL9
AWM41538.1,PL9
UVP05081.1,CE0
UUE42582.1,PL9
QSD31405.1,PL9
UHC87620.1,PL9
UJR58436.1,PL9
QJG08020.1,CE0
AUZ41522.1,PL9
URJ62922.1,PL9
UMY53343.1,PL9
QGY47185.1,PL9
UVP75807.1,CE0
ARZ88656.1,CE0
QVH80164.1,PL9
QGY21547.1,CE0
UOO00981.1,CE0
UPO16651.1,CE0
BCJ75167.1,CE0
UMV01669.1,CE0
AZH46753.1,CE0
ADZ91873.1,PL9
QQF63742.1,PL9
AWR84357.1,CE0
AIY07138.1,PL9
URZ05605.1,PL9
AJC68275.1,PL9
AOV40658.1,CE0
UJV46729.1,PL9
ATU97697.1,PL9
UCZ77217.1,PL9
AOW19208.1,CE0
QOD99214.1,CE0
QDJ63706.1,CE0
ANB95086.1,PL9
ALL91667.1,CE0
QDO39332.1,PL9
UVH64975.1,CE0
ADM72622.1,CE0
WBL23342.1,PL9
VED10699.1,PL9
QSV41878.1,PL9
QDT52199.1,CE0
QCW48052.1,CE0
QPD72869.1,CE0
CAH8560223.1,CE0
UVQ54519.1,CE0
DAC80243.1,CE0
VDY90387.1,CE0
ATZ32014.1,CE0
UVP51617.1,CE0
QPI43042.1,PL9
AMM39297.1,CE0
UVQ34288.1,PL9
QOH52056.1,PL9
APO47059.1,CE0
QOG71720.1,PL9
ATO85457.1,CE0
CAD56682.1,PL9
QJR57392.1,CE0
UEG57786.1,PL9
CAK39824.1,CE0
ASN42882.1,CE0
QJS18268.1,PL9
QFU88428.1,PL9
QCZ68962.1,PL9
QPK21280.1,PL9
UYH04844.1,PL9
VDZ33188.1,PL9
QEC75813.1,CE0
AMQ54180.1,CE0
QPC75718.1,CE0
UEH00799.1,CE0
UKZ84585.1,CE0
QHQ05849.1,CE0
QIG12692.1,CE0
SCG51792.1,CE0
USQ89692.1,CE0
BBA14836.1,CE0
UBF12626.1,PL9
WAT04050.1,PL9
QUD94002.1,PL9
QKI53626.1,CE0
QHS07322.1,CE0
QSZ33083.1,CE0
URZ04605.1,PL9
ABY31955.1,PL9
AST63213.1,CE0
QBR17364.1,CE0
AGE78319.1,PL9
QHQ20058.1,PL9
ARW86314.1,CE0
AVB47281.1,CE0
URZ18552.1,CE0
AWI38621.1,PL9
QCV41330.1,CE0
ATM29450.1,CE0
AWD14330.1,PL9
AWT44429.1,PL9
UUI86192.1,CE0
AYF28197.1,PL9
AHW86174.1,PL9
QDU27186.1,CE0
QEG94498.1,CE0
WBL21221.1,PL9
CCT67685.1,CE0
CAD7260577.1,CE0
AFI90081.1,PL9
AGF56642.1,PL9
QEF54269.1,CE0
WAT57860.1,CE0
AXN21176.1,PL9
UIN44890.1,CE0
AHJ75946.1,PL9
QMV39059.1,PL9
APQ61787.1,PL9
AMA54146.1,PL9
UMV48549.1,PL9
ATS49454.1,PL9
QEY95035.1,PL9
WAO97160.1,CE0
AYW57150.1,PL9
UFN96340.1,CE0
UII21350.1,PL9
AQV64668.1,CE0
AMX12966.1,CE0
UYW18071.1,PL9
QDV50398.1,CE0
CAN90905.1,CE0
QPL79369.1,CE0
EAA57793.1,CE0
ABU43960.1,CE0
ANJ37776.1,CE0
QLO97921.1,CE0
UKE85592.1,PL9
QQA70518.1,CE0
AOO72746.1,CE0
QPK49643.1,PL9
UQT54032.1,PL9
ASU35958.1,CE0
QEJ38121.1,CE0
AYC42228.1,PL9
AKC49212.1,PL9
AWX16878.1,CE0
NP_104422.1,CE0
AEJ59801.1,CE0
URJ36286.1,PL9
ARC68078.1,PL9
QVY61566.1,PL9
QHF78422.1,CE0
ANH66000.1,CE0
UMV16760.1,CE0
QVH40969.1,PL9
URT68950.1,CE0
QJE96748.1,PL9
UNZ07650.1,PL9
AWV57551.1,PL9
UVS56099.1,CE0
ANE49710.1,CE0
VEP40672.1,CE0
ASJ32801.1,PL9
XP_323879.1,CE0
AQV70853.1,CE0
AZJ42899.1,PL9
UUA83779.1,PL9
ALK86294.1,CE0
CEI59453.1,PL9
QTV13709.1,CE0
QYE27549.1,CE0
ACT07147.1,PL9
UOE33561.1,CE0
UDF16447.1,PL9
AUJ36681.1,PL9
ADL46225.1,CE0
QTF89979.1,PL9
QEU51484.1,PL9
AUX24036.1,PL9
QRZ16611.1,PL9
QDT05657.1,CE0
QGQ27503.1,CE0
QTE48519.1,PL9
UVS53399.1,PL9
AVB13347.1,PL9
QEP56792.1,CE0
UYM90204.1,PL9
AOZ94532.1,PL9
QZZ53866.1,PL9
QDM70681.1,CE0
CAH2057643.1,CE0
QDA08395.1,PL9
UFN12909.1,PL9
AIL73342.1,PL9
ATB80062.1,CE0
CCD34822.1,CE0
UKK71177.1,CE0
SDT51930.1,PL9
QOL52331.1,CE0
ALZ98580.1,PL9
QVQ40277.1,PL9
UUE51766.1,PL9
BDC54453.1,CE0
BCL71750.1,CE0
API43864.1,PL9
QPK17456.1,PL9
QGG10304.1,PL9
QHW75753.1,CE0
SCF06831.1,CE0
ADF51369.1,CE0
ACR72725.1,PL9
QVH67569.1,PL9
QDU28484.1,CE0
WAK62874.1,PL9
WBS01019.1,CE0
QIL91320.1,CE0
AFO76795.1,CE0
QOV39183.1,PL9
QHH21912.1,PL9
QZY22470.1,PL9
APK29302.1,CE0
AKF44442.1,PL9
SKC11636.1,PL9
BBK50340.1,CE0
UUN82695.1,CE0
QGL37575.1,CE0
QLH27372.1,CE0
VDZ85570.1,PL9
QLP10767.1,PL9
QCM46398.1,CE0
ASB67325.1,PL9
URL55977.1,PL9
QXW39575.1,PL9
API18208.1,CE0
QDG83566.1,PL9
QIH44099.1,PL9
APC89010.1,PL9
BBV78970.1,PL9
UFN06037.1,PL9
QIF21610.1,PL9
UKK74022.1,CE0
AMN65295.1,CE0
UTP34539.1,PL9
AXG51805.1,PL9
QBP85528.1,CE0
AXE59455.1,CE0
QRW13030.1,CE0
ARM81877.1,CE0
AYO06941.1,PL9
QRB63664.1,CE0
ABN53396.1,CE0
QBN94752.1,PL9
ANI38314.1,CE0
APH14762.1,CE0
QJT00894.1,PL9
AUH14399.1,PL9
UMU76348.1,CE0
QLK07384.1,PL9
UQZ81757.1,PL9
CAB15663.1,PL9
QBC16008.1,CE0
QNE74184.1,CE0
AVF19998.1,CE0
QBR10587.1,PL9
VTS65471.1,PL9
API12640.1,CE0
QQT78716.1,PL9
QWH31933.1,PL9
USY51085.1,PL9
QOV64113.1,PL9
QYX45438.1,CE0
UYU36603.1,PL9
AQZ92524.1,PL9
ANQ05169.1,CE0
QCC92641.1,CE0
APL74643.1,CE0
QNL48665.1,CE0
QLT99306.1,CE0
AEK46084.1,PL9
APC54690.1,CE0
WAI73166.1,CE0
AKQ73262.1,PL9
QGU12925.1,PL9
QGL30236.1,CE0
QUG40408.1,PL9
WAG43855.1,PL9
QGQ29183.1,PL9
QDK18596.1,PL9
SMR01729.1,PL9
AIQ19270.1,PL9
USX29519.1,PL9
QJB31794.1,CE0
UKK64342.1,CE0
QSH18056.1,CE0
QGV01969.1,CE0
UJP39733.1,CE0
UJR54297.1,PL9
API23852.1,CE0
ATM23578.1,PL9
UQZ77651.1,PL9
AFI62706.1,CE0
ADL46112.1,PL9
AMR91707.1,PL9
ALS84190.1,PL9
QRA64900.1,CE0
VEE35969.1,CE0
QVQ44200.1,PL9
BCM70507.1,CE0
UIN48031.1,PL9
AUO35662.1,PL9
UIU19693.1,PL9
QCB31889.1,PL9
QIK84050.1,PL9
AXH92233.1,CE0
UOF22429.1,PL9
APJ27150.1,PL9
QLT67346.1,PL9
CAG5077378.1,PL9
QYY35382.1,CE0
QWH20706.1,PL9
UPZ15139.1,CE0
URJ69999.1,PL9
CAK41944.1,CE0
UOY59753.1,CE0
UYB58823.1,PL9
QUL54882.1,CE0
AUX31504.1,CE0
UAB93135.1,PL9
AQV88838.1,CE0
QTE39634.1,PL9
CAP91491.1,CE0
QDU09794.1,CE0
SOE20180.1,CE0
AYL93753.1,CE0
CAI2733354.1,CE0
UPK91538.1,CE0
UXD68127.1,CE0
UUE76569.1,PL9
QPI55600.1,PL9
QRX99959.1,PL9
AZU36975.1,PL9
AYR84284.1,CE0
CDG27437.1,PL9
SDR70217.1,CE0
QBZ66274.1,CE0
USE69666.1,CE0
AOM17621.1,PL9
UVR40084.1,CE0
AKK37631.1,PL9
ATS82492.1,PL9
UTO66585.1,PL9
QVK38871.1,CE0
UTC15238.1,CE0
AKD57566.1,CE0
USX53209.1,CE0
QXW34312.1,PL9
AVU48191.1,CE0
UMB76825.1,PL9
UVD85909.1,PL9
AEK60129.1,PL9
QIS75329.1,CE0
UBE46994.1,PL9
QHP58632.1,PL9
BBV91412.1,CE0
ATE54529.1,PL9
UNW14355.1,PL9
UBS87147.1,PL9
QGI43503.1,PL9
ASI35398.1,PL9
ALA44499.1,PL9
AXN87959.1,CE0
QHL95447.1,PL9
UQZ73345.1,CE0
QVH70365.1,PL9
UQK46723.1,PL9
QEX56573.1,CE0
WBB47206.1,PL9
VBB16541.1,PL9
UUZ29886.1,CE0
ADU10249.1,PL9
APC33988.1,CE0
AJD38681.1,PL9
QWS50384.1,PL9
BCX94690.1,CE0
BCT93571.1,PL9
AOM76655.1,CE0
QVH50771.1,PL9
AOS02466.1,PL9
UTB91600.1,CE0
APE93895.1,CE0
AFO81253.1,PL9
AJQ97558.1,CE0
QLJ97433.1,CE0
APO47099.1,PL9
AYF85519.1,PL9
AKZ57851.1,PL9
QBA49892.1,CE0
QJZ12382.1,CE0
UIE37956.1,CE0
WBO85465.1,CE0
QXW81374.1,PL9
QKW17163.1,PL9
VEC33864.1,CE0
QNP17465.1,CE0
UUY79613.1,CE0
QSD21113.1,PL9
QCM36218.1,CE0
AFZ92331.1,PL9
QGX44762.1,PL9
CDS92476.1,CE0
AEO60969.1,CE0
QUT86590.1,CE0
UWV47342.1,CE0
QFH22930.1,CE0
ADL53901.1,PL9
APA04319.1,PL9
SCG37044.1,PL9
QNR40806.1,PL9
UWD31750.1,CE0
QFY38718.1,PL9
ATV48182.1,CE0
QIK16144.1,PL9
QDP93738.1,PL9
QLQ39649.1,CE0
ATM14855.1,PL9
AXI82776.1,PL9
BCG99811.1,CE0
QHA35093.1,PL9
APQ23317.1,CE0
ASN85420.1,PL9
WAH90631.1,CE0
UEK95036.1,PL9
QJZ20665.1,CE0
QCL29062.1,CE0
QIL96044.1,CE0
ASK92220.1,PL9
QFH33033.1,CE0
AYH31856.1,PL9
SCG65517.1,CE0
AMA49996.1,PL9
CBZ48778.1,PL9
WAT40091.1,PL9
QBJ84088.1,PL9
QMV38989.1,CE0
UDL23458.1,CE0
SOS41511.1,PL9
QDE95709.1,CE0
AEI32814.1,PL9
AWI66997.1,CE0
APA27609.1,PL9
CAJ19109.1,CE0
AOM32460.1,PL9
BBK74413.1,PL9
ADM72478.1,PL9
WAG41200.1,PL9
QRB10193.1,CE0
AUK23802.1,CE0
UYO07272.1,PL9
BDG73473.1,PL9
QJR57681.1,CE0
AGO51952.1,CE0
UQC91173.1,PL9
ABF88967.1,PL9
QHZ47104.1,PL9
QEV24572.1,PL9
QGY20008.1,CE0
AEO68279.1,CE0
ALI46570.1,CE0
ALS17289.1,PL9
QLR45389.1,PL9
XP_001400833.2,CE0
UOO21749.1,PL9
UOQ82549.1,CE0
QJR74697.1,CE0
UKJ23047.1,CE0
UAY71582.1,PL9
AEV70394.1,PL9
QFZ18953.1,PL9
ABJ83972.1,CE0
QKH86859.1,CE0
URJ65069.1,PL9
QWH09840.1,PL9
QSF42830.1,CE0
QCY73387.1,PL9
UQC68489.1,PL9
UTS72225.1,PL9
AFN73329.1,PL9
UPV88860.1,CE0
AOZ94659.1,PL9
QMS95931.1,PL9
UTH93667.1,PL9
QMX54149.1,PL9
QNP75848.1,PL9
QAW18448.1,PL9
UOQ97144.1,PL9
ADJ49544.1,PL9
AQZ31667.1,CE0
QJW63641.1,CE0
AMR51877.1,PL9
QIZ49055.1,PL9
VWQ00666.1,CE0
QCC34245.1,CE0
UYX08632.1,PL9
ASQ59407.1,CE0
ALD32044.1,CE0
QCQ49576.1,CE0
APZ95751.1,CE0
QEP72176.1,CE0
QEW17348.1,PL9
QVH48373.1,PL9
UBF31698.1,PL9
QUC55449.1,PL9
AWG40656.1,PL9
QSI44347.1,PL9
QVH75967.1,PL9
QKF34972.1,PL9
UXN55901.1,CE0
QFZ21476.1,CE0
UWN95288.1,PL9
VEH97917.1,CE0
UFH55419.1,CE0
APJ04369.1,CE0
AKJ62539.1,PL9
UVP66860.1,CE0
UVQ27076.1,PL9
USF87256.1,PL9
AGF55271.1,CE0
QTE51981.1,CE0
QIK60909.1,CE0
AAO07747.2,CE0
QVH81968.1,PL9
UGS46108.1,PL9
ARU51409.1,PL9
UJO20625.1,CE0
WBB81001.1,CE0
UFT96210.1,PL9
CAH6711726.1,PL9
QBO92743.1,CE0
CBI14069.1,PL9
QOL40058.1,CE0
AZM36798.1,CE0
AUO19144.1,CE0
QHW87948.1,CE0
QGQ15050.1,CE0
BBQ81136.1,PL9
SBT43221.1,PL9
QSG11344.1,PL9
BCS18123.1,CE0
ADI03670.1,PL9
URZ18656.1,PL9
QCR62271.1,PL9
UKK58943.1,PL9
UVQ24441.1,PL9
AOM26551.1,PL9
UFH38204.1,CE0
UVR99621.1,CE0
WAG62433.1,PL9
VBB80928.1,CE0
AYQ47785.1,PL9
UZD72828.1,CE0
QRN38332.1,PL9
UPZ33109.1,PL9
AWV80506.1,PL9
QWN31278.1,PL9
QCE24206.1,CE0
AMV35076.1,CE0
AXK28956.1,CE0
ARX58897.1,CE0
AQV74980.1,CE0
UYV08459.1,CE0
QLQ35400.1,CE0
QEF60557.1,CE0
QLD24904.1,CE0
QCV39372.1,CE0
SOQ03124.1,PL9
UZN03635.1,CE0
QDN84945.1,CE0
ADG33037.1,CE0
SQG80056.1,PL9
QVY66165.1,CE0
QDV57305.1,CE0
QEG16462.1,CE0
SCV07744.1,CE0
QBO21447.1,PL9
QYM90482.1,PL9
AZP16876.1,PL9
QXX72279.1,PL9
ARW07345.1,PL9
UVE52443.1,PL9
QUC66034.1,CE0
UVP79283.1,PL9
AOS00028.1,PL9
QIN31023.1,CE0
QOE03715.1,PL9
SHI44562.1,CE0
QOH18567.1,PL9
ADU75822.1,PL9
QEW99313.1,PL9
ANB98718.1,PL9
QET49232.1,PL9
QMW86514.1,PL9
QUU06383.1,PL9
UKK55954.1,CE0
AYK60896.1,PL9
UNL63178.1,CE0
UHC94309.1,PL9
UFS53660.1,PL9
AVL45274.1,PL9
QYX43106.1,PL9
AEW87114.1,PL9
AAU40984.2,PL9
BCY09002.1,PL9
QDU24182.1,PL9
AKF32236.1,PL9
AYC49678.1,CE0
WAJ23902.1,PL9
QDM93701.1,PL9
QKX54758.1,CE0
QRN30042.1,PL9
AJQ25521.1,PL9
AKD36861.1,PL9
QBG99881.1,PL9
QDX30225.1,PL9
AXP50127.1,PL9
BBK78742.1,PL9
WAG43102.1,PL9
QOG79881.1,PL9
QRV98465.1,CE0
WBL38868.1,PL9
UBD86429.1,CE0
AJK37829.1,PL9
UCP87960.1,PL9
UDI80538.1,PL9
QJW35167.1,PL9
WAG59587.1,PL9
APA16273.1,CE0
QDO07735.1,PL9
QYS89662.1,PL9
QEO97374.1,PL9
QCM51892.1,CE0
SLM02869.1,CE0
WAG73025.1,CE0
UTT55849.1,CE0
UBM59079.1,CE0
UYU55990.1,CE0
ASR45313.1,PL9
UUU37387.1,CE0
ADZ65055.1,PL9
QEV23666.1,CE0
BCA48728.1,PL9
QGQ27127.1,PL9
UTB71355.1,CE0
AWV79640.1,PL9
WAJ22657.1,CE0
ATB60825.1,PL9
VEB60609.1,PL9
ULK58147.1,CE0
QVH66167.1,PL9
UYU87728.1,PL9
UUI72164.1,CE0
QDU02719.1,CE0
QBK00736.1,CE0
QAW10111.1,PL9
UZT10313.1,PL9
ULS46533.1,PL9
QOH64337.1,PL9
ALL59534.1,PL9
AEI42872.1,CE0
AXF61298.1,PL9
UXY23222.1,CE0
UTV32696.1,PL9
AVZ11122.1,CE0
QVH52574.1,PL9
QJZ16626.1,CE0
EAA66327.1,CE0
AKM33871.1,PL9
QGY66475.1,PL9
ALA73438.1,CE0
AWV40862.1,PL9
QEY42987.1,CE0
QKW32847.1,CE0
QPK22361.1,PL9
SMD44374.1,CE0
UJV44473.1,PL9
ASO86777.1,PL9
AJI21302.1,PL9
AAU40984.1,PL9
QEE29627.1,PL9
ADW02386.1,PL9
QCD54184.1,PL9
UVQ12555.1,CE0
QWL01937.1,PL9
UBD86529.1,CE0
UEG48834.1,PL9
ADO72420.1,CE0
UML63425.1,PL9
AVN03684.1,CE0
UER63645.1,CE0
QJE96750.1,CE0
QHP82480.1,PL9
AWT41099.1,CE0
AYK77986.1,PL9
AGA59285.1,CE0
QTL37350.1,CE0
AMX77368.1,PL9
QKJ32757.1,PL9
QCC97641.1,CE0
CZS81168.1,PL9
QHM74846.1,PL9
QLN81158.1,PL9
AMV35914.1,CE0
UPX15983.1,CE0
AZU45458.1,CE0
WAG61563.1,PL9
QPO71292.1,CE0
VEI34444.1,PL9
AYV05352.1,CE0
QYR21238.1,PL9
ADY59785.1,CE0
QDZ95386.1,PL9
QVX09163.1,PL9
QDZ25124.1,CE0
AEY68182.1,CE0
QPL58170.1,PL9
BBJ67227.1,CE0
QBQ45365.1,PL9
UOG35472.1,CE0
AUH03112.1,PL9
AUG56905.1,CE0
AUO08734.1,PL9
SCF37519.1,PL9
BAU92781.1,PL9
AFH63317.1,CE0
ADL35206.1,PL9
BCJ59630.1,PL9
QRP59317.1,PL9
QFI46977.1,PL9
ATP10030.1,PL9
ACE85216.1,CE0
ASY31590.1,CE0
UIO92086.1,PL9
QLQ36538.1,PL9
UQZ92473.1,CE0
AYE66222.1,PL9
SLM09440.1,CE0
QES66012.1,CE0
QIW95188.1,CE0
QGY10705.1,CE0
UZN06304.1,CE0
AYH34304.1,PL9
URM36443.1,CE0
QGQ30815.1,PL9
UCI19046.1,CE0
UWP55622.1,CE0
ADN00761.1,PL9
QPQ43233.1,PL9
WBB78333.1,CE0
ARX15862.1,CE0
ATW37486.1,PL9
USP44738.1,PL9
UVQ27064.1,PL9
UEK95037.1,PL9
SOP96073.1,PL9
QDU14480.1,CE0
AXY47455.1,CE0
ABN52146.1,CE0
QQO69235.1,PL9
QWG48136.1,PL9
AKC83173.1,PL9
ADM71096.1,PL9
QCU16751.1,PL9
AYV74836.1,PL9
ASL61750.1,CE0
UOE50696.1,CE0
AHN24586.1,PL9
ACT06383.1,PL9
QZT63319.1,CE0
AII65147.1,CE0
ADL50504.1,PL9
QDV32533.1,CE0
UYV09395.1,CE0
ASK98990.1,PL9
AEE48955.1,CE0
AMM99126.1,PL9
QKV72161.1,CE0
AZH36989.1,CE0
AQS09959.1,PL9
AZA54374.1,CE0
UMU62025.1,CE0
AET61906.1,PL9
QFW88126.1,CE0
CAD5943887.1,PL9
QEE87850.1,CE0
QFY07761.1,CE0
QIU93951.1,CE0
URG52794.1,PL9
AVX07803.1,PL9
UVR07204.1,CE0
UYQ92548.1,CE0
QIB81813.1,CE0
AII65155.1,CE0
ABO90850.1,CE0
WBA06647.1,CE0
QYT04935.1,CE0
QOG60828.1,PL9
UWP85504.1,PL9
BAV13164.1,PL9
BBN61679.1,PL9
QKP72905.1,PL9
QYM78259.1,PL9
UBF12627.1,PL9
WAT40100.1,CE0
QIT31202.1,PL9
VEC85035.1,PL9
UKK62686.1,CE0
AII65940.1,CE0
UHD11040.1,PL9
USW52268.1,CE0
QPQ38325.1,CE0
QJI82917.1,CE0
QJR66174.1,CE0
UPT55503.1,PL9
UCB36614.1,CE0
UMR38083.1,PL9
QAT85162.1,CE0
ULJ14342.1,CE0
QFG17772.1,CE0
QHW08574.1,PL9
QDV80408.1,CE0
QJY84653.1,CE0
USP50168.1,PL9
UWZ59599.1,PL9
QAU66629.1,CE0
UUZ29888.1,CE0
BDG01534.1,PL9
UOG40297.1,CE0
UQZ85879.1,PL9
AIQ47345.1,PL9
ARV57042.1,CE0
UMU43129.1,CE0
AKD31500.1,PL9
QUF72737.1,CE0
QAU71039.1,CE0
QOH90520.1,CE0
QEZ39497.1,CE0
QZY21653.1,CE0
UKA64033.1,CE0
QDA27104.1,PL9
UVQ71705.1,PL9
UFK52554.1,CE0
ULJ04734.1,CE0
ASO03335.1,CE0
AJQ25518.1,PL9
UPS44886.1,CE0
ARV46284.1,PL9
QEU50458.1,PL9
UJX17866.1,PL9
AZU86482.1,CE0
QIW81674.1,PL9
ADJ49123.1,PL9
QNT72107.1,PL9
QEC56425.1,PL9
WBB46776.1,CE0
UFN97082.1,CE0
AML07583.1,CE0
UJR13476.1,CE0
QUC63414.1,CE0
AIR68138.1,PL9
AEI33573.1,PL9
QWI14477.1,PL9
QBM94053.1,CE0
AUN93311.1,CE0
QEY38230.1,CE0
AOY05202.1,PL9
AXM24181.1,PL9
QHQ01299.1,CE0
QDO05851.1,CE0
QDO17244.1,CE0
QUX27666.1,PL9
QIG35351.1,PL9
USI72780.1,CE0
AGP34019.1,PL9
ALY16032.1,CE0
QST79571.1,PL9
QDK10332.1,CE0
APZ93378.1,CE0
QSH31892.1,CE0
UWN96879.1,PL9
AAO78713.1,CE0
UYU56965.1,PL9
AXZ00438.1,CE0
ATB99606.1,CE0
ABP62787.1,PL9
AQV30497.1,CE0
AVG02900.1,CE0
AIR69999.1,PL9
UFM92982.1,PL9
AOD18585.1,PL9
QEX75291.1,CE0
QDN75373.1,CE0
AOM76312.1,PL9
QWW79583.1,PL9
QEP85990.1,CE0
AQQ75130.1,CE0
SHI28350.1,PL9
UTP30917.1,CE0
ABR37762.1,CE0
QZY26751.1,PL9
AHA29853.1,PL9
CBL33205.1,PL9
QBN17195.1,CE0
QTF59393.1,PL9
QKN93639.1,PL9
BDC05667.1,CE0
AUI17802.1,PL9
UPK46923.1,PL9
ARW42805.1,PL9
QDO35320.1,PL9
UKK53189.1,CE0
WAG57362.1,PL9
QUI44568.1,CE0
QBO52085.1,CE0
ARU28782.1,CE0
UVQ76229.1,CE0
AZN43052.1,PL9
AUY93203.1,CE0
UZN55381.1,PL9
AEQ96624.1,PL9
AWI10412.1,PL9
AKL24138.1,PL9
ATO08911.1,PL9
SCA74301.1,CE0
AKL85010.1,PL9
AVV43344.1,PL9
AGE55293.1,CE0
AYF13098.1,PL9
QHW63444.1,CE0
QRX64993.1,CE0
QGW86845.1,CE0
CCF06803.1,PL9
ASS71651.1,PL9
UKK67942.1,CE0
AZH88118.1,CE0
AEP92695.1,PL9
QUT92737.1,CE0
QMT04628.1,CE0
UBD70074.1,CE0
UTI67629.1,CE0
ANH66082.1,PL9
AEW00862.1,PL9
AUP43885.1,CE0
QSD44885.1,PL9
QIS74802.1,PL9
QMX58363.1,PL9
SDS65094.1,PL9
UYA62592.1,PL9
AZK88684.1,PL9
AJW65156.1,CE0
AQR94781.1,CE0
UDD56943.1,CE0
WAZ27342.1,CE0
UHH22687.1,PL9
QJD01982.1,PL9
AGA25857.1,CE0
AGZ41261.1,CE0
QDK74007.1,PL9
AMF92096.1,PL9
QEY44427.1,CE0
WAC57508.1,CE0
QNK61079.1,PL9
AKD23660.1,PL9
QBM28701.1,CE0
APT52379.1,PL9
QDT96948.1,PL9
QBG88262.1,PL9
AMX42463.1,CE0
QEJ15005.1,CE0
USQ84280.1,PL9
ARI46383.1,CE0
UTQ07445.1,CE0
QOG58106.1,PL9
QWC41485.1,PL9
ATS70134.1,PL9
UFN28707.1,PL9
CCH00340.1,CE0
QJZ00042.1,CE0
QJC89418.1,CE0
AMV37658.1,CE0
QIY95120.1,PL9
UNL92331.1,PL9
QJY80605.1,CE0
AIE37653.1,PL9
QOT69933.1,PL9
QAR43161.1,CE0
QED87397.1,PL9
QSS40301.1,PL9
AMU84962.1,CE0
AVZ56188.1,CE0
UFR00519.1,PL9
QSW88345.1,PL9
USC85585.1,CE0
UQQ35203.1,PL9
QDX38523.1,CE0
UBU18497.1,PL9
QGX85201.1,CE0
QLP44671.1,PL9
QOS80407.1,CE0
APO97700.1,PL9
QDE74114.1,CE0
QKX63118.1,CE0
QEJ25118.1,CE0
UVZ85763.1,PL9
UOI90104.1,PL9
QXE35604.1,PL9
UAN33438.1,CE0
ADP32845.1,PL9
QDH54067.1,CE0
QHI58049.1,CE0
APT51350.1,PL9
UPI87334.1,PL9
QFU88345.1,PL9
QHA09194.1,CE0
UKK66900.1,PL9
ARV32999.1,CE0
AWM71871.1,CE0
QLD23890.1,CE0
AMW08987.1,CE0
UBY94040.1,CE0
QPK52883.1,PL9
QCN34088.1,CE0
ACU38655.1,PL9
UHH02505.1,PL9
QLT79176.1,PL9
ALX07431.1,CE0
ATO40344.1,CE0
UFH33079.1,CE0
AQX99696.1,CE0
QZT33783.1,PL9
UDQ80377.1,PL9
QEJ53863.1,CE0
AUL65341.1,CE0
AWM15013.1,PL9
QLA03711.1,CE0
UTJ11762.1,PL9
USP50166.1,PL9
QLJ99936.1,CE0
VUC90490.1,PL9
QNE74183.1,CE0
QCV41382.1,PL9
AXH21504.1,CE0
QJG36353.1,CE0
QTP46234.1,PL9
UKL09135.1,PL9
UVF18080.1,PL9
QAR48231.1,PL9
WBD15475.1,CE0
AII65943.1,CE0
QOG00749.1,CE0
QCZ81257.1,PL9
QPB61666.1,PL9
QRN03174.1,CE0
QEP67356.1,CE0
QVH63371.1,PL9
QWC51381.1,PL9
UYV00558.1,PL9
ALU59121.1,PL9
AQU73355.1,PL9
AUX19028.1,PL9
UUI65413.1,CE0
QKI50343.1,CE0
URZ09127.1,PL9
QMV98832.1,CE0
AII67872.1,CE0
ASO12911.1,PL9
AFE60734.1,PL9
AQZ70315.1,CE0
NP_347213.1,PL9
QQQ78294.1,PL9
ASI36989.1,PL9
QSQ13210.1,PL9
UWZ83713.1,CE0
QPC59191.1,PL9
QVN27252.1,PL9
QQN81014.1,PL9
QMX52683.1,PL9
UBE41223.1,CE0
QER69094.1,CE0
AEI43346.1,PL9
ANO47570.1,PL9
ULP30611.1,CE0
AKK37631.2,PL9
QCK77676.1,PL9
QUT98069.1,CE0
ANC16972.1,PL9
UUE11718.1,PL9
QNT65269.1,CE0
AML22259.1,CE0
QHP54568.1,PL9
QTM99149.1,PL9
AZO53563.1,CE0
UWN78873.1,PL9
QJD05962.1,PL9
AIY99268.1,PL9
APP86776.1,PL9
QAU85056.1,CE0
ASN87776.1,PL9
BCL42495.1,CE0
QOW06701.1,PL9
AXH87988.1,CE0
UMB78739.1,PL9
ATU20358.1,CE0
UZQ85791.1,PL9
AHF92641.1,PL9
ANS64377.1,PL9
QJR66036.1,CE0
SLM63028.1,PL9
AKF80097.1,CE0
QFI03446.1,PL9
CUX95052.1,PL9
UON96352.1,PL9
ACU64214.1,CE0
AYQ04322.1,CE0
UAY67933.1,CE0
QAW26378.1,PL9
QGK10466.1,CE0
QBI04917.1,CE0
QVH73570.1,PL9
VDY81325.1,CE0
QKJ32575.1,CE0
QGG74632.1,PL9
QLI76429.1,PL9
ATB74928.1,CE0
APK78045.1,CE0
QAZ71868.1,CE0
BBC53500.1,CE0
VWP02627.1,CE0
QER61318.1,CE0
AAK78553.1,PL9
QGI36663.1,PL9
UVS37633.1,CE0
AOZ88881.1,PL9
AEV99797.1,PL9
ANV77403.1,CE0
ANV94914.1,CE0
UVP61282.1,CE0
BBP19828.1,CE0
QEJ18465.1,CE0
AXG58543.1,PL9
QFI50519.1,CE0
QFF94915.1,CE0
QHW42515.1,CE0
QEC66347.1,CE0
UVP58128.1,PL9
QCN23124.1,CE0
QYL20428.1,CE0
ALK99497.1,PL9
AEK90760.1,PL9
UWZ90858.1,CE0
ASK31020.1,PL9
QSG89511.1,CE0
QWN27109.1,PL9
ASE50952.1,CE0
SNV16271.1,PL9
QJC96953.1,CE0
QEG35410.1,PL9
BAI87295.1,PL9
AAR39814.1,CE0
QEH02089.1,CE0
QIO81564.1,CE0
QTU59181.1,PL9
BDU44877.1,CE0
AFI30246.1,PL9
UTX05748.1,PL9
QDZ49848.1,PL9
QIL39517.1,CE0
UXZ17467.1,PL9
UVP82942.1,PL9
BBD44986.1,CE0
QDO29428.1,PL9
AUA14628.1,PL9
QQX26083.1,PL9
QVH45169.1,PL9
UCB40106.1,CE0
AGN86419.1,PL9
ANC31629.1,PL9
QTU52258.1,PL9
WBD55158.1,CE0
ANV75170.1,CE0
QVH74565.1,PL9
UVP43529.1,CE0
UAU36915.1,CE0
CDP29168.1,CE0
QPL73222.1,CE0
CAD7713458.1,PL9
UKK64328.1,CE0
ABF43387.1,PL9
QTU58864.1,CE0
QRA88142.1,CE0
WBD71830.1,CE0
UKY57619.1,PL9
QLU07322.1,PL9
QEG19665.1,CE0
AUL71298.1,CE0
ATO28438.1,PL9
QKS46472.1,PL9
UUA17118.1,PL9
QLJ10062.1,CE0
AUI32622.1,PL9
ADI70669.1,CE0
UPK66760.1,PL9
QOX65725.1,CE0
ATC15014.1,CE0
QEF72684.1,CE0
CAG9800202.1,CE0
UFN24216.1,PL9
APA11901.1,CE0
QDA38412.1,PL9
QEN01267.1,PL9
QHT42691.1,PL9
UBT77369.1,PL9
USP15322.1,PL9
AVI42801.1,PL9
UXF00965.1,CE0
BAE65038.1,CE0
AIC99946.1,PL9
QDW22056.1,CE0
AAO79275.1,PL9
UKS38383.1,PL9
AWM53224.1,PL9
QHI48427.1,CE0
QIH33312.1,PL9
UXX92878.1,PL9
ATG03144.1,PL9
WAC19005.1,PL9
AQY30782.1,PL9
QEH43585.1,PL9
QHK12223.1,PL9
QSI94015.1,PL9
QXN60910.1,PL9
BDS25247.1,CE0
QGU26112.1,PL9
QKV72051.1,PL9
AIR99526.1,PL9
QTC41563.1,CE0
WAR62050.1,CE0
UWN72595.1,CE0
AWM40652.1,CE0
QPH59586.1,CE0
QKO07500.1,PL9
AHM68546.1,PL9
SBV25189.1,CE0
AYC39871.1,PL9
URJ51047.1,PL9
QEJ07694.1,CE0
UFN22963.1,PL9
UQT60257.1,PL9
QAV76879.1,CE0
ALM73640.1,CE0
WAG55006.1,PL9
QVH39974.1,PL9
AUF77348.1,CE0
UPK69768.1,PL9
ULK43216.1,CE0
AZH62685.1,CE0
QEC79693.1,PL9
URM36452.1,CE0
QHQ25452.1,PL9
AQV57848.1,CE0
AZA74300.1,CE0
AWJ36053.1,CE0
QLE33128.1,PL9
AUX66816.1,CE0
BBM70709.1,PL9
UDJ82517.1,PL9
AVV47654.1,CE0
UVS50600.1,PL9
UVR58895.1,CE0
QPI23799.1,PL9
QOH48501.1,PL9
UOI89347.1,CE0
BBM73694.1,PL9
QMW91315.1,PL9
BAL87158.1,PL9
USK93021.1,CE0
QSI97175.1,PL9
VED37724.1,CE0
UJP39150.1,PL9
UPM46641.1,PL9
BAB38691.1,CE0
AEG43920.1,PL9
QJA20137.1,PL9
CUW25813.1,PL9
AXP29226.1,CE0
QDF57468.1,PL9
AOM60882.1,CE0
ASW48588.1,PL9
AIQ74269.1,PL9
APO93978.1,PL9
AOS44237.1,CE0
QFI00194.1,CE0
ATO33769.1,PL9
AEE48638.1,CE0
UJF15654.1,PL9
AKJ03583.1,CE0
QQA76013.1,PL9
ATO14108.1,CE0
QGZ42617.1,PL9
BDQ13295.1,CE0
QDU09311.1,CE0
AXZ45158.1,CE0
AYC19637.1,PL9
QHC13278.1,PL9
QFQ85580.1,CE0
UYY72748.1,CE0
QJF00975.1,CE0
QPL97291.1,CE0
QSV51317.1,CE0
UAX55628.1,PL9
AUJ94584.1,CE0
AZQ39242.1,CE0
QCD38260.1,CE0
APK91968.1,CE0
AWE18202.1,PL9
QJR70297.1,CE0
QTB16499.1,PL9
AQZ63880.1,PL9
UPK99854.1,CE0
QYK64837.1,CE0
QHW80354.1,CE0
ACU73560.1,PL9
UVR68359.1,CE0
QHS41598.1,CE0
UAN10690.1,PL9
UNG00999.1,PL9
ALZ58609.1,CE0
WAM32679.1,PL9
AUV81626.1,PL9
QGJ58682.1,CE0
UPT36298.1,PL9
QKJ79488.1,PL9
URZ13815.1,PL9
UVV82359.1,PL9
AUH10463.1,PL9
AXH91593.1,CE0
QFQ98936.1,PL9
BBF62668.1,CE0
AHJ97138.1,CE0
QPC64279.1,CE0
QIA39029.1,CE0
AYK68505.1,PL9
BAE68885.1,PL9
ABK18553.1,PL9
AUH05429.1,PL9
AEN76227.2,CE0
URG38907.1,CE0
UHZ85522.1,CE0
UZS65076.1,PL9
QNP33232.1,PL9
APL89942.1,CE0
QJY88692.1,CE0
ACP87337.1,CE0
UVR98285.1,CE0
QDV87230.1,CE0
QRP59401.1,PL9
QZZ49013.1,CE0
UOY34063.1,CE0
AWG81515.1,PL9
QAW29122.1,PL9
AIK16292.1,PL9
QAV98595.1,PL9
UQR60238.1,CE0
QSX22292.1,PL9
UAC00484.1,PL9
UNK55674.1,PL9
APL06633.1,CE0
BBC60674.1,PL9
ADJ45084.1,CE0
AWV36716.1,PL9
QDK75887.1,CE0
AUS29210.1,PL9
QEY57451.1,PL9
AEE17210.1,CE0
QDU31554.1,CE0
UWV48256.1,CE0
WAC13518.1,PL9
AVJ43026.1,PL9
UOE51906.1,CE0
QDF03013.1,CE0
QNU68935.1,CE0
AYK99177.1,PL9
QTP40122.1,PL9
QOS78982.1,PL9
ASO07567.1,CE0
ALD41656.1,CE0
QCW32904.1,CE0
BDI31658.1,PL9
UHD04099.1,PL9
UCP85708.1,PL9
UYP80204.1,PL9
APL88025.1,CE0
QIJ51406.1,PL9
ABP47540.1,CE0
QGH98417.1,PL9
AUN49282.1,CE0
ADB40500.1,CE0
ALA76100.1,CE0
CAA0111963.1,CE0
QEJ40730.1,CE0
AZO61479.1,CE0
QLC64089.1,PL9
QWB04550.1,PL9
UUU23686.1,PL9
ARS39128.1,PL9
UJX16017.1,PL9
UYZ38783.1,CE0
NP_349977.1,PL9
QZZ27091.1,PL9
QHO88419.1,PL9
QPW17465.1,CE0
QZD57472.1,PL9
AMW51634.1,CE0
ADL35876.1,PL9
QMW27106.1,PL9
ANA45754.1,PL9
QED74759.1,CE0
QQY38928.1,CE0
ACS85679.1,PL9
QGI99232.1,PL9
UWU50280.1,CE0
QTE38957.1,CE0
QOS80055.1,PL9
APK69067.1,CE0
UKK54358.1,CE0
CCT73237.1,CE0
USP14694.1,PL9
QMV12202.1,CE0
UAY50604.1,CE0
BBP93156.1,PL9
SDR91804.1,PL9
ASQ55902.1,CE0
BAL86940.1,PL9
QNF35528.1,CE0
QFQ96392.1,PL9
QCZ74918.1,PL9
UKK76633.1,CE0
AWM23266.1,PL9
UCU96610.1,CE0
QKF23153.1,CE0
UKS65542.1,PL9
UNB69441.1,PL9
AZO32181.1,CE0
QAS16353.1,PL9
AYA33762.1,PL9
AQV35797.1,CE0
VEH26585.1,CE0
QQX15784.1,CE0
ACZ77096.1,PL9
AEV68188.1,CE0
QSQ23389.1,PL9
ANS39849.1,PL9
QDT75546.1,CE0
QCL39154.1,CE0
WBD49600.1,CE0
QGI15708.1,PL9
ALL87473.1,CE0
AMR62361.1,PL9
UXP33892.1,CE0
UQW96012.1,PL9
QTU61245.1,PL9
QDY06297.1,CE0
QDM84285.1,CE0
AWV60565.1,PL9
QYX82015.1,PL9
ADZ82028.1,PL9
UAC01180.1,CE0
QMU73875.1,CE0
QSA11680.1,PL9
VEC41059.1,CE0
AEC46796.1,PL9
UNF12861.1,PL9
ALV31920.1,PL9
UKK61714.1,PL9
QEC79484.1,CE0
QCJ59900.1,CE0
QQR18968.1,CE0
QEX65736.1,CE0
AOD15185.1,PL9
AMW15167.1,PL9
QAS52182.1,PL9
UWN95766.1,PL9
AUC42856.1,PL9
QMW66742.1,CE0
AMO51326.1,PL9
QHQ56783.1,PL9
CAP62092.1,CE0
QWX85021.1,PL9
APS29848.1,PL9
APH66488.1,PL9
QLU79760.1,PL9
QJU46596.1,PL9
UVQ13870.1,CE0
AMY09989.1,CE0
UYI23483.1,CE0
QPQ27721.1,PL9
AOP15248.1,PL9
VDZ08226.1,CE0
QHM10079.1,PL9
ARW94992.1,CE0
QDF50255.1,PL9
VDZ33115.1,CE0
QYA99573.1,CE0
QIN74444.1,CE0
UUD43773.1,CE0
AYZ17867.1,PL9
QEJ33808.1,CE0
AYG21624.1,CE0
AUK08181.1,CE0
ATY26171.1,CE0
UVS54685.1,CE0
AGP58779.1,PL9
ALL87134.1,PL9
AMW06012.1,CE0
API29342.1,CE0
SCF27373.1,CE0
AEV70393.1,CE0
QTN55312.1,PL9
QNH40339.1,PL9
QEU16201.1,CE0
VTR93660.1,PL9
CEI61613.1,PL9
QNM03735.1,CE0
AUI47497.1,CE0
UCH55450.1,CE0
UUU34826.1,PL9
QQV81252.1,PL9
CAZ97322.1,PL9
QZU85745.1,CE0
QYA38791.1,PL9
QFH00567.1,CE0
QEM49103.1,CE0
UAC00925.1,CE0
EGX47603.1,CE0
UFH55417.1,CE0
QIM68976.1,PL9
ASQ79759.1,CE0
UWP44553.1,CE0
BBD44973.1,CE0
UEG49493.1,CE0
UOG72905.1,CE0
UKB82008.1,CE0
SMR00820.1,PL9
WAG48198.1,PL9
SDT56490.1,PL9
ALK83448.1,CE0
ACZ76356.1,PL9
ADL51547.1,PL9
QLS75083.1,CE0
CEF77871.1,PL9
CDM70474.1,PL9
QCN87098.1,PL9
QPI60942.1,PL9
UVS14861.1,PL9
QUC59343.1,CE0
QNM37662.1,CE0
AEB46202.1,CE0
WAG63576.1,PL9
UQC80857.1,CE0
UCU91714.1,PL9
ATY90663.1,PL9
QTF59394.1,PL9
WAL52403.1,CE0
QCP09179.1,PL9
QDZ84500.1,PL9
QDO59626.1,PL9
BAV07464.1,CE0
BCQ37499.1,PL9
QKJ55958.1,PL9
VEH78329.1,PL9
VEC84421.1,CE0
QDV18995.1,PL9
WBD60718.1,CE0
WBB90304.1,CE0
API97029.1,PL9
QSD33256.1,PL9
ASR46616.1,PL9
ATP95822.1,PL9
QEV12315.1,PL9
QKH10548.1,PL9
QTH73187.1,CE0
UQC90643.1,CE0
QEF69681.1,CE0
AZO07344.1,CE0
ATZ94314.1,PL9
UYO23850.1,CE0
UKA62753.1,CE0
CUI24576.1,PL9
ACZ22552.1,PL9
QCT10975.1,CE0
UVR16323.1,CE0
QZS49071.1,CE0
VTR95428.1,CE0
QZU85089.1,PL9
QSG11333.1,PL9
AKN72347.1,CE0
URZ14487.1,PL9
AQR93258.1,PL9
QJW68315.1,PL9
QDV78529.1,PL9
UXD69557.1,CE0
UJR11212.1,PL9
AEV69010.1,CE0
QJP90331.1,PL9
QEQ78409.1,CE0
ADE83639.1,CE0
UAS96272.1,CE0
VDR30731.1,PL9
VDY76987.1,CE0
ALI97795.1,CE0
QEX69297.1,CE0
BCJ68518.1,PL9
QBO97422.1,CE0
QPO47255.1,CE0
QDT41783.1,CE0
QCD54431.1,CE0
QEI87321.1,CE0
AML02758.1,CE0
UTY52953.1,PL9
ADZ82419.1,PL9
QIS68855.1,CE0
QIS76182.1,CE0
APE56019.1,CE0
AUY25975.1,PL9
UJX32029.1,PL9
VEF84480.1,PL9
ASA57098.1,PL9
AIM31917.1,PL9
QIG08421.1,CE0
AXL92403.1,PL9
UUE64399.1,PL9
CAG15014.1,CE0
QDO59631.1,PL9
QAU94098.1,CE0
BBR23263.1,PL9
WAI72681.1,CE0
EAA64642.1,PL9
BCR79910.1,CE0
CBZ26685.1,CE0
AFJ63723.1,PL9
QBJ07404.1,PL9
AMW33646.2,CE0
URJ67735.1,PL9
QCH80203.1,CE0
QEW34712.1,CE0
AYC36484.1,CE0
ALQ61374.1,CE0
QCH64468.1,CE0
QNN60908.1,CE0
QEU68973.1,PL9
ATS61974.1,PL9
UYT57106.1,CE0
QQX13474.1,PL9
ALJ61703.1,CE0
ADO59170.1,PL9
AYQ54154.1,PL9
UPK42115.1,PL9
AOR63144.1,PL9
UOB14799.1,PL9
UCB39718.1,CE0
ALQ68113.1,PL9
VTS00541.1,CE0
ACT12814.1,PL9
SHH50044.1,CE0
SCD19163.1,CE0
UAB86365.1,CE0
WBL46069.1,CE0
QJA22330.1,PL9
UXP22236.1,CE0
QDV77438.1,CE0
QEJ67960.1,PL9
CDS11360.1,CE0
QKD85281.1,PL9
QCE29621.1,CE0
QDT85010.1,CE0
ULI89875.1,CE0
QVI62612.1,CE0
QKW13404.1,CE0
QMW34907.1,CE0
QJS14775.1,CE0
AOW85070.1,CE0
ACX87824.1,PL9
QHF59791.1,PL9
QFG16082.1,CE0
QTO25660.1,CE0
UGV93613.1,CE0
QDU28296.1,CE0
UKM63845.1,PL9
AQS00275.1,PL9
AXF88841.1,PL9
AXO37239.1,CE0
UVP96349.1,CE0
SPD80551.1,PL9
AXF34928.1,PL9
ANS69624.1,PL9
QSX04214.1,PL9
UTC13162.1,CE0
QBZ64194.1,CE0
AZQ33905.1,PL9
QBZ61744.1,CE0
APB75015.1,PL9
AJA19852.1,PL9
UDD56959.1,CE0
CCT71135.1,CE0
QDT27850.1,CE0
UUI04112.1,PL9
XP_365195.1,CE0
ANB48023.1,PL9
ATX44928.1,CE0
BDD62317.1,CE0
AKG72255.1,PL9
SHI58388.1,CE0
UBS43125.1,CE0
AYQ52719.1,PL9
QOY22216.1,PL9
QOG68996.1,PL9
QZY80054.1,PL9
AZG89094.1,PL9
QNR67392.1,PL9
UDK95310.1,PL9
QVH77765.1,PL9
UNC52371.1,PL9
ALA58120.1,PL9
QEI67977.1,CE0
QFH28396.1,CE0
AQW19138.1,CE0
AUJ36767.1,CE0
APU14717.1,PL9
QAA89675.1,CE0
ASZ56064.1,PL9
QGX87069.1,CE0
CEF83009.1,CE0
AEI62196.1,CE0
CCH00342.1,CE0
ADI06182.1,CE0
AEV96476.1,PL9
UVV54693.1,PL9
WAG59677.1,PL9
UYU61121.1,PL9
UVV60686.1,PL9
UQA31998.1,CE0
AKN11577.1,PL9
QGI68641.1,CE0
QVH71766.1,PL9
WBK52515.1,PL9
BAV04029.1,PL9
EDM77193.1,PL9
AZQ16720.1,PL9
UVD95980.1,PL9
UVP10819.1,CE0
UWY27698.1,CE0
APZ45418.1,PL9
AXR22655.1,PL9
AHL89026.1,PL9
AIF67370.1,PL9
AZI48660.1,PL9
QEZ42368.1,CE0
WAG39480.1,PL9
QMX61105.1,PL9
UMZ45332.1,CE0
ABF39667.1,PL9
BCJ59682.1,CE0
AKF53128.1,PL9
QRV94020.1,PL9
ASK25683.1,PL9
QNE02981.1,CE0
QOG74438.1,PL9
UVE49468.1,PL9
QEC75815.1,CE0
ADU74368.1,CE0
QCC50349.1,PL9
AUI20773.1,PL9
WAJ23280.1,PL9
UYO26982.1,PL9
AQV85991.1,CE0
AYH48761.1,PL9
AWJ80795.1,PL9
QIS75331.1,CE0
QDH54541.1,PL9
AUH13128.1,PL9
CAA57041.1,PL9
AQV26400.1,CE0
UVF17602.1,PL9
QVH46570.1,PL9
QDK78719.1,CE0
URQ59739.1,PL9
UVS50588.1,PL9
QLG08804.1,PL9
UZN18939.1,CE0
ULR52134.1,PL9
QCM80102.1,CE0
APU75363.1,PL9
BDU26176.1,CE0
ADV89313.1,PL9
QHU97014.1,CE0
AAW75519.1,PL9
APP02072.1,PL9
BCL17360.1,CE0
QZT40481.1,PL9
AUX94129.1,PL9
UXE38213.1,PL9
USX26111.1,CE0
UPY95133.1,PL9
QBQ42956.1,CE0
AUX41643.1,PL9
QMW78361.1,CE0
AOM72966.1,CE0
UBD72224.1,CE0
QDY84819.1,CE0
QDU37890.1,CE0
QEF20265.1,PL9
ADE68770.1,PL9
AIA73262.1,PL9
ANT58407.1,PL9
UVS19079.1,CE0
AYQ51956.1,PL9
UWO01927.1,PL9
QEF98229.1,CE0
ASV29581.1,CE0
UVP52597.1,CE0
UZW31877.1,CE0
QDY06862.1,CE0
QSF29581.1,PL9
QLG39149.1,CE0
QLK84487.1,CE0
UYU38362.1,CE0
UJW91368.1,PL9
AVJ69186.1,CE0
ANS70584.1,CE0
AXG79553.1,PL9
UKA60097.1,CE0
QOH10592.1,PL9
QLU91769.1,CE0
QHJ66218.1,CE0
ABS60377.1,CE0
AUY30874.1,CE0
AOD13087.1,CE0
QKZ99480.1,CE0
ATC63731.1,CE0
CCG51449.1,PL9
UVO95114.1,CE0
AVR45656.1,PL9
QDO71291.1,CE0
QDU63581.1,CE0
ATE58353.1,PL9
QAW14102.1,PL9
ABP01004.1,CE0
AXL20054.1,CE0
AQZ88218.1,CE0
AWS66360.1,CE0
QLG40737.1,PL9
ACZ98598.1,CE0
AZP04483.1,PL9
BBS31769.1,CE0
QAU18353.1,CE0
AMW98046.1,PL9
UVS26780.1,CE0
QAR98662.1,PL9
AOS27398.1,PL9
QTF62227.1,CE0
BCR96460.1,CE0
QRM98467.1,PL9
QOH05275.1,PL9
AUH46786.1,PL9
AKJ31254.1,PL9
ALH93947.1,CE0
CCC85398.1,PL9
AUY83357.1,CE0
AEK42543.1,CE0
ANR84268.1,CE0
UXX81330.1,PL9
UXI80583.1,PL9
APF21118.1,PL9
WBO79614.1,PL9
AQS14143.1,PL9
UNI54239.1,PL9
URZ06013.1,PL9
UCZ74685.1,PL9
UQW97912.1,PL9
USK92400.1,PL9
QSD36678.1,PL9
WAT80595.1,PL9
AVE79911.1,PL9
UWZ59844.1,CE0
UBM18486.1,CE0
UPL02629.1,CE0
ANY95477.1,PL9
BDF76779.1,CE0
ASK59979.1,PL9
APJ08060.1,PL9
UCK59306.1,CE0
QUT88834.1,CE0
QGY47968.1,CE0
QKB35719.1,CE0
AZS86042.1,PL9
UHC63471.1,PL9
NP_762757.1,CE0
UML62870.1,CE0
QQN89776.1,CE0
URJ49699.1,PL9
UJW98795.1,PL9
QCW97930.1,PL9
QCR13938.1,CE0
AOO63115.1,PL9
ASY79180.1,PL9
AIT07692.1,CE0
UFN08329.1,PL9
QIP96489.1,CE0
QEC71875.1,PL9
QOV49495.1,PL9
UEG96499.1,PL9
QQM47248.1,PL9
ACE85652.1,CE0
QCC37548.1,PL9
QEM10695.1,PL9
QKD62656.1,PL9
APH37305.1,PL9
QTT75684.1,CE0
AYV44768.1,CE0
UPK67029.1,CE0
QEM93972.1,PL9
UBT77494.1,PL9
QUF84665.1,PL9
AIW31432.1,PL9
UMO89247.1,PL9
AEN96277.1,CE0
AOC96218.1,CE0
AGW84686.1,CE0
ADJ29604.1,PL9
ADU11277.1,PL9
AYQ31076.1,CE0
WBB98913.1,PL9
AUX48815.1,CE0
APH48640.1,PL9
ATC63730.1,PL9
QFY07804.1,CE0
UYU56977.1,PL9
AKC67817.1,PL9
WBL52175.1,PL9
AGG63058.1,PL9
QHW42182.1,PL9
UOQ84292.1,PL9
AUO06620.1,PL9
QLC82455.1,CE0
QOH52804.1,PL9
QSZ15075.1,CE0
SBT38933.1,CE0
QVH60974.1,PL9
ACR10707.1,CE0
QRY56403.1,CE0
QHE15303.1,PL9
USX53914.1,CE0
QDJ87820.1,CE0
BDT31982.1,CE0
QCZ76585.1,PL9
BAB92974.1,PL9
UHH17053.1,PL9
QFG23240.1,PL9
ATB89872.1,CE0
QES67845.1,CE0
AKQ68587.1,CE0
AZV49797.1,PL9
QPK60307.1,PL9
QBF91281.1,CE0
UOK62345.1,CE0
CDG31344.1,PL9
QHW47665.1,CE0
AMW15655.1,PL9
ALN49140.1,CE0
AUZ14151.1,CE0
SOS22968.1,PL9
AXO09702.1,CE0
AAU23620.1,PL9
UUE09992.1,PL9
QAU81452.1,CE0
APK35323.1,CE0
AMK74148.1,PL9
QCW37105.1,CE0
UXK02084.1,PL9
URZ03136.1,PL9
AHW60805.1,CE0
QUT26889.1,CE0
QMV07969.1,PL9
UFN17473.1,PL9
QHI50049.1,CE0
AVT70516.1,CE0
QNK06722.1,PL9
AEJ20917.1,CE0
AHM66177.1,PL9
QTB20894.1,PL9
QLN68060.1,CE0
AUJ67476.1,PL9
ASB88023.1,PL9
ADX05679.1,CE0
QEO64082.1,PL9
CAH8609569.1,CE0
ACB60972.1,PL9
UKM65565.1,CE0
BCZ52203.1,CE0
VED55567.1,PL9
AIE86247.1,CE0
APJ56766.1,CE0
UOZ24143.1,CE0
ALI42173.1,CE0
QQQ65990.1,CE0
QPO62665.1,CE0
BDC13401.1,CE0
AUV21230.1,CE0
AIL15833.1,PL9
AEP88580.1,PL9
UQZ47640.1,PL9
UUO18630.1,CE0
QLD24317.1,CE0
QZU79654.1,PL9
UGS42806.1,PL9
QSD47971.1,PL9
AUG67889.1,CE0
QYF87616.1,CE0
QOV90777.1,PL9
QNS19868.1,PL9
UWE11291.1,CE0
QDU03943.1,PL9
QEV29368.1,PL9
QSD27560.1,PL9
XP_363088.1,CE0
UZW34958.1,CE0
AKP76725.1,PL9
BCJ76400.1,CE0
ANP21121.1,CE0
QNU67689.1,CE0
QSD49843.1,PL9
CUH91694.1,CE0
ACZ78987.1,PL9
AQV48961.1,CE0
QTU60280.1,PL9
QWU10286.1,PL9
UNJ87661.1,PL9
CAP67448.1,CE0
VWP01537.1,CE0
ALQ75245.1,CE0
QKS45696.1,PL9
QBR15800.1,CE0
QQO47392.1,PL9
UBZ01913.1,CE0
QDU49332.1,CE0
AAD34550.1,CE0
QLU27266.1,PL9
AVV41774.1,PL9
AGF55383.1,PL9
QDS90987.1,CE0
WBD09820.1,CE0
AAK76802.1,PL9
BCY11812.1,PL9
QHB86411.1,CE0
AUX31249.1,PL9
QHR57063.1,CE0
UVQ61513.1,PL9
AZW06092.1,CE0
BBK60660.1,CE0
UNG07869.1,CE0
AVT34021.1,CE0
USK24237.1,PL9
QGT72758.1,CE0
QKH04786.1,PL9
QAS13831.1,PL9
AWH72399.1,CE0
BAF59283.1,PL9
AAK76817.1,CE0
UOG07537.1,PL9
QEU65228.1,PL9
UDD64353.1,CE0
UTX06999.1,CE0
WBC18619.1,PL9
ACU61012.1,PL9
UVR67196.1,PL9
BCZ45876.1,PL9
AGP35876.1,PL9
QSF40787.1,PL9
QDY08841.1,PL9
UTX10044.1,CE0
USS70379.1,CE0
UOY68036.1,CE0
AZZ95764.1,CE0
QEF67924.1,CE0
AWV81016.1,PL9
UWZ89914.1,CE0
AUO18612.1,PL9
UAY51141.1,CE0
QUU06150.1,PL9
QFX41949.1,CE0
UHC29308.1,CE0
QMW93303.1,PL9
AOM38770.1,PL9
AQR87899.1,PL9
QEV79673.1,PL9
APK22924.1,CE0
URZ08551.1,PL9
AND19030.1,CE0
QDT43442.1,PL9
UDV47613.1,PL9
UPL47383.1,PL9
AUQ40330.1,CE0
BBB65963.1,PL9
QDK91580.1,PL9
UVS02323.1,CE0
QEN01268.1,PL9
ASJ36678.1,CE0
UUE80795.1,PL9
AGJ88407.1,PL9
UFR07057.1,CE0
QTH46355.1,PL9
AZN39570.1,PL9
ANY39014.1,PL9
UAY52710.1,PL9
AJW87477.1,PL9
WBB97488.1,PL9
AQR95316.1,PL9
AII38601.1,PL9
UYU80229.1,PL9
QUM55304.1,PL9
QEU82570.1,CE0
QYM96099.1,PL9
QXC55547.1,CE0
UNE52645.1,PL9
UVE42170.1,CE0
BBC27202.1,CE0
QDT89529.1,CE0
CAD0299007.1,PL9
ABR39479.1,CE0
ATC63932.1,CE0
ADV94453.1,PL9
VTS03912.1,CE0
BCJ61433.1,CE0
VEF23364.1,CE0
AII67656.1,CE0
URG54304.1,PL9
UOY43563.1,CE0
