qseqid,Family
AAA23286.1,CE0
AAA24850.1,PL9
AAA97205.1,CE0
AAA99476.1,PL9
AAC77265.1,CE0
AAD34550.1,CE0
AAF05308.1,PL9
AAG59609.1,PL9
AAK43010.1,CE0
AAK76802.1,PL9
AAK76817.1,CE0
AAK78553.1,PL9
AAK78788.1,PL9
AAK79928.1,PL9
AAK81317.1,PL9
AAL51034.1,PL9
AAN78811.1,PL9
AAO07747.1,CE0
AAO07747.2,CE0
AAO79275.1,PL9
AAO79288.1,PL9
AAQ43717.1,PL9
AAR39814.1,CE0
AAR39816.1,CE0
AAU38349.1,PL9
AAU40984.1,PL9
AAU40984.2,PL9
AAU40984.3,PL9
AAW75519.1,PL9
AAW99109.1,PL9
AAY35910.1,PL9
AAZ05893.1,PL9
AAZ34634.1,PL9
ABA65775.1,CE0
ABD82203.1,PL9
ABD83001.1,CE0
ABF39667.1,PL9
ABF42246.1,CE0
ABF43387.1,PL9
ABF50860.1,CE0
ABF87771.1,CE0
ABF88967.1,PL9
ABG60575.1,CE0
ABG61504.1,PL9
ABJ83972.1,CE0
ABK18553.1,PL9
ABN53181.1,CE0
ABN53381.1,PL9
ABN53396.1,CE0
ABN54077.1,CE0
ABO90850.1,CE0
ABP01004.1,CE0
ABP47540.1,CE0
ABP62787.1,PL9
ABQ06889.1,CE0
ABR37762.1,CE0
ABR74828.1,PL9
ABS60377.1,CE0
ABS75569.1,PL9
ABU43960.1,CE0
ABV64147.1,PL9
ABX41986.1,PL9
ABX42257.1,PL9
ABX44216.1,PL9
ABY31954.1,PL9
ABY31955.1,PL9
ACA40849.1,PL9
ACB60972.1,PL9
ACB75214.1,PL9
ACB77364.1,CE0
ACD58928.1,PL9
ACE85652.1,CE0
ACL75588.1,CE0
ACL77751.1,CE0
ACL94355.2,CE0
ACM60943.1,PL9
ACN78954.1,CE0
ACP87318.1,CE0
ACP87337.1,CE0
ACR10707.1,CE0
ACR12533.1,CE0
ACR71158.1,PL9
ACR72246.1,PL9
ACR72247.1,PL9
ACR72725.1,PL9
ACS45847.1,CE0
ACS47414.1,CE0
ACS85679.1,PL9
ACS85991.1,PL9
ACS87748.1,PL9
ACT06383.1,PL9
ACT07147.1,PL9
ACT08992.1,PL9
ACT12814.1,PL9
ACU02897.1,CE0
ACU36973.1,PL9
ACU37209.1,CE0
ACU38655.1,PL9
ACU61012.1,PL9
ACU61637.1,PL9
ACU64214.1,CE0
ACU72485.1,CE0
ACU73560.1,PL9
ACU73765.1,CE0
ACU76018.1,CE0
ACV63615.1,PL9
ACW01946.1,CE0
ACW01965.1,CE0
ACX75581.1,PL9
ACX87824.1,PL9
ACX90250.1,PL9
ACY49268.1,PL9
ACY53600.1,PL9
ACZ22552.1,PL9
ACZ76356.1,PL9
ACZ78987.1,PL9
ACZ89633.1,CE0
ACZ98598.1,CE0
ACZ98649.1,PL9
ACZ98652.1,PL9
ADB40500.1,CE0
ADD02972.1,PL9
ADD61495.1,CE0
ADE68770.1,PL9
ADE82670.1,CE0
ADE83639.1,CE0
ADF38580.1,PL9
ADF51369.1,CE0
ADF51370.1,CE0
ADF53787.1,CE0
ADG10723.1,CE0
ADG33037.1,CE0
ADG66555.1,CE0
ADG73161.1,CE0
ADH66451.1,PL9
ADI03670.1,PL9
ADI05091.1,PL9
ADI06182.1,CE0
ADI11236.1,PL9
ADI70669.1,CE0
ADJ29604.1,PL9
ADJ45084.1,CE0
ADJ49123.1,PL9
ADK54828.1,CE0
ADK73591.1,CE0
ADL01965.1,CE0
ADL25843.1,PL9
ADL35206.1,PL9
ADL35876.1,PL9
ADL43124.1,CE0
ADL45508.1,CE0
ADL46112.1,PL9
ADL47151.1,PL9
ADL50504.1,PL9
ADL50643.1,PL9
ADL51369.1,PL9
ADL51547.1,PL9
ADL52345.1,PL9
ADL52399.1,CE0
ADL53059.1,PL9
ADL53901.1,PL9
ADM39626.1,PL9
ADM71096.1,PL9
ADM72478.1,PL9
ADM72622.1,CE0
ADN00761.1,PL9
ADN44891.1,PL9
ADO56710.1,PL9
ADO59170.1,PL9
ADO72420.1,CE0
ADP32845.1,PL9
ADQ02369.1,CE0
ADQ05297.1,CE0
ADQ18325.1,CE0
ADQ41331.1,PL9
ADQ79791.1,CE0
ADQ79792.1,CE0
ADR35658.1,PL9
ADT89412.1,PL9
ADU07592.1,CE0
ADU10249.1,PL9
ADU11277.1,PL9
ADU21606.1,CE0
ADU21671.1,PL9
ADU21987.1,CE0
ADU23208.1,CE0
ADU73509.1,CE0
ADU74368.1,CE0
ADU75635.1,CE0
ADU75822.1,PL9
ADU75838.1,CE0
ADV44419.1,CE0
ADV46072.1,PL9
ADV63033.1,PL9
ADV83207.1,PL9
ADV83427.1,CE0
ADV89213.1,CE0
ADV89313.1,PL9
ADW02386.1,PL9
ADX05679.1,CE0
ADY37490.1,CE0
ADY53896.1,PL9
ADY59785.1,CE0
ADZ19627.1,PL9
ADZ19862.1,PL9
ADZ21021.1,PL9
ADZ22427.1,PL9
ADZ22838.1,PL9
ADZ22853.1,CE0
ADZ47894.1,CE0
ADZ65055.1,PL9
ADZ84408.1,CE0
ADZ84563.1,CE0
AEB25721.1,PL9
AEB43857.1,CE0
AEB44756.1,CE0
AEB65186.1,PL9
AEE17210.1,CE0
AEE17572.1,PL9
AEE44547.1,CE0
AEE48404.1,CE0
AEE48638.1,CE0
AEE52240.1,CE0
AEE54275.1,CE0
AEG43920.1,PL9
AEI31318.1,PL9
AEI32814.1,PL9
AEI33573.1,PL9
AEI34798.1,PL9
AEI34813.1,CE0
AEI39062.1,PL9
AEI42872.1,CE0
AEI43346.1,CE0+PL9
AEI46706.1,CE0
AEI52013.1,CE0
AEI52014.1,CE0
AEI62196.1,CE0
AEI98454.1,CE0
AEJ18793.1,PL9
AEJ20917.1,CE0
AEJ59801.1,CE0
AEK41841.1,CE0
AEK42543.1,CE0
AEK46084.1,PL9
AEK46523.1,PL9
AEK60129.1,PL9
AEK90760.1,PL9
AEL25656.1,CE0
AEL27115.1,CE0
AEM73875.1,PL9
AEM84377.1,PL9
AEM86339.1,PL9
AEN67146.1,PL9
AEN74282.1,PL9
AEN76227.2,CE0
AEN90359.1,PL9
AEN96277.1,CE0
AEO54717.1,CE0
AEO59736.1,CE0
AEO60969.1,CE0
AEO66483.1,CE0
AEO68279.1,CE0
AEO70515.1,CE0
AEP88580.1,PL9
AEP92695.1,PL9
AEQ96624.1,PL9
AER82908.1,PL9
AER87827.1,PL9
AET57992.1,PL9
AET58179.1,CE0
AET61906.1,PL9
AEV68181.1,CE0
AEV68188.1,CE0
AEV69010.1,CE0
AEV69063.1,PL9
AEV70393.1,CE0
AEV70394.1,PL9
AEV84760.1,CE0
AEV96474.1,PL9
AEV96476.1,PL9
AEV97023.1,PL9
AEV98197.1,CE0
AEV99797.1,PL9
AEW00862.1,PL9
AEW22711.1,CE0
AEW87114.1,PL9
AEX03069.1,PL9
AEX54654.1,PL9
AEY65169.1,CE0
AEY66847.1,PL9
AEY67493.1,CE0
AEY68001.1,CE0
AEY86349.1,CE0
AEZ62727.1,PL9
AFC86662.1,PL9
AFE05408.1,CE0
AFE60734.1,PL9
AFH62884.1,CE0
AFH63317.1,CE0+PL9
AFI30246.1,PL9
AFI62706.1,CE0
AFI90081.1,PL9
AFI92788.1,PL9
AFJ63723.1,PL9
AFK02173.1,CE0
AFK03766.1,CE0
AFK05656.1,CE0
AFK58171.1,PL9
AFK65394.1,CE0+PL9
AFL88081.1,CE0
AFN34870.1,PL9
AFN73329.1,PL9
AFN75583.1,CE0
AFO76795.1,CE0
AFO80831.1,PL9
AFO81253.1,PL9
AFQ59498.1,PL9
AFR03183.1,PL9
AFR05640.1,PL9
AFS70531.1,PL9
AFU18128.1,PL9
AFU99250.1,CE0
AFZ92331.1,PL9
AGA21687.1,PL9
AGA25857.1,CE0
AGA59285.1,CE0
AGB11453.1,PL9
AGB29252.1,CE0
AGC42846.1,CE0
AGC45345.1,CE0
AGC48001.1,PL9
AGC67199.1,PL9
AGE48476.1,CE0
AGE51510.1,CE0
AGE53885.1,CE0
AGE54253.1,CE0
AGE55293.1,CE0
AGE65250.1,PL9
AGE78319.1,PL9
AGF26074.1,PL9
AGF54340.1,PL9
AGF55271.1,CE0
AGF55383.1,PL9
AGF56046.1,CE0
AGF56642.1,PL9
AGF57035.1,CE0
AGF58686.1,PL9
AGF60572.1,CE0
AGI30795.1,PL9
AGI38277.1,PL9
AGJ58352.1,PL9
AGJ88407.1,PL9
AGL16788.1,CE0
AGN36519.1,PL9
AGN86419.1,PL9
AGO51952.1,CE0
AGP34019.1,PL9
AGP34778.1,CE0
AGP35876.1,PL9
AGP38160.1,CE0
AGP58779.1,PL9
AGQ97168.1,PL9
AGS74428.1,PL9
AGT83923.1,CE0
AGT84602.1,CE0
AGT87959.1,PL9
AGT88381.1,PL9
AGU85701.1,PL9
AGU87586.1,PL9
AGW84686.1,CE0
AGX06968.1,PL9
AGX07793.1,CE0
AGX42961.1,PL9
AGX43075.1,PL9
AGY53377.1,CE0
AGZ41261.1,CE0
AGZ58064.1,PL9
AGZ94308.1,PL9
AHA29853.1,PL9
AHA79593.1,PL9
AHC22393.1,PL9
AHC43806.1,PL9
AHE14911.1,PL9
AHF07979.1,PL9
AHF14518.1,CE0
AHF92641.1,PL9
AHI04803.1,PL9
AHJ01201.1,PL9
AHJ75946.1,PL9
AHJ95485.1,CE0
AHJ95486.1,CE0
AHJ97138.1,CE0
AHK50735.1,PL9
AHL73294.1,PL9
AHL89022.1,PL9
AHL89026.1,PL9
AHM68546.1,PL9
AHN20431.1,PL9
AHN24586.1,PL9
AHW58806.1,CE0
AHW58807.1,CE0
AHW60353.1,CE0
AHW60805.1,CE0
AHW86174.1,PL9
AHX21590.1,PL9
AHX22002.1,PL9
AHZ17533.1,PL9
AHZ51378.1,PL9
AIA73262.1,PL9
AIA91425.1,CE0
AIC42127.1,PL9
AIC46358.1,PL9
AIC94351.1,PL9
AIC99946.1,PL9
AID77340.1,PL9
AIE33791.1,PL9
AIE37657.1,PL9
AIE86247.1,CE0
AIF08714.1,CE0
AIF67370.1,PL9
AII38601.1,PL9
AII65155.1,CE0
AII65940.1,CE0
AII65943.1,CE0
AII66180.1,CE0
AII67872.1,CE0
AIK13826.1,PL9
AIK16292.1,PL9
AIL15833.1,PL9
AIL29995.1,CE0
AIL73263.1,CE0
AIL73342.1,PL9
AIM31917.1,PL9
AIM34992.1,PL9
AIQ18143.1,PL9
AIQ19270.1,PL9
AIQ29760.1,PL9
AIQ47345.1,PL9
AIQ52882.1,PL9
AIQ74269.1,PL9
AIR68138.1,PL9
AIR69999.1,PL9
AIR99526.1,PL9
AIS01329.1,CE0
AIT07692.1,CE0
AIU75617.1,PL9
AIU83422.1,PL9
AIU90325.1,PL9
AIW31432.1,PL9
AIW35360.1,PL9
AIW38963.1,PL9
AIW42243.1,PL9
AIX09274.1,PL9
AIY94958.1,PL9
AIY99268.1,PL9
AIZ15958.1,CE0
AIZ61961.1,PL9
AJA19852.1,PL9
AJC25933.1,PL9
AJC66160.1,PL9
AJC66869.1,PL9
AJC76183.1,CE0
AJD38681.1,PL9
AJE51846.1,PL9
AJE53900.1,PL9
AJE80193.1,PL9
AJF70969.1,PL9
AJF85503.1,PL9
AJG91174.1,PL9
AJH25531.1,PL9
AJI21302.1,PL9
AJK37829.1,PL9
AJK40522.1,PL9
AJK66932.1,PL9
AJK87424.1,PL9
AJO18379.1,PL9
AJO60015.1,PL9
AJQ25518.1,PL9
AJQ25521.1,PL9
AJQ83305.1,PL9
AJQ93105.1,CE0
AJQ93198.1,CE0
AJQ97543.1,PL9
AJQ97558.1,CE0
AJR18367.1,CE0
AJW65156.1,CE0
AJW87477.1,PL9
AKA71923.1,PL9
AKC49212.1,PL9
AKC83173.1,PL9
AKD31500.1,PL9
AKD36861.1,PL9
AKD53833.1,CE0
AKD57566.1,CE0
AKE25464.1,PL9
AKF32236.1,PL9
AKF44442.1,PL9
AKF53128.1,PL9
AKF75173.1,PL9
AKF80097.1,CE0
AKG43374.1,PL9
AKG44228.1,CE0
AKG46264.1,PL9
AKG46850.1,CE0
AKG72255.1,PL9
AKH85743.1,CE0
AKI94395.1,PL9
AKJ03583.1,CE0
AKJ27953.1,CE0
AKJ29881.1,PL9
AKJ29882.1,PL9
AKJ29904.1,PL9
AKJ31254.1,PL9
AKJ62539.1,PL9
AKJ62542.1,PL9
AKK37631.1,PL9
AKK37631.2,PL9
AKL07211.1,PL9
AKL24138.1,PL9
AKL77973.1,PL9
AKL85010.1,PL9
AKM33871.1,PL9
AKM78031.1,PL9
AKN11577.1,PL9
AKN71570.1,PL9
AKN72347.1,CE0
AKO91430.1,PL9
AKP51248.1,CE0
AKP52624.1,CE0
AKP76725.1,PL9
AKQ63746.1,PL9
AKQ68587.1,CE0
AKQ73262.1,PL9
AKR12824.1,PL9
AKU30614.1,PL9
AKU56549.1,PL9
AKX86292.1,PL9
AKZ47662.1,PL9
AKZ57851.1,PL9
ALA43198.1,PL9
ALA44499.1,PL9
ALA53838.1,PL9
ALA58120.1,PL9
ALA73438.1,CE0
ALA76100.1,CE0
ALB34566.1,CE0
ALC19479.1,PL9
ALC25808.1,CE0
ALC82323.1,PL9
ALD27882.1,CE0
ALD32044.1,CE0
ALD36775.1,CE0
ALD41656.1,CE0
ALE00858.1,PL9
ALE86266.1,CE0
ALG53461.1,PL9
ALH93947.1,CE0
ALI42173.1,CE0
ALI46570.1,CE0
ALI97795.1,CE0
ALJ43452.1,PL9
ALJ43466.1,PL9
ALJ44193.1,CE0
ALJ48336.1,CE0
ALJ49034.1,PL9
ALJ58617.1,CE0
ALJ59085.1,CE0
ALJ60154.1,CE0
ALJ61700.1,CE0
ALJ61703.1,CE0
ALJ62172.1,CE0
ALK83448.1,CE0
ALK99497.1,PL9
ALK99497.2,PL9
ALL59534.1,PL9
ALL87134.1,PL9
ALL87473.1,CE0
ALL91667.1,CE0
ALM27462.1,PL9
ALM44005.1,PL9
ALM67976.1,PL9
ALM73640.1,CE0
ALM73720.1,PL9
ALN49140.1,CE0
ALO12950.1,PL9
ALO15718.1,CE0
ALO71684.1,CE0
ALO73541.1,CE0
ALO99878.1,CE0
ALP38265.1,PL9
ALQ49322.1,PL9
ALQ61374.1,CE0
ALQ68113.1,PL9
ALQ75245.1,CE0
ALR90301.1,PL9
ALS04387.1,CE0
ALS17289.1,PL9
ALS19187.1,PL9
ALS84190.1,PL9
ALS89935.1,CE0
ALT52304.1,CE0
ALU45384.1,CE0
ALU59121.1,PL9
ALV02877.1,PL9
ALV31446.1,CE0
ALV67428.1,CE0
ALX07431.1,CE0
ALX08313.1,CE0
ALX09629.1,CE0
ALX09854.1,PL9
ALX09870.1,CE0
ALX55266.1,CE0
ALX60524.1,CE0
ALX97327.1,PL9
ALY16032.1,CE0
ALZ58609.1,CE0
ALZ71860.1,PL9
ALZ98580.1,PL9
AMA49996.1,PL9
AMA54146.1,PL9
AMA62681.1,PL9
AMB26480.1,PL9
AMB72733.1,CE0
AMB91483.1,PL9
AMC99037.1,CE0
AMF89100.1,CE0
AMG02494.1,CE0
AMG09275.1,PL9
AMG10357.1,PL9
AMG10433.1,CE0
AMG10433.2,CE0
AMG18611.1,CE0
AMG80367.1,CE0
AMH24388.1,CE0
AMH28701.1,CE0
AMH33140.1,CE0
AMH37884.1,CE0
AMJ64716.1,CE0
AML02758.1,CE0
AML07583.1,CE0
AML12296.1,CE0
AML22259.1,CE0
AMM39297.1,CE0
AMM99126.1,PL9
AMN65295.1,CE0
AMO07959.1,CE0
AMO21028.1,PL9
AMO33190.1,PL9
AMO60102.1,CE0
AMP33469.1,PL9
AMP62296.1,PL9
AMQ01844.1,PL9
AMQ54180.1,CE0
AMQ56781.1,CE0
AMQ69247.1,PL9
AMQ71929.1,PL9
AMR05760.1,PL9
AMR10481.1,PL9
AMR25275.1,CE0
AMR28544.1,CE0
AMR31935.1,CE0
AMR48698.1,PL9
AMR91707.1,PL9
AMS49213.1,PL9
AMT95671.1,PL9
AMU84962.1,CE0
AMV17044.1,CE0
AMV19001.1,PL9
AMV19171.1,CE0
AMV26970.1,CE0
AMV30232.1,CE0
AMV35076.1,CE0
AMV35914.1,CE0
AMV37658.1,CE0
AMV40306.1,CE0
AMW06012.1,CE0
AMW08987.1,CE0
AMW09714.1,PL9
AMW33646.2,CE0
AMW98046.1,PL9
AMW99046.1,PL9
AMX01498.1,CE0
AMX12966.1,CE0
AMX31957.1,CE0
AMX37982.1,CE0
AMX42463.1,CE0
AMX77368.1,PL9
AMY09989.1,CE0
ANA45754.1,PL9
ANB08283.1,PL9
ANB19106.1,CE0
ANB48023.1,PL9
ANB85215.1,PL9
ANB98718.1,PL9
ANC16972.1,PL9
ANC31629.1,PL9
ANC32005.1,PL9
AND19030.1,CE0
AND64475.1,PL9
ANE60587.1,CE0
ANE65389.1,CE0
ANE74124.1,PL9
ANE75430.1,PL9
ANE77208.1,PL9
ANF14375.1,PL9
ANF38292.1,PL9
ANF45690.1,PL9
ANF95238.1,PL9
ANG71803.1,CE0
ANG77303.1,CE0
ANG82982.1,CE0
ANG90878.1,PL9
ANH03584.1,CE0
ANH66000.1,CE0
ANH66082.1,PL9
ANH70231.1,PL9
ANH83022.1,CE0
ANH83664.1,PL9
ANI38314.1,CE0
ANI85152.1,PL9
ANJ26032.1,PL9
ANJ32406.1,PL9
ANJ37776.1,CE0
ANJ40867.1,CE0
ANK11569.1,CE0
ANK35216.1,CE0
ANK51626.1,CE0
ANN21904.1,CE0
ANO31226.1,CE0
ANO47570.1,PL9
ANO50977.1,PL9
ANO92223.1,CE0
ANP21121.1,CE0
ANQ05169.1,CE0
ANQ57772.1,PL9
ANR79459.1,PL9
ANR84268.1,CE0
ANS62881.1,PL9
ANS64377.1,PL9
ANS64380.1,PL9
ANS66663.1,PL9
ANS69624.1,PL9
ANS70507.1,CE0
ANS70584.1,CE0
ANS77284.1,PL9
ANT48609.1,CE0
ANT58407.1,PL9
ANU31607.1,PL9
ANU43734.1,CE0
ANU56192.1,CE0
ANV74320.1,PL9
ANV75170.1,CE0
ANV77403.1,CE0
ANV77628.1,PL9
ANV77644.1,CE0
ANV94557.1,PL9
ANV94914.1,CE0
ANW22232.1,CE0
ANW28918.1,CE0
ANW43286.1,CE0
ANX00231.1,PL9
ANX09835.1,PL9
ANY33910.1,PL9
ANY39014.1,PL9
ANY70158.1,PL9
ANY70493.1,PL9
ANY95477.1,PL9
ANZ11671.1,PL9
ANZ40881.1,PL9
ANZ41151.1,CE0
ANZ43397.1,CE0
AOA12967.1,PL9
AOC58864.1,PL9
AOC92618.1,PL9
AOC96207.1,CE0
AOC96218.1,CE0
AOD13087.1,CE0
AOD13722.1,PL9
AOD17115.1,PL9
AOD18585.1,PL9
AOF88238.1,CE0
AOH54728.1,PL9
AOK89169.1,PL9
AOK90429.1,PL9
AOL09507.1,CE0
AOL25674.1,PL9
AOL31381.1,PL9
AOL99524.1,PL9
AOM17621.1,PL9
AOM20418.1,PL9
AOM23465.1,PL9
AOM26551.1,PL9
AOM29514.1,PL9
AOM32460.1,PL9
AOM38770.1,PL9
AOM54984.1,CE0
AOM76312.1,PL9
AOM76655.1,CE0
AOM79469.1,PL9
AON61930.1,PL9
AOO58274.1,PL9
AOO63115.1,PL9
AOO72746.1,CE0
AOP00060.1,CE0
AOP15248.1,PL9
AOR05753.1,CE0
AOR58972.1,PL9
AOR60892.1,PL9
AOR63144.1,PL9
AOR73365.1,PL9
AOR94441.1,PL9
AOR96287.1,PL9
AOR96288.1,PL9
AOS00028.1,PL9
AOS02466.1,PL9
AOS05966.1,PL9
AOS14998.1,PL9
AOS23266.1,PL9
AOS27398.1,PL9
AOS30775.1,PL9
AOS61647.1,PL9
AOS63294.1,PL9
AOS69740.1,PL9
AOT00800.1,PL9
AOT10412.1,CE0
AOT15518.1,CE0
AOT20231.1,CE0
AOT34577.1,CE0
AOT49936.1,PL9
AOT55594.1,PL9
AOT58971.1,PL9
AOT77822.1,PL9
AOU02487.1,PL9
AOV14832.1,PL9
AOV24526.1,CE0
AOV29877.1,CE0
AOV35243.1,CE0
AOV40658.1,CE0
AOV46002.1,CE0
AOV51418.1,CE0
AOV56002.1,CE0
AOV91440.1,PL9
AOW15618.1,CE0
AOW17787.1,PL9
AOW19208.1,CE0
AOW85070.1,CE0
AOX60609.1,CE0
AOY05202.1,PL9
AOY65827.1,PL9
AOZ88881.1,PL9
AOZ94532.1,PL9
AOZ98790.1,PL9
APA04319.1,PL9
APA11680.1,CE0
APA11901.1,CE0
APA16273.1,CE0
APA27609.1,PL9
APA27963.1,CE0
APB03608.1,PL9
APB68912.1,CE0
APB69051.1,PL9
APB70347.1,PL9
APB73706.1,PL9
APB75015.1,PL9
APB83754.1,PL9
APC33988.1,CE0
APC34765.1,PL9
APC40809.1,PL9
APC54690.1,CE0
APC89010.1,PL9
APE41643.1,PL9
APE56019.1,CE0
APE60969.1,CE0
APE65850.1,CE0
APE70685.1,CE0
APE85608.1,PL9
APE93895.1,CE0
APF18433.1,PL9
APF21118.1,PL9
APG20619.1,PL9
APG33802.1,CE0
APH14762.1,CE0
APH37305.1,PL9
APH48640.1,PL9
APH66488.1,PL9
API01447.1,CE0
API07409.1,CE0
API12640.1,CE0
API18208.1,CE0
API23852.1,CE0
API29342.1,CE0
API40567.1,CE0
API43864.1,PL9
API45655.1,CE0
API97029.1,PL9
APJ04369.1,CE0
APJ08060.1,PL9
APJ56766.1,CE0
APJ62907.1,CE0
APJ69831.1,CE0
APJ74277.1,CE0
APJ90843.1,CE0
APJ95544.1,CE0
APK03853.1,CE0
APK05092.1,PL9
APK09074.1,CE0
APK14018.1,CE0
APK22924.1,CE0
APK29302.1,CE0
APK35323.1,CE0
APK36924.1,PL9
APK37596.1,CE0
APK45510.1,CE0
APK59815.1,CE0
APK61657.1,CE0
APK71199.1,CE0
APK78045.1,CE0
APK82536.1,CE0
APK87357.1,CE0
APK91968.1,CE0
APK96715.1,CE0
APL01500.1,CE0
APL06393.1,PL9
APL06633.1,CE0
APL07600.1,CE0
APL15197.1,PL9
APL16401.1,CE0
APL24077.1,PL9
APL25946.1,CE0
APL29992.1,PL9
APL30355.1,CE0
APL35985.1,CE0
APL39937.1,PL9
APL40863.1,CE0
APL48816.1,CE0
APL50758.1,CE0
APL59055.1,CE0
APL63436.1,CE0
APL68976.1,CE0
APL73551.1,CE0
APL74643.1,CE0
APL82766.1,CE0
APL88025.1,CE0
APL89942.1,CE0
APM32370.1,PL9
APO47059.1,CE0
APO47099.1,PL9
APO48380.1,PL9
APO93978.1,PL9
APO97700.1,PL9
APP02072.1,PL9
APP15238.1,PL9
APP74218.1,PL9
APP82189.1,PL9
APP86776.1,PL9
APQ23317.1,CE0
APQ51184.1,PL9
APQ60488.1,PL9
APQ61787.1,PL9
APQ62066.1,PL9
APS29848.1,PL9
APS32088.1,PL9
APS38648.1,CE0
APT04613.1,CE0
APT21798.1,PL9
APT44841.1,PL9
APT51350.1,PL9
APT64260.1,CE0
APU11176.1,PL9
APU14717.1,PL9
APU20685.1,PL9
APU68902.1,PL9
APU75363.1,PL9
APV55657.1,PL9
APV58445.1,PL9
APW38385.1,CE0
APW38882.1,CE0
APW62647.1,CE0
APZ45418.1,PL9
APZ46070.1,PL9
APZ92421.1,CE0
APZ93378.1,CE0
APZ95751.1,CE0
APZ95893.1,CE0
AQA06122.1,CE0
AQA11200.1,PL9
AQP42751.1,PL9
AQP42752.1,PL9
AQP94479.1,CE0
AQP96779.1,PL9
AQQ75130.1,CE0
AQR83684.1,PL9
AQR87899.1,PL9
AQR90254.1,PL9
AQR90369.1,PL9
AQR93258.1,PL9
AQR94157.1,CE0
AQR94279.1,PL9
AQR94781.1,CE0
AQR95316.1,PL9
AQR96842.1,PL9
AQR97379.1,PL9
AQS00160.1,PL9
AQS00275.1,PL9
AQS09959.1,PL9
AQS14143.1,PL9
AQS14258.1,PL9
AQS45642.1,PL9
AQT57188.1,PL9
AQT60070.1,CE0
AQT75084.1,CE0
AQU45367.1,PL9
AQU73355.1,PL9
AQV22334.1,CE0
AQV26400.1,CE0
AQV30497.1,CE0
AQV35797.1,CE0
AQV43452.1,CE0
AQV48961.1,CE0
AQV54855.1,CE0
AQV64668.1,CE0
AQV74980.1,CE0
AQV85991.1,CE0
AQV88838.1,CE0
AQV95594.1,CE0
AQW06428.1,CE0
AQW11053.1,CE0
AQW19138.1,CE0
AQW49974.1,PL9
AQW56218.1,PL9
AQW71579.1,PL9
AQW76368.1,CE0
AQX99696.1,CE0
AQY27723.1,PL9
AQY30782.1,PL9
AQY42453.1,PL9
AQZ19222.1,CE0
AQZ31667.1,CE0
AQZ62544.1,CE0
AQZ63880.1,PL9
AQZ64416.1,CE0
AQZ70315.1,CE0
AQZ70497.1,PL9
AQZ71903.1,PL9
AQZ88218.1,CE0
AQZ92524.1,PL9
ARA04674.1,CE0
ARA10052.1,CE0
ARA20280.1,CE0
ARA32113.1,CE0
ARA65770.1,CE0
ARA78409.1,PL9
ARA83744.1,PL9
ARA85869.1,PL9
ARB22979.1,PL9
ARB34807.1,PL9
ARC20548.1,PL9
ARC58962.1,PL9
ARC65367.1,PL9
ARC68078.1,PL9
ARC73666.1,PL9
ARD14545.1,PL9
ARD57951.1,PL9
ARD63408.1,PL9
ARH99970.1,CE0
ARI06070.1,PL9
ARI46377.1,CE0
ARI46383.1,CE0
ARI76505.1,CE0
ARI86276.1,PL9
ARJ42998.1,PL9
ARJ76589.1,PL9
ARK11682.1,CE0
ARK30471.1,PL9
ARM29355.1,PL9
ARM81877.1,CE0
ARN68692.1,CE0
ARN85969.1,PL9
ARO87639.1,CE0
ARP68374.1,CE0
ARQ68497.1,CE0
ARR32377.1,CE0
ARR41831.1,CE0
ARR62729.1,CE0
ARR66896.1,CE0
ARS06526.1,CE0
ARS39128.1,PL9
ART45856.1,CE0
ART73968.1,CE0
ARU28782.1,CE0
ARU51409.1,PL9
ARV32999.1,CE0
ARV37564.1,CE0
ARV46284.1,PL9
ARV49581.1,CE0
ARV57042.1,CE0
ARW00543.1,PL9
ARW04612.1,PL9
ARW07345.1,PL9
ARW33514.1,PL9
ARW40721.1,PL9
ARW42805.1,PL9
ARW86314.1,CE0
ARW94992.1,CE0
ARX24454.1,CE0
ARX32121.1,CE0
ARX58897.1,CE0
ARZ59751.1,PL9
ARZ83304.1,CE0
ARZ88656.1,CE0
ASA57070.1,PL9
ASA57098.1,PL9
ASA60319.1,CE0
ASA67604.1,CE0
ASB47763.1,PL9
ASB48758.1,CE0
ASB48759.1,CE0
ASB49976.1,PL9
ASB59022.1,PL9
ASB63500.1,PL9
ASB67325.1,PL9
ASB71799.1,PL9
ASB77563.1,CE0
ASD66607.1,CE0
ASE50952.1,CE0
ASF30291.1,PL9
ASF56634.1,PL9
ASI18176.1,CE0
ASI35398.1,PL9
ASI36989.1,PL9
ASI37411.1,PL9
ASI37607.1,PL9
ASI58362.1,PL9
ASJ27911.1,CE0
ASJ32801.1,PL9
ASK25683.1,PL9
ASK31020.1,PL9
ASK59979.1,PL9
ASK92220.1,PL9
ASK98990.1,PL9
ASK99020.1,PL9
ASL00368.1,PL9
ASL33758.1,CE0
ASM64702.1,PL9
ASM64781.1,PL9
ASM64782.1,PL9
ASM98504.1,CE0
ASN32983.1,CE0
ASN36397.1,CE0
ASN42882.1,CE0
ASN85420.1,PL9
ASN87776.1,PL9
ASO03335.1,CE0
ASO05214.1,CE0
ASO07567.1,CE0
ASO12911.1,PL9
ASO86777.1,PL9
ASO91020.1,CE0
ASO95757.1,CE0
ASP24204.1,PL9
ASQ38800.1,PL9
ASQ59407.1,CE0
ASQ79759.1,CE0
ASQ93905.1,PL9
ASQ99856.1,PL9
ASR45313.1,PL9
ASR45407.1,CE0
ASR46616.1,PL9
ASR54677.1,PL9
ASR55206.1,CE0
ASS63179.1,PL9
ASS71651.1,PL9
AST63213.1,CE0
AST98611.1,PL9
ASU35958.1,CE0
ASU56852.1,CE0
ASU97167.1,PL9
ASV02442.1,PL9
ASV39036.1,CE0
ASV63913.1,PL9
ASV76032.1,CE0
ASV95398.1,PL9
ASW23299.1,CE0
ASW48588.1,PL9
ASW75534.1,PL9
ASX07978.1,CE0
ASY75307.1,PL9
ASY76967.1,PL9
ASY79180.1,PL9
ASY81493.1,PL9
ASZ05569.1,PL9
ASZ49107.1,PL9
ASZ56064.1,PL9
ASZ63083.1,PL9
ASZ69633.1,PL9
ATB11264.1,CE0
ATB16458.1,CE0
ATB28354.1,CE0
ATB40392.1,CE0
ATB42709.1,PL9
ATB45899.1,CE0
ATB50321.1,PL9
ATB60825.1,PL9
ATB74928.1,CE0
ATB89872.1,CE0
ATB95550.1,CE0
ATC06136.1,CE0
ATC15014.1,CE0
ATC19081.1,CE0
ATC50853.1,PL9
ATC63118.1,PL9
ATC63731.1,CE0
ATC64553.1,PL9
ATC65549.1,CE0
ATD06906.1,CE0
ATD74621.1,PL9
ATD77564.1,PL9
ATE54528.1,PL9
ATE54529.1,PL9
ATE54694.1,CE0
ATE58353.1,PL9
ATG03144.1,PL9
ATG64279.1,CE0
ATG79694.1,CE0
ATH70311.1,CE0
ATH74122.1,PL9
ATH90903.1,CE0
ATH92264.1,PL9
ATI08901.1,CE0
ATI45157.1,PL9
ATI76222.1,PL9
ATL41072.1,PL9
ATL82069.1,PL9
ATL88255.1,PL9
ATM07934.1,PL9
ATM11186.1,CE0
ATM14855.1,PL9
ATM23578.1,PL9
ATM29450.1,CE0
ATM77673.1,PL9
ATM84395.1,CE0
ATO08911.1,PL9
ATO14108.1,CE0
ATO17703.1,PL9
ATO28438.1,PL9
ATO32925.1,PL9
ATO33769.1,PL9
ATO40344.1,CE0
ATO79290.1,CE0
ATO81950.1,CE0
ATO83152.1,CE0
ATO83891.1,PL9
ATO85457.1,CE0
ATP10030.1,PL9
ATP26611.1,CE0
ATP40263.1,PL9
ATP95822.1,PL9
ATS28403.1,PL9
ATS32394.1,PL9
ATS40920.1,PL9
ATS45190.1,PL9
ATS49454.1,PL9
ATS53723.1,PL9
ATS57863.1,PL9
ATS61974.1,PL9
ATS66014.1,PL9
ATS78522.1,PL9
ATS82492.1,PL9
ATS91046.1,PL9
ATT99435.1,PL9
ATU02389.1,PL9
ATU20358.1,CE0
ATU28288.1,PL9
ATV11862.1,CE0
ATV24344.1,PL9
ATV42949.1,PL9
ATV44688.1,PL9
ATV48182.1,CE0
ATW37486.1,PL9
ATW99539.1,CE0
ATX12095.1,CE0
ATX18870.1,CE0
ATX44928.1,CE0
ATX49186.1,CE0
ATX52036.1,CE0
ATX59924.1,CE0
ATY22139.1,CE0
ATY26171.1,CE0
ATY90663.1,PL9
ATY92927.1,PL9
ATZ32014.1,CE0
ATZ40795.1,CE0
ATZ53576.1,CE0
ATZ57303.1,CE0
ATZ57304.1,CE0
ATZ94314.1,PL9
ATZ96465.1,PL9
AUA14628.1,PL9
AUA42124.1,CE0
AUA48534.1,CE0
AUB38401.1,CE0
AUC19279.1,PL9
AUC19932.1,PL9
AUC20688.1,CE0
AUC20689.1,CE0
AUC40461.1,PL9
AUC73536.1,PL9
AUF77348.1,CE0
AUF93977.1,CE0
AUG19242.1,CE0
AUG37602.1,PL9
AUG56076.1,CE0
AUG57748.1,CE0
AUG67889.1,CE0
AUG81844.1,CE0
AUG96459.1,CE0
AUG98797.1,PL9
AUH00726.1,PL9
AUH01108.1,PL9
AUH03112.1,PL9
AUH05047.1,PL9
AUH05429.1,PL9
AUH09156.1,PL9
AUH10463.1,PL9
AUH11423.1,PL9
AUH14399.1,PL9
AUH46786.1,PL9
AUI17802.1,PL9
AUI23742.1,PL9
AUI32622.1,PL9
AUI47497.1,CE0
AUJ36681.1,PL9
AUJ36767.1,CE0
AUJ60372.1,PL9
AUJ70452.1,CE0
AUJ75843.1,PL9
AUJ83702.1,PL9
AUJ94584.1,CE0
AUK02892.1,CE0
AUK08181.1,CE0
AUK23802.1,CE0
AUL71298.1,CE0
AUL98353.1,CE0
AUM09887.1,CE0
AUN41163.1,CE0
AUN49282.1,CE0
AUN93311.1,CE0
AUO08734.1,PL9
AUO18612.1,PL9
AUO19144.1,CE0
AUO19771.1,PL9
AUO35222.1,CE0
AUO59988.1,CE0
AUO62875.1,PL9
AUP43885.1,CE0
AUP78509.1,CE0
AUQ25362.1,PL9
AUQ26035.1,PL9
AUQ27389.1,PL9
AUS06374.1,PL9
AUS17457.1,PL9
AUS26820.1,PL9
AUS29210.1,PL9
AUS39993.1,CE0
AUS80626.1,PL9
AUT10882.1,CE0
AUT89700.1,PL9
AUU03884.1,PL9
AUU33652.1,CE0
AUV21230.1,CE0
AUV81626.1,PL9
AUV89578.1,PL9
AUV98147.1,PL9
AUW11919.1,PL9
AUX04529.1,CE0
AUX19028.1,PL9
AUX24036.1,PL9
AUX24225.1,PL9
AUX27140.1,CE0
AUX29092.1,PL9
AUX29931.1,CE0
AUX31249.1,PL9
AUX31504.1,CE0
AUX39922.1,PL9
AUX40426.1,CE0
AUX41643.1,PL9
AUX42674.1,PL9
AUX46314.1,PL9
AUX48815.1,CE0
AUX49152.1,PL9
AUX94129.1,PL9
AUY30874.1,CE0
AUY39405.1,PL9
AUY47110.1,CE0
AUY72295.1,CE0
AUY74892.1,CE0
AUY83357.1,CE0
AUY85103.1,CE0
AUY93203.1,CE0
AUZ10891.1,CE0
AUZ13749.1,PL9
AUZ14151.1,CE0
AUZ28140.1,PL9
AUZ30779.1,PL9
AUZ91890.1,CE0
AVB09225.1,PL9
AVB13347.1,PL9
AVB24448.1,PL9
AVB47281.1,CE0
AVD34216.1,CE0
AVE79911.1,PL9
AVF19998.1,CE0
AVF37596.1,PL9
AVG02900.1,CE0
AVH33736.1,PL9
AVI30285.1,PL9
AVI42801.1,PL9
AVI45579.1,PL9
AVI56837.1,CE0
AVJ43026.1,PL9
AVJ45261.1,PL9
AVJ69186.1,CE0
AVK98515.1,PL9
AVL04643.1,PL9
AVL11772.1,CE0
AVL45274.1,PL9
AVL80045.1,PL9
AVM06627.1,CE0
AVM07190.1,PL9
AVM25873.1,PL9
AVM52697.1,CE0
AVM57872.1,CE0
AVM59063.1,CE0
AVN03684.1,CE0
AVN11692.1,CE0
AVN36881.1,CE0
AVQ79063.1,CE0
AVR45656.1,PL9
AVR45660.1,PL9
AVR71609.1,CE0
AVS08523.1,CE0
AVS49644.1,CE0
AVT28164.1,CE0
AVT28312.1,PL9
AVT34021.1,CE0
AVT38454.1,PL9
AVT40037.1,CE0
AVT41696.1,CE0
AVT59041.1,PL9
AVT60998.1,PL9
AVT64625.1,CE0
AVT70516.1,CE0
AVU48191.1,CE0
AVU63408.1,CE0
AVU68459.1,CE0
AVV41774.1,PL9
AVV43344.1,PL9
AVV69420.1,CE0
AVV77653.1,CE0
AVV95478.1,PL9
AVW97938.1,PL9
AVX01487.1,CE0
AVX07803.1,PL9
AVX15890.1,PL9
AVX24523.1,PL9
AVZ11122.1,CE0
AVZ51582.1,CE0
AVZ56188.1,CE0
AWA92397.1,PL9
AWB44904.1,PL9
AWD14330.1,PL9
AWD89310.1,PL9
AWE18202.1,PL9
AWF16904.1,CE0
AWF23058.1,CE0
AWF38456.1,PL9
AWF51040.1,PL9
AWG40656.1,PL9
AWG81515.1,PL9
AWG85553.1,PL9
AWH72107.1,PL9
AWH72399.1,CE0
AWI07866.1,PL9
AWI10412.1,PL9
AWI38621.1,PL9
AWI66997.1,CE0
AWJ07413.1,CE0
AWJ51829.1,CE0
AWJ57793.1,CE0
AWK47716.1,PL9
AWL06441.1,PL9
AWM15013.1,PL9
AWM18730.1,PL9
AWM34870.1,CE0
AWM40652.1,CE0
AWM45676.1,PL9
AWM53224.1,PL9
AWM71871.1,CE0
AWM84558.1,PL9
AWN40540.1,PL9
AWN72114.1,CE0
AWN81225.1,CE0
AWO20140.1,CE0
AWO26883.1,CE0
AWO33373.1,CE0
AWQ14866.1,PL9
AWR47620.1,CE0
AWR75771.1,CE0
AWR84357.1,CE0
AWS39941.1,CE0
AWS66360.1,CE0
AWT18556.1,PL9
AWT41099.1,CE0
AWT44429.1,PL9
AWV09425.1,CE0
AWV34223.1,PL9
AWV36716.1,PL9
AWV40862.1,PL9
AWV57551.1,PL9
AWV79640.1,PL9
AWV80276.1,PL9
AWV80506.1,PL9
AWV81016.1,PL9
AWV82348.1,PL9
AWV82362.1,CE0
AWV90187.1,PL9
AWV98968.1,CE0
AWX16878.1,CE0
AWX40920.1,CE0
AWX46906.1,PL9
AWX73894.1,PL9
AWZ60485.1,CE0
AWZ68714.1,CE0
AXA91222.1,PL9
AXB43314.1,PL9
AXC14102.1,PL9
AXC32613.1,PL9
AXC55268.1,PL9
AXC58126.1,CE0
AXE59455.1,CE0
AXE70606.1,CE0
AXE84984.1,PL9
AXE89779.1,CE0
AXF34928.1,PL9
AXF48684.1,CE0
AXF61298.1,PL9
AXF66871.1,PL9
AXF88841.1,PL9
AXF97721.1,CE0
AXG16565.1,CE0
AXG51805.1,PL9
AXG52464.1,CE0
AXG55534.1,PL9
AXG57411.1,PL9
AXG57414.1,PL9
AXG58543.1,PL9
AXG63801.1,CE0
AXG70945.1,PL9
AXG79553.1,PL9
AXH18660.1,PL9
AXH19016.1,CE0
AXH21504.1,CE0
AXH59285.1,PL9
AXH87988.1,CE0
AXH91593.1,CE0
AXH92126.1,PL9
AXH92233.1,CE0
AXH93077.1,PL9
AXI75491.1,CE0
AXI82776.1,PL9
AXK28956.1,CE0
AXK77701.1,CE0
AXL04382.1,CE0
AXL20054.1,CE0
AXL92403.1,PL9
AXM13543.1,PL9
AXM24181.1,PL9
AXM32490.1,PL9
AXM36205.1,PL9
AXM93552.1,CE0
AXN21176.1,PL9
AXN87959.1,CE0
AXO09702.1,CE0
AXO35042.1,PL9
AXO37239.1,CE0
AXO79643.1,PL9
AXO82154.1,CE0
AXP50127.1,PL9
AXP79895.1,PL9
AXQ18555.1,CE0
AXQ97528.1,CE0
AXR02681.1,CE0
AXR16960.1,PL9
AXR22655.1,PL9
AXS62378.1,PL9
AXT13969.1,PL9
AXT82561.1,CE0
AXT85165.1,CE0
AXU17127.1,CE0
AXU97129.1,PL9
AXV13984.1,CE0
AXV63163.1,PL9
AXX32254.1,PL9
AXY39335.1,PL9
AXY47816.1,PL9
AXY71769.1,PL9
AXY75649.1,CE0
AXY76447.1,CE0
AXZ45158.1,CE0
AXZ80078.1,CE0
AXZ88903.1,CE0
AYA09531.1,PL9
AYB47730.1,PL9
AYC18877.1,PL9
AYC19637.1,PL9
AYC21187.1,PL9
AYC36484.1,CE0
AYC39871.1,PL9
AYC42228.1,PL9
AYC43066.1,CE0
AYC43073.1,CE0
AYC49678.1,CE0
AYC51704.1,PL9
AYD39807.1,PL9
AYD77021.1,CE0
AYE18731.1,CE0
AYE45420.1,CE0
AYE51860.1,PL9
AYE66222.1,PL9
AYF13098.1,PL9
AYF16885.1,PL9
AYF21419.1,PL9
AYF28197.1,PL9
AYF28760.1,CE0
AYF85519.1,PL9
AYF85523.1,PL9
AYG21624.1,CE0
AYH01281.1,PL9
AYH03628.1,PL9
AYH05547.1,PL9
AYH07963.1,PL9
AYH09996.1,PL9
AYH12435.1,PL9
AYH14368.1,PL9
AYH16715.1,PL9
AYH19293.1,PL9
AYH21151.1,PL9
AYH23070.1,PL9
AYH25414.1,PL9
AYH27552.1,PL9
AYH29885.1,PL9
AYH31856.1,PL9
AYH34304.1,PL9
AYH36315.1,PL9
AYH38713.1,PL9
AYH47991.1,PL9
AYH50115.1,PL9
AYJ32776.1,CE0
AYJ88322.1,PL9
AYK59786.1,PL9
AYK60896.1,PL9
AYK65591.1,PL9
AYK68505.1,PL9
AYK76137.1,PL9
AYK77986.1,PL9
AYK90819.1,PL9
AYK99177.1,PL9
AYL13085.1,CE0
AYL93753.1,CE0
AYL93948.1,CE0
AYM72231.1,PL9
AYN23342.1,CE0
AYN37951.1,PL9
AYO06941.1,PL9
AYO65408.1,CE0
AYO72857.1,CE0
AYP03842.1,CE0
AYQ04322.1,CE0
AYQ16522.1,PL9
AYQ31076.1,CE0
AYQ32329.1,PL9
AYQ33228.1,CE0
AYQ33229.1,CE0
AYQ47785.1,PL9
AYQ48556.1,PL9
AYQ49990.1,PL9
AYQ51956.1,PL9
AYQ52719.1,PL9
AYQ54154.1,PL9
AYQ60810.1,PL9
AYR84284.1,CE0
AYU78398.1,CE0
AYV05352.1,CE0
AYV17188.1,PL9
AYV31873.1,CE0
AYV44768.1,CE0
AYV74836.1,PL9
AYW57150.1,PL9
AYY95210.1,CE0
AYZ17867.1,PL9
AYZ43343.1,CE0
AYZ53012.1,PL9
AZA04376.1,CE0
AZA49355.1,CE0
AZA54374.1,CE0
AZG40456.1,PL9
AZG52644.1,CE0
AZG54056.1,CE0
AZG89094.1,PL9
AZH29640.1,PL9
AZH31745.1,PL9
AZH41962.1,CE0
AZH46753.1,CE0
AZH57291.1,CE0
AZH62685.1,CE0
AZH67988.1,CE0
AZH88118.1,CE0
AZI24930.1,CE0
AZI48660.1,PL9
AZI89593.1,PL9
AZJ24015.1,PL9
AZJ42899.1,PL9
AZJ48887.1,PL9
AZK48750.1,CE0
AZK62622.1,PL9
AZK64875.1,PL9
AZK88684.1,PL9
AZM36798.1,CE0
AZM44060.1,CE0
AZM49705.1,CE0
AZM79815.1,PL9
AZN39570.1,PL9
AZN43052.1,PL9
AZN43053.1,PL9
AZN79343.1,PL9
AZN98282.1,CE0
AZO11456.1,CE0
AZO19930.1,CE0
AZO32181.1,CE0
AZO51582.1,CE0
AZO53563.1,CE0
AZO61479.1,CE0
AZO64392.1,CE0
AZO71439.1,CE0
AZO77559.1,PL9
AZO77574.1,PL9
AZP04483.1,PL9
AZP15246.1,CE0
AZP15270.1,CE0
AZP16876.1,PL9
AZP19151.1,PL9
AZP23738.1,CE0
AZQ16720.1,PL9
AZQ33905.1,PL9
AZQ39242.1,CE0
AZQ40275.1,CE0
AZQ78913.1,CE0
AZR20219.1,CE0
AZS18076.1,PL9
AZS58940.1,PL9
AZS86042.1,PL9
AZS88016.1,PL9
AZU15452.1,PL9
AZU28210.1,PL9
AZU32599.1,PL9
AZU36975.1,PL9
AZU45458.1,CE0
AZU73275.1,CE0
AZU77722.1,CE0
AZU82204.1,CE0
AZU86482.1,CE0
AZV23523.1,CE0
AZV35805.1,PL9
AZV55096.1,PL9
AZV74102.1,PL9
AZV90862.1,PL9
AZW06092.1,CE0
AZZ29498.1,CE0
AZZ95764.1,CE0
BAA81753.1,PL9
BAB04213.1,PL9
BAB39493.1,CE0
BAB92974.2,PL9
BAB92994.1,CE0
BAC61429.1,PL9
BAC74093.1,PL9
BAC87940.1,PL9
BAC97314.1,CE0
BAC97406.1,PL9
BAD65802.1,PL9
BAE48157.1,CE0
BAE60780.1,CE0
BAE62547.1,CE0
BAE63679.1,CE0
BAE65038.1,CE0
BAE68885.1,PL9
BAF59283.1,PL9
BAG17214.1,CE0
BAI87295.1,PL9
BAJ10857.1,CE0
BAJ65680.1,CE0
BAK21915.1,PL9
BAL45992.1,PL9
BAL55011.1,CE0
BAL61806.1,PL9
BAL87158.1,PL9
BAM59738.1,PL9
BAP82677.1,CE0
BAR47645.1,CE0
BAR50387.1,CE0
BAR87238.1,PL9
BAR87240.1,PL9
BAS43604.1,PL9
BAT50680.1,PL9
BAU56050.1,CE0
BAU82433.1,CE0
BAU85087.1,CE0
BAU92781.1,PL9
BAU92790.1,PL9
BAV04029.1,PL9
BAV05305.1,PL9
BAV08865.1,CE0
BAV08916.1,PL9
BAV13161.1,PL9
BAV13164.1,PL9
BAV13165.1,PL9
BAV13166.1,PL9
BAV13167.1,PL9
BAV13168.1,PL9
BAX09587.1,PL9
BAX13798.1,CE0
BAX78799.1,CE0
BAY06245.1,CE0
BBA14836.1,CE0
BBA77853.1,PL9
BBA94051.1,CE0
BBA96250.1,CE0
BBB01381.1,PL9
BBB58494.1,PL9
BBB59967.1,PL9
BBB64446.1,PL9
BBB65963.1,PL9
BBC53500.1,CE0
BBC60674.1,PL9
BBD44973.1,CE0
BBD44986.1,CE0
BBD44994.1,CE0
BBF50890.1,CE0
BBF62668.1,CE0
BBH63877.1,PL9
BBH67453.1,PL9
BBH67891.1,CE0
BBI25915.1,PL9
BBI31421.1,PL9
BBI38194.1,PL9
BBI95171.1,CE0
BBJ44663.1,PL9
BBJ54617.1,PL9
BBJ54622.1,PL9
BBJ58304.1,CE0
BBJ63500.1,CE0
BBJ91442.1,CE0
BBJ93363.1,CE0
BBK50340.1,CE0
BBK55622.1,CE0
BBK60660.1,CE0
BBK74413.1,PL9
BBK76501.1,PL9
BBK78741.1,PL9
BBK78742.1,PL9
BBK87432.1,CE0
BBL44736.1,CE0
BBM70709.1,PL9
BBM73694.1,PL9
BBN61679.1,PL9
BBO87716.1,PL9
BBP17096.1,CE0
BBP19828.1,CE0
BBP25826.1,CE0
BBP30310.1,CE0
BBP93156.1,PL9
BBQ81136.1,PL9
BBQ86283.1,PL9
BBR23263.1,PL9
BBR61266.1,PL9
BBS31769.1,CE0
BBT44479.1,CE0
BBT87769.1,PL9
BBT90220.1,CE0
BBU64945.1,PL9
BBV68460.1,PL9
BBV70779.1,CE0
BBV78970.1,PL9
BBV81233.1,CE0
BBV91412.1,CE0
BBW21439.1,CE0
BBW26569.1,CE0
BBW30847.1,CE0
BBW35573.1,CE0
BBW45546.1,CE0
BBW79079.1,PL9
BBZ87242.1,CE0
BCA48715.1,PL9
BCA48728.1,PL9
BCB76562.1,PL9
BCB91020.1,PL9
BCD99777.1,CE0
BCE06858.1,PL9
BCE08654.1,PL9
BCE14754.1,PL9
BCE14755.1,PL9
BCG11467.1,PL9
BCG75157.1,CE0
BCG96512.1,CE0
BCG99811.1,CE0
BCJ39880.1,PL9
BCJ47894.1,CE0
BCJ54747.1,CE0
BCJ58060.1,PL9
BCJ58134.1,CE0
BCJ59630.1,PL9
BCJ59682.1,CE0
BCJ68276.1,PL9
BCJ68518.1,PL9
BCJ75167.1,CE0
BCJ76246.1,PL9
BCJ76400.1,CE0
BCJ76729.1,PL9
BCK33019.1,PL9
BCL13691.1,CE0
BCL18005.1,PL9
BCL31522.1,PL9
BCL42495.1,CE0
BCL71750.1,CE0
BCM65258.1,PL9
BCM70041.1,CE0
BCM70507.1,CE0
BCN99445.1,CE0
BCP69740.1,CE0
BCQ32743.1,PL9
BCQ37499.1,PL9
BCQ42573.1,PL9
BCR79910.1,CE0
BCR96460.1,CE0
BCR99212.1,CE0
BCS08972.1,CE0
BCS11519.1,CE0
BCS17295.1,CE0
BCS18123.1,CE0
BCS21969.1,PL9
BCS23119.1,CE0
BCS32028.1,CE0
BCS46461.1,PL9
BCS85044.1,PL9
BCS85270.1,CE0
BCT13849.1,CE0
BCT18590.1,CE0
BCT93571.1,PL9
BCT96725.1,PL9
BCX94690.1,CE0
BCY06858.1,PL9
BCY09002.1,PL9
BCY09878.1,CE0
BCY11812.1,PL9
BCY12003.1,PL9
BCY13363.1,PL9
BCZ45681.1,PL9
BCZ45682.1,PL9
BCZ45694.1,PL9
BCZ45876.1,PL9
BCZ47864.1,PL9
BCZ52203.1,CE0
BCZ61829.1,CE0
BCZ98006.1,CE0
BDA67779.1,CE0
BDC04269.1,PL9
BDC05122.1,CE0
BDC05667.1,CE0
BDC08375.1,PL9
BDC09234.1,CE0
BDC09778.1,CE0
BDC12399.1,PL9
BDC13401.1,CE0
BDC13948.1,CE0
BDC54453.1,CE0
BDC56796.1,PL9
BDC58159.1,CE0
BDC60520.1,PL9
BDD61699.1,CE0
BDD62317.1,CE0
BDD76610.1,PL9
BDE43696.1,PL9
BDE88250.1,CE0
BDF22919.1,CE0
BDF27821.1,CE0
BDF72685.1,CE0
BDF76779.1,CE0
BDG01534.1,PL9
BDG73473.1,PL9
BDI28607.1,PL9
BDI31658.1,PL9
BDI32088.1,CE0
BDI34247.1,PL9
BDI73828.1,CE0
BDI75052.1,CE0
BDP32895.1,PL9
BDP32985.1,CE0
BDQ12572.1,CE0
BDQ13295.1,CE0
BDS20582.1,CE0
BDS25247.1,CE0
BDT31982.1,CE0
BDU26165.1,CE0
BDU39157.1,CE0
BDU44877.1,CE0
CAA0111963.1,CE0
CAA58242.1,CE0
CAB15663.1,PL9
CAB39324.1,PL9
CAB94651.1,PL9
CAC85738.1,CE0
CAC9484609.1,CE0
CAD0298904.1,PL9
CAD0299049.1,PL9
CAD0305275.1,PL9
CAD56682.1,PL9
CAD5943887.1,PL9
CAD5986790.1,PL9
CAD7082254.1,CE0
CAD71736.1,CE0
CAD7222212.1,CE0
CAD7240096.1,CE0
CAD7260577.1,CE0
CAD7713457.1,PL9
CAD7713458.1,PL9
CAD7724156.1,PL9
CAD7726161.1,PL9
CAD7726165.1,PL9
CAE53355.1,CE0
CAE7186686.1,CE0
CAG15014.1,CE0
CAG23585.1,PL9
CAG75452.1,PL9
CAG77405.1,PL9
CAG9800202.1,CE0
CAG9866090.1,CE0
CAG9866746.1,PL9
CAH0720009.1,CE0
CAH2706286.1,PL9
CAH3792083.1,PL9
CAH6711726.1,PL9
CAH8560223.1,CE0
CAH8607123.1,CE0
CAH8609569.1,CE0
CAH8627946.1,CE0
CAH8646277.1,CE0
CAI2733354.1,CE0
CAJ19109.1,CE0
CAJ19122.1,CE0
CAJ23955.1,PL9
CAK37535.1,CE0
CAK39824.1,CE0
CAK41944.1,CE0
CAM67498.1,CE0
CAN90905.1,CE0
CAN90954.1,PL9
CAN92888.1,CE0
CAN96527.1,PL9
CAP62092.1,CE0
CAP67115.1,CE0
CAP67448.1,CE0
CAP67836.1,CE0
CAP71428.1,CE0
CAP71774.1,CE0
CAP79838.1,CE0
CAP86338.1,CE0
CAP91491.1,CE0
CAZ97322.1,PL9
CAZ97661.1,CE0
CBG69409.1,CE0
CBG71419.1,PL9
CBG74052.1,PL9
CBG74887.1,CE0
CBG74900.1,CE0
CBG75160.1,PL9
CBI14069.1,PL9
CBI44491.1,PL9
CBK42407.1,PL9
CBK67956.1,CE0
CBK68263.1,PL9
CBK74914.1,CE0
CBL00444.1,PL9
CBL10138.1,CE0
CBL13365.1,CE0
CBL17231.1,CE0
CBL33205.1,PL9
CBZ26685.1,CE0
CBZ33754.1,CE0
CBZ48777.1,PL9
CBZ48778.1,PL9
CCA71582.1,CE0
CCA72185.1,CE0
CCA73290.1,CE0
CCA76167.1,PL9
CCA77292.1,CE0
CCC85398.1,PL9
CCD34822.1,CE0
CCD44707.1,CE0
CCF02874.1,PL9
CCF06803.1,PL9
CCG51449.1,PL9
CCH00340.1,CE0
CCH00342.1,CE0
CCH28862.1,CE0
CCI71679.1,PL9
CCK31006.1,PL9
CCK81816.1,PL9
CCO14638.1,CE0
CCO59901.1,CE0
CCP23174.1,PL9
CCT61106.1,PL9
CCT67685.1,CE0
CCT71135.1,CE0
CCT75620.1,PL9
CDF63691.1,PL9
CDG27437.1,PL9
CDH97216.1,PL9
CDM69960.1,PL9
CDM70474.1,PL9
CDP24531.1,CE0
CDP24862.1,CE0
CDP29168.1,CE0
CDP30826.1,CE0
CDR11849.1,PL9
CDS06616.1,CE0
CDS11360.1,CE0
CDS11722.1,CE0
CDS92476.1,CE0
CDS92568.1,CE0
CDS96501.1,CE0
CDZ97456.1,CE0
CEF77871.1,PL9
CEF83009.1,CE0
CEI59453.1,PL9
CEI61613.1,PL9
CEI67413.1,CE0
CEJ79310.1,PL9
CQR57779.1,PL9
CQR65274.1,PL9
CUH91694.1,CE0
CUH92938.1,CE0
CUH92940.1,CE0
CUI24576.1,PL9
CUI25009.1,PL9
CUM36387.1,PL9
CUQ95008.1,CE0
CUU48905.1,PL9
CUW25813.1,PL9
CUW31643.1,CE0
CUX95052.1,PL9
CUX97959.1,PL9
CVH51921.1,PL9
CZS81168.1,PL9
CZT27244.1,PL9
DAC80243.1,CE0
EAA35351.2,CE0
EAA49825.1,CE0
EAA57793.1,CE0
EAA58486.1,CE0
EAA60916.1,CE0
EAA61410.1,CE0
EAA62480.1,CE0
EAA63262.1,CE0
EAA64642.1,PL9
EAA66327.1,CE0
EAL84962.1,CE0
EDL60464.1,PL9
EDM77193.1,PL9
EGX45641.1,PL9
EGX47603.1,CE0
EGX51447.1,CE0
EGX54170.1,CE0
NP_104422.1,CE0
NP_149220.1,PL9
NP_149235.1,CE0
NP_241360.1,PL9
NP_347213.1,PL9
NP_347448.1,PL9
NP_348588.1,PL9
NP_349977.1,PL9
NP_416247.1,CE0
NP_631284.1,PL9
NP_752267.1,PL9
NP_762757.1,CE0
NP_799596.1,PL9
NP_813081.1,PL9
NP_813094.1,PL9
NP_827558.1,PL9
NP_937344.1,CE0
NP_937436.1,PL9
QAA02283.1,CE0
QAA03984.1,CE0
QAA19010.1,PL9
QAA30980.1,PL9
QAA89675.1,CE0
QAA91294.1,CE0
QAR43161.1,CE0
QAR48231.1,PL9
QAR52452.1,PL9
QAR59606.1,PL9
QAR81193.1,PL9
QAR85285.1,PL9
QAR94500.1,PL9
QAR98662.1,PL9
QAS05610.1,PL9
QAS13831.1,PL9
QAS56387.1,PL9
QAS65312.1,PL9
QAS87015.1,CE0
QAS91657.1,CE0
QAT38761.1,PL9
QAT47656.1,PL9
QAT53395.1,PL9
QAT65917.1,PL9
QAT76610.1,PL9
QAT85162.1,CE0
QAU16583.1,CE0
QAU18353.1,CE0
QAU61420.1,CE0
QAU64223.1,CE0
QAU66629.1,CE0
QAU71039.1,CE0
QAU80030.1,CE0
QAU81452.1,CE0
QAU85056.1,CE0
QAU94098.1,CE0
QAU94496.1,CE0
QAU96904.1,CE0
QAV00821.1,CE0
QAV68571.1,CE0
QAV76879.1,CE0
QAV90191.1,PL9
QAV93892.1,PL9
QAV98595.1,PL9
QAW01994.1,PL9
QAW10111.1,PL9
QAW14102.1,PL9
QAW26378.1,PL9
QAW29122.1,PL9
QAW34985.1,PL9
QAW37705.1,PL9
QAW43503.1,PL9
QAW47551.1,PL9
QAW51597.1,PL9
QAW55769.1,PL9
QAY38013.1,PL9
QAY42127.1,CE0
QAY47423.1,CE0
QAY52164.1,CE0
QAZ71868.1,CE0
QAZ82450.1,CE0
QAZ93884.1,CE0
QBA08291.1,CE0
QBA14673.1,PL9
QBA49892.1,CE0
QBA50429.1,CE0
QBA51354.1,CE0
QBA55169.1,CE0
QBB04736.1,CE0
QBB83280.1,CE0
QBC16008.1,CE0
QBE65504.1,CE0
QBF48605.1,PL9
QBF85549.1,PL9
QBF91281.1,CE0
QBF92993.1,CE0
QBG10956.1,PL9
QBG45779.1,CE0
QBG92135.1,PL9
QBG95941.1,PL9
QBG99881.1,PL9
QBH03974.1,PL9
QBH29699.1,CE0
QBH63701.1,CE0
QBI04917.1,CE0
QBI52782.1,CE0
QBJ07404.1,PL9
QBJ19309.1,CE0
QBJ61374.1,CE0
QBJ84088.1,PL9
QBK00736.1,CE0
QBK10808.1,PL9
QBK23793.1,PL9
QBK81374.1,PL9
QBM28701.1,CE0
QBM94053.1,CE0
QBM96436.1,CE0
QBN10047.1,CE0
QBN17195.1,CE0
QBN86945.1,PL9
QBN90771.1,PL9
QBN94752.1,PL9
QBN98821.1,PL9
QBO02054.1,PL9
QBO06279.1,PL9
QBO10055.1,PL9
QBO13848.1,PL9
QBO17640.1,PL9
QBO21447.1,PL9
QBO39635.1,CE0
QBO52085.1,CE0
QBO92743.1,CE0
QBO95438.1,CE0
QBO97422.1,CE0
QBP00164.1,CE0
QBP01875.1,CE0
QBP04639.1,CE0
QBP85528.1,CE0
QBP87553.1,CE0
QBQ24036.1,CE0
QBQ25198.1,CE0
QBQ45365.1,PL9
QBR10587.1,PL9
QBR15800.1,CE0
QBR17041.1,PL9
QBR17364.1,CE0
QBR20242.1,PL9
QBR59343.1,CE0
QBR69713.1,CE0
QBX86556.1,CE0
QBY20432.1,PL9
QBZ06940.1,PL9
QBZ34086.1,CE0
QBZ34933.1,CE0
QBZ55219.1,CE0
QBZ61744.1,CE0
QBZ61811.1,CE0
QBZ64194.1,CE0
QBZ66274.1,CE0
QCA24399.1,CE0
QCB24363.1,PL9
QCB94960.1,CE0
QCC34245.1,CE0
QCC37548.1,PL9
QCC50367.1,PL9
QCC92641.1,CE0
QCC97641.1,CE0
QCD04887.1,CE0
QCD06558.1,CE0
QCD10427.1,CE0
QCD38260.1,CE0
QCD38407.1,CE0
QCD41145.1,CE0
QCD54184.1,PL9
QCD54431.1,CE0
QCD55145.1,PL9
QCD67962.1,CE0
QCD72584.1,CE0
QCE19904.1,PL9
QCE24206.1,CE0
QCE29621.1,CE0
QCH48878.1,CE0
QCH53972.1,CE0
QCH64468.1,CE0
QCH80203.1,CE0
QCH86418.1,CE0
QCH96901.1,CE0
QCI02711.1,CE0
QCJ03013.1,PL9
QCJ04519.1,PL9
QCJ07648.1,PL9
QCJ08353.1,PL9
QCJ12200.1,CE0
QCJ18690.1,PL9
QCJ44716.1,PL9
QCJ59900.1,CE0
QCJ62323.1,CE0
QCK12634.1,PL9
QCK77676.1,PL9
QCL22787.1,CE0
QCL29062.1,CE0
QCL33723.1,CE0
QCL39154.1,CE0
QCL44736.1,CE0
QCL51242.1,CE0
QCL56688.1,CE0
QCL61572.1,CE0
QCM18970.1,CE0
QCM25241.1,CE0
QCM30729.1,CE0
QCM36218.1,CE0
QCM40917.1,CE0
QCM46398.1,CE0
QCM51892.1,CE0
QCM57376.1,CE0
QCM62863.1,CE0
QCM68352.1,CE0
QCM74624.1,CE0
QCM91060.1,CE0
QCM96549.1,CE0
QCN01244.1,CE0
QCN06735.1,CE0
QCN13011.1,CE0
QCN17714.1,CE0
QCN23124.1,CE0
QCN28601.1,CE0
QCN34088.1,CE0
QCN39673.1,CE0
QCN45993.1,CE0
QCN51455.1,CE0
QCN56931.1,CE0
QCN62427.1,CE0
QCN67890.1,CE0
QCN73355.1,CE0
QCN78071.1,CE0
QCN85135.1,PL9
QCN87098.1,PL9
QCP09179.1,PL9
QCP71948.1,CE0
QCP72097.1,CE0
QCQ33880.1,CE0
QCQ38426.1,CE0
QCQ47069.1,CE0
QCQ49576.1,CE0
QCQ56204.1,CE0
QCR13938.1,CE0
QCR22549.1,CE0
QCR62271.1,PL9
QCR66188.1,PL9
QCS10197.1,CE0
QCS45626.1,PL9
QCT10975.1,CE0
QCT19160.1,PL9
QCT31343.1,PL9
QCU16751.1,PL9
QCU20833.1,PL9
QCV09560.1,CE0
QCV20401.1,CE0
QCV39372.1,CE0
QCV41330.1,CE0
QCV41382.1,PL9
QCV42851.1,PL9
QCV51824.1,PL9
QCV91237.1,CE0
QCV93601.1,CE0
QCW30574.1,CE0
QCW32904.1,CE0
QCW37105.1,CE0
QCW48052.1,CE0
QCW80351.1,CE0
QCW97930.1,PL9
QCX21131.1,PL9
QCX40893.1,PL9
QCX63660.1,CE0
QCX74663.1,CE0
QCX91338.1,PL9
QCX99406.1,PL9
QCY18957.1,PL9
QCY24700.1,PL9
QCY64674.1,PL9
QCY73387.1,PL9
QCZ27237.1,PL9
QCZ65260.1,PL9
QCZ68962.1,PL9
QCZ81257.1,PL9
QCZ85174.1,PL9
QDA08395.1,PL9
QDA27104.1,PL9
QDA29197.1,PL9
QDA38412.1,PL9
QDA47531.1,CE0
QDA51700.1,PL9
QDB97539.1,CE0
QDC32122.1,CE0
QDC95185.1,PL9
QDE66841.1,CE0
QDE71105.1,PL9
QDE74114.1,CE0
QDE78385.1,PL9
QDE81379.1,CE0
QDE85766.1,PL9
QDE88748.1,CE0
QDE92779.1,PL9
QDE95709.1,CE0
QDE99929.1,PL9
QDF03013.1,CE0
QDF07678.1,PL9
QDF46711.1,PL9
QDF50255.1,PL9
QDF53901.1,PL9
QDF57468.1,PL9
QDF79359.1,PL9
QDG53917.1,PL9
QDG64572.1,PL9
QDG83566.1,PL9
QDH54042.1,CE0
QDH54067.1,CE0
QDH99436.1,CE0
QDI11029.1,PL9
QDJ63706.1,CE0
QDJ68260.1,CE0
QDJ71171.1,CE0
QDJ72933.1,CE0
QDJ87820.1,CE0
QDJ89508.1,CE0
QDK10332.1,CE0
QDK18596.1,PL9
QDK67085.1,PL9
QDK74058.1,CE0
QDK75887.1,CE0
QDK78719.1,CE0
QDK91580.1,PL9
QDL06570.1,CE0
QDL73563.1,PL9
QDL75139.1,PL9
QDL78623.1,PL9
QDL80943.1,PL9
QDM04450.1,CE0
QDM06887.1,CE0
QDM11109.1,CE0
QDM47851.1,PL9
QDM84285.1,CE0
QDM87906.1,CE0
QDM93701.1,PL9
QDM94034.1,CE0
QDN14802.1,CE0
QDN32446.1,CE0
QDN45940.1,CE0
QDN56806.1,PL9
QDN62705.1,PL9
QDN66978.1,PL9
QDN66983.1,PL9
QDN72755.1,PL9
QDN75335.1,CE0
QDN75373.1,CE0
QDN77230.1,PL9
QDN83056.1,PL9
QDN84945.1,CE0
QDN84982.1,CE0
QDN86918.1,PL9
QDN86923.1,PL9
QDN95522.1,CE0
QDN95558.1,CE0
QDN97590.1,PL9
QDN97595.1,PL9
QDO03467.1,PL9
QDO05814.1,CE0
QDO05851.1,CE0
QDO07730.1,PL9
QDO07735.1,PL9
QDO13804.1,PL9
QDO17244.1,CE0
QDO17280.1,CE0
QDO19297.1,PL9
QDO25200.1,PL9
QDO27367.1,CE0
QDO27403.1,CE0
QDO29423.1,PL9
QDO29428.1,PL9
QDO35320.1,PL9
QDO39326.1,PL9
QDO45335.1,PL9
QDO49384.1,PL9
QDO49389.1,PL9
QDO59626.1,PL9
QDO59631.1,PL9
QDO65458.1,PL9
QDO67633.1,CE0
QDO71291.1,CE0
QDP40330.1,PL9
QDP93738.1,PL9
QDQ76583.1,CE0
QDR66047.1,PL9
QDS70277.1,CE0
QDS90544.1,CE0
QDS90987.1,CE0
QDS94279.1,CE0
QDS95323.1,CE0
QDT11996.1,CE0
QDT16500.1,PL9
QDT19911.1,CE0
QDT21160.1,CE0
QDT21836.1,PL9
QDT24614.1,CE0
QDT26626.1,CE0
QDT27237.1,CE0
QDT27850.1,CE0
QDT28256.1,PL9
QDT31174.1,CE0
QDT34677.1,CE0
QDT41783.1,CE0
QDT42290.1,CE0
QDT43209.1,CE0
QDT43442.1,PL9
QDT46596.1,CE0
QDT48396.1,CE0
QDT52199.1,CE0
QDT52664.1,CE0
QDT53705.1,PL9
QDT75546.1,CE0
QDT78276.1,CE0
QDT78948.1,CE0
QDT80092.1,PL9
QDT81886.1,CE0
QDT83935.1,CE0
QDT85010.1,CE0
QDT85856.1,PL9
QDT88299.1,CE0
QDT90150.1,CE0
QDT92064.1,PL9
QDT98535.1,CE0
QDT99295.1,CE0
QDU01972.1,CE0
QDU02719.1,CE0
QDU03322.1,CE0
QDU03943.1,PL9
QDU06567.1,CE0
QDU08766.1,CE0
QDU09311.1,CE0
QDU09794.1,CE0
QDU10510.1,PL9
QDU13954.1,PL9
QDU15754.1,PL9
QDU17639.1,CE0
QDU20441.1,CE0
QDU21459.1,CE0
QDU24182.1,PL9
QDU27186.1,CE0
QDU28296.1,CE0
QDU28484.1,CE0
QDU31554.1,CE0
QDU37723.1,CE0
QDU42105.1,CE0
QDU43988.1,CE0
QDU49332.1,CE0
QDU49914.1,CE0
QDU51125.1,PL9
QDU63581.1,CE0
QDU74158.1,PL9
QDU81102.1,CE0
QDU89088.1,CE0
QDU89562.1,CE0
QDV14561.1,CE0
QDV16805.1,CE0
QDV17452.1,CE0
QDV18995.1,PL9
QDV20727.1,CE0
QDV29225.1,PL9
QDV29582.1,CE0
QDV42832.1,PL9
QDV45682.1,CE0
QDV50398.1,CE0
QDV51371.1,CE0
QDV51616.1,PL9
QDV57305.1,CE0
QDV62460.1,CE0
QDV70991.1,CE0
QDV71643.1,CE0
QDV71982.1,PL9
QDV72704.1,CE0
QDV73899.1,PL9
QDV76523.1,PL9
QDV77276.1,CE0
QDV77438.1,CE0
QDV78529.1,PL9
QDV80408.1,CE0
QDV85517.1,CE0
QDV87230.1,CE0
QDW22056.1,CE0
QDW24104.1,PL9
QDX30225.1,PL9
QDX31861.1,PL9
QDX38523.1,CE0
QDX46909.1,CE0
QDX97751.1,PL9
QDY06297.1,CE0
QDY06862.1,CE0
QDY07881.1,CE0
QDY07882.1,CE0
QDY08221.1,CE0
QDY08841.1,PL9
QDY09122.1,PL9
QDY82696.1,PL9
QDZ46716.1,PL9
QDZ49848.1,PL9
QDZ57617.1,CE0
QDZ84500.1,PL9
QDZ95386.1,PL9
QDZ98771.1,PL9
QEC45086.1,PL9
QEC45193.1,CE0
QEC56425.1,PL9
QEC62789.1,CE0
QEC66347.1,CE0
QEC66906.1,CE0
QEC71875.1,PL9
QEC75813.1,CE0
QEC75815.1,CE0
QEC76966.1,CE0
QEC79484.1,CE0
QEC79486.1,CE0
QEC79693.1,PL9
QEC79694.1,PL9
QED30048.1,PL9
QED53935.1,CE0
QED63965.1,CE0
QED68325.1,CE0
QED77247.1,CE0
QED81151.1,CE0
QED87397.1,PL9
QEE29627.1,PL9
QEE87850.1,CE0
QEE90306.1,CE0
QEF12239.1,CE0
QEF14061.1,CE0
QEF20265.1,PL9
QEF54269.1,CE0
QEF58787.1,CE0
QEF60557.1,CE0
QEF63385.1,CE0
QEF65118.1,CE0
QEF67924.1,CE0
QEF72684.1,CE0
QEF74351.1,CE0
QEF97990.1,CE0
QEF98296.1,PL9
QEG15836.1,CE0
QEG16462.1,CE0
QEG19665.1,CE0
QEG26086.1,CE0
QEG35410.1,PL9
QEG36438.1,CE0
QEG36442.1,PL9
QEG41661.1,CE0
QEG48029.1,CE0
QEG53197.1,CE0
QEG91813.1,CE0
QEG94498.1,CE0
QEH02089.1,CE0
QEH03676.1,CE0
QEH32717.1,CE0
QEH35942.1,CE0
QEH43585.1,PL9
QEH67746.1,PL9
QEH68113.1,PL9
QEH70018.1,CE0
QEH85890.1,CE0
QEH88950.1,CE0
QEH90684.1,CE0
QEI17869.1,CE0
QEI21445.1,CE0
QEI62082.1,CE0
QEI65260.1,CE0
QEI67977.1,CE0
QEI71332.1,CE0
QEI84939.1,CE0
QEI87321.1,CE0
QEI89689.1,CE0
QEI94621.1,CE0
QEI97204.1,CE0
QEI98939.1,CE0
QEJ01507.1,CE0
QEJ03235.1,CE0
QEJ05969.1,CE0
QEJ07694.1,CE0
QEJ12156.1,CE0
QEJ15005.1,CE0
QEJ16739.1,CE0
QEJ18465.1,CE0
QEJ23384.1,CE0
QEJ25118.1,CE0
QEJ26671.1,CE0
QEJ28404.1,CE0
QEJ32082.1,CE0
QEJ33808.1,CE0
QEJ36391.1,CE0
QEJ38121.1,CE0
QEJ40730.1,CE0
QEJ42458.1,CE0
QEJ45043.1,CE0
QEJ46774.1,CE0
QEJ49593.1,CE0
QEJ51327.1,CE0
QEJ52138.1,CE0
QEJ53863.1,CE0
QEJ64052.1,CE0
QEJ67960.1,PL9
QEK51066.1,PL9
QEK51072.1,PL9
QEK53061.1,PL9
QEK63542.1,PL9
QEL18493.1,CE0
QEL35820.1,CE0
QEL42537.1,PL9
QEL46038.1,CE0
QEL82660.1,PL9
QEM02736.1,PL9
QEM03500.1,CE0
QEM08729.1,CE0
QEM10570.1,CE0
QEM10695.1,PL9
QEM10864.1,CE0
QEM15355.1,PL9
QEM16115.1,CE0
QEM18080.1,CE0
QEM49103.1,CE0
QEM93972.1,PL9
QEN00004.1,PL9
QEN01267.1,PL9
QEN01268.1,PL9
QEN01269.1,PL9
QEN51572.1,PL9
QEO01777.1,CE0
QEO07258.1,PL9
QEO32152.1,PL9
QEO64082.1,PL9
QEO83299.1,CE0
QEO90172.1,CE0
QEO94990.1,CE0
QEO97373.1,PL9
QEO97374.1,PL9
QEP46896.1,CE0
QEP49368.1,CE0
QEP61072.1,CE0
QEP62814.1,CE0
QEP67356.1,CE0
QEP72176.1,CE0
QEP76668.1,CE0
QEP79708.1,CE0
QEP85990.1,CE0
QEP88625.1,CE0
QEQ04967.1,PL9
QEQ39920.1,CE0
QEQ44636.1,CE0
QEQ53436.1,PL9
QEQ78409.1,CE0
QEQ80186.1,CE0
QEQ83211.1,CE0
QER58936.1,CE0
QER61318.1,CE0
QER63668.1,CE0
QER66048.1,CE0
QER69094.1,CE0
QES18220.1,PL9
QES61490.1,CE0
QES67845.1,CE0
QET49232.1,PL9
QET85023.1,PL9
QEU16201.1,CE0
QEU43590.1,PL9
QEU49464.1,PL9
QEU50458.1,PL9
QEU51484.1,PL9
QEU65227.1,PL9
QEU65228.1,PL9
QEU68973.1,PL9
QEU69901.1,PL9
QEU72642.1,PL9
QEU76135.1,PL9
QEV12315.1,PL9
QEV23666.1,CE0
QEV24572.1,PL9
QEV26677.1,PL9
QEV29368.1,PL9
QEV79673.1,PL9
QEW34712.1,CE0
QEW35572.1,PL9
QEW99313.1,PL9
QEX56573.1,CE0
QEX57458.1,CE0
QEX65736.1,CE0
QEX69297.1,CE0
QEX75291.1,CE0
QEX99437.1,PL9
QEY13708.1,CE0
QEY16484.1,CE0
QEY18275.1,PL9
QEY38230.1,CE0
QEY42987.1,CE0
QEY44427.1,CE0
QEY47335.1,CE0
QEY48990.1,CE0
QEY57451.1,PL9
QEY95035.1,PL9
QEZ39497.1,CE0
QEZ42315.1,PL9
QEZ42368.1,CE0
QFF94915.1,CE0
QFG16082.1,CE0
QFG17772.1,CE0
QFG84526.1,CE0
QFG90595.1,CE0
QFG95846.1,CE0
QFH00567.1,CE0
QFH05984.1,CE0
QFH12228.1,CE0
QFH16921.1,CE0
QFH22930.1,CE0
QFH28396.1,CE0
QFH33033.1,CE0
QFH35615.1,CE0
QFH52156.1,PL9
QFH67306.1,PL9
QFH85129.1,CE0
QFH89918.1,CE0
QFI00194.1,CE0
QFI03446.1,PL9
QFI22037.1,CE0
QFI34099.1,CE0
QFI46977.1,PL9
QFI50519.1,CE0
QFI51950.1,CE0
QFP70390.1,PL9
QFQ28483.1,PL9
QFQ85580.1,CE0
QFQ96391.1,PL9
QFQ98936.1,PL9
QFR97138.1,PL9
QFS26186.1,PL9
QFU34548.1,CE0
QFU37555.1,CE0
QFU88345.1,PL9
QFU88382.1,CE0
QFU88428.1,PL9
QFU89876.1,CE0
QFV78626.1,CE0
QFW01503.1,CE0
QFW88126.1,CE0
QFX11413.1,CE0
QFX41949.1,CE0
QFY03559.1,PL9
QFY07507.1,PL9
QFY07761.1,CE0
QFY07804.1,CE0
QFY11105.1,PL9
QFY38718.1,PL9
QFY79955.1,PL9
QFY86501.1,PL9
QFZ17332.1,CE0
QFZ18953.1,PL9
QFZ20893.1,CE0
QFZ20931.1,CE0
QFZ21476.1,CE0
QFZ21908.1,CE0
QFZ23012.1,PL9
QGA33934.1,CE0
QGF18656.1,CE0
QGG10304.1,PL9
QGG66330.1,CE0
QGG74632.1,PL9
QGG88853.1,CE0
QGH22261.1,PL9
QGH26300.1,PL9
QGH32108.1,PL9
QGH37026.1,PL9
QGH41090.1,PL9
QGH98417.1,PL9
QGI02467.1,PL9
QGI06684.1,PL9
QGI10877.1,PL9
QGI23497.1,PL9
QGI28528.1,PL9
QGI32505.1,PL9
QGI36663.1,PL9
QGI40818.1,PL9
QGI43503.1,PL9
QGI49560.1,PL9
QGI54286.1,PL9
QGI61065.1,CE0
QGI66858.1,CE0
QGI68339.1,PL9
QGI68641.1,CE0
QGI70889.1,PL9
QGI73789.1,PL9
QGI80975.1,CE0
QGI85557.1,PL9
QGI88227.1,PL9
QGI99232.1,PL9
QGJ01779.1,PL9
QGJ09028.1,CE0
QGJ58682.1,CE0
QGJ63067.1,CE0
QGK02833.1,CE0
QGK10466.1,CE0
QGK14742.1,CE0
QGK73841.1,CE0
QGL23323.1,CE0
QGL28594.1,CE0
QGL30236.1,CE0
QGL34747.1,CE0
QGL37575.1,CE0
QGL39227.1,CE0
QGL41101.1,CE0
QGL43437.1,CE0
QGL48138.1,CE0
QGL59703.1,PL9
QGM15322.1,PL9
QGN25596.1,PL9
QGN35822.1,PL9
QGN42496.1,CE0
QGP86025.1,PL9
QGQ15050.1,CE0
QGQ16777.1,CE0
QGQ20698.1,CE0
QGQ21222.1,CE0
QGQ21683.1,CE0
QGQ26905.1,CE0
QGQ27127.1,PL9
QGQ27827.1,CE0
QGQ29183.1,PL9
QGQ30351.1,CE0
QGQ30815.1,PL9
QGQ30895.1,CE0
QGQ42165.1,CE0
QGQ68664.1,CE0
QGQ98031.1,PL9
QGR12460.1,CE0
QGR51900.1,CE0
QGT57400.1,PL9
QGT72758.1,CE0
QGT73071.1,CE0
QGT84737.1,PL9
QGT93572.1,PL9
QGU12925.1,PL9
QGU26112.1,PL9
QGU37090.1,CE0
QGU50140.1,CE0
QGU57398.1,CE0
QGU61525.1,CE0
QGU65158.1,CE0
QGU65808.1,CE0
QGU73521.1,CE0
QGU85761.1,PL9
QGV01969.1,CE0
QGV10482.1,PL9
QGW19251.1,PL9
QGW64056.1,CE0
QGW86845.1,CE0
QGX44762.1,PL9
QGX64317.1,PL9
QGX76986.1,CE0
QGX85201.1,CE0
QGX87069.1,CE0
QGY07426.1,CE0
QGY09709.1,CE0
QGY12915.1,CE0
QGY15426.1,CE0
QGY20008.1,CE0
QGY21547.1,CE0
QGY24464.1,CE0
QGY47352.1,CE0
QGY47968.1,CE0
QGY66475.1,PL9
QGZ42320.1,PL9
QGZ42617.1,PL9
QGZ45332.1,PL9
QGZ51492.1,PL9
QHA09194.1,CE0
QHA34565.1,PL9
QHA35093.1,PL9
QHB68983.1,CE0
QHB86411.1,CE0
QHB88709.1,CE0
QHC13278.1,PL9
QHC77186.1,CE0
QHD14050.1,CE0
QHF06706.1,PL9
QHF59791.1,PL9
QHF69969.1,CE0
QHF72127.1,CE0
QHF73933.1,CE0
QHF78422.1,CE0
QHF86395.1,CE0
QHG27832.1,PL9
QHG29521.1,PL9
QHG39808.1,CE0
QHG41713.1,CE0
QHG45255.1,CE0
QHG47497.1,CE0
QHG55112.1,CE0
QHG85759.1,PL9
QHG96119.1,PL9
QHH01209.1,PL9
QHH06320.1,PL9
QHH11656.1,PL9
QHH17322.1,PL9
QHH21912.1,PL9
QHI48427.1,CE0
QHI50049.1,CE0
QHI52928.1,CE0
QHI58049.1,CE0
QHI90361.1,PL9
QHI91086.1,CE0
QHI92761.1,CE0
QHJ05023.1,PL9
QHJ56646.1,CE0
QHJ62673.1,CE0
QHJ64498.1,CE0
QHJ66218.1,CE0
QHK00400.1,PL9
QHK02030.1,PL9
QHK06700.1,PL9
QHK12223.1,PL9
QHK13995.1,PL9
QHL54071.1,PL9
QHL95447.1,PL9
QHL97290.1,PL9
QHM03084.1,PL9
QHM08223.1,PL9
QHM10079.1,PL9
QHM13777.1,PL9
QHM18901.1,PL9
QHM71761.1,PL9
QHM74846.1,PL9
QHM80604.1,PL9
QHM82185.1,PL9
QHM87457.1,PL9
QHM97062.1,PL9
QHM98056.1,CE0
QHN00613.1,CE0
QHN44026.1,CE0
QHN45710.1,CE0
QHO88419.1,PL9
QHP54568.1,PL9
QHP58632.1,PL9
QHP60356.1,PL9
QHP65551.1,CE0
QHP80739.1,PL9
QHP82480.1,PL9
QHQ01299.1,CE0
QHQ05849.1,CE0
QHQ08361.1,CE0
QHQ15901.1,PL9
QHQ17762.1,PL9
QHQ20058.1,PL9
QHQ21623.1,PL9
QHQ23870.1,PL9
QHQ25452.1,PL9
QHQ48395.1,PL9
QHQ56783.1,PL9
QHQ74761.1,PL9
QHQ80451.1,PL9
QHQ83142.1,PL9
QHR03428.1,CE0
QHR28410.1,CE0
QHR33986.1,CE0
QHR38199.1,CE0
QHR43914.1,CE0
QHR47831.1,CE0
QHR51585.1,CE0
QHR52380.1,CE0
QHR57063.1,CE0
QHS07322.1,CE0
QHS41598.1,CE0
QHS43270.1,CE0
QHS47987.1,PL9
QHS61094.1,PL9
QHT42691.1,PL9
QHT57865.1,CE0
QHU86684.1,PL9
QHV98520.1,CE0
QHW08574.1,PL9
QHW34781.1,PL9
QHW34782.1,PL9
QHW34784.1,PL9
QHW42515.1,CE0
QHW47665.1,CE0
QHW54257.1,CE0
QHW56923.1,CE0
QHW59487.1,CE0
QHW63444.1,CE0
QHW65223.1,CE0
QHW71226.1,PL9
QHW75753.1,CE0
QHW80354.1,CE0
QHW83417.1,CE0
QHW85067.1,CE0
QHW87948.1,CE0
QHW90393.1,CE0
QHW94061.1,CE0
QHY99405.1,PL9
QHZ47104.1,PL9
QIA07887.1,CE0
QIA21058.1,CE0
QIA39029.1,CE0
QIB12569.1,PL9
QIB81813.1,CE0
QIC46161.1,PL9
QID51704.1,PL9
QID71226.1,CE0
QIE15930.1,PL9
QIE20071.1,PL9
QIE64121.1,CE0
QIE67902.1,CE0
QIF21610.1,PL9
QIF25403.1,CE0
QIF29502.1,CE0
QIF72047.1,CE0
QIF72559.1,CE0
QIG08421.1,CE0
QIG12692.1,CE0
QIG30984.1,PL9
QIG35351.1,PL9
QIH03891.1,CE0
QIH33312.1,PL9
QIH44099.1,PL9
QII26660.1,PL9
QII39054.1,PL9
QII45549.1,CE0
QII47158.1,CE0
QII49192.1,PL9
QIJ51406.1,PL9
QIJ55688.1,CE0
QIJ66634.1,PL9
QIJ66852.1,CE0
QIK16144.1,PL9
QIK55492.1,CE0
QIK60909.1,CE0
QIL39517.1,CE0
QIL40486.1,PL9
QIL91320.1,CE0
QIL96044.1,CE0
QIM05615.1,CE0
QIM10227.1,PL9
QIM36998.1,CE0
QIM44955.1,PL9
QIM68976.1,PL9
QIN31023.1,CE0
QIN69860.1,CE0
QIN74444.1,CE0
QIO74545.1,CE0
QIO81564.1,CE0
QIP11187.1,CE0
QIP19817.1,CE0
QIP90283.1,PL9
QIP96489.1,CE0
QIQ71427.1,PL9
QIQ98495.1,CE0
QIR22595.1,CE0
QIR25293.1,PL9
QIR34677.1,PL9
QIR73981.1,PL9
QIR99355.1,PL9
QIS68855.1,CE0
QIS74802.1,PL9
QIS75329.1,CE0
QIS75331.1,CE0
QIS76182.1,CE0
QIS82873.1,PL9
QIT31202.1,PL9
QIT35057.1,PL9
QIU93951.1,CE0
QIU94514.1,CE0
QIW81674.1,PL9
QIW85371.1,PL9
QIX60119.1,CE0
QIY70288.1,PL9
QIY70295.1,PL9
QIY95114.1,PL9
QIZ00806.1,PL9
QIZ47052.1,PL9
QIZ47685.1,PL9
QIZ50686.1,PL9
QIZ53097.1,PL9
QIZ55222.1,CE0
QJA20137.1,PL9
QJA22330.1,PL9
QJB31794.1,CE0
QJB38278.1,CE0
QJC18306.1,PL9
QJC42740.1,CE0
QJC89418.1,CE0
QJC90420.1,PL9
QJC93205.1,CE0
QJC94001.1,PL9
QJC96953.1,CE0
QJC97989.1,PL9
QJD05962.1,PL9
QJD45365.1,PL9
QJD89557.1,PL9
QJD92534.1,PL9
QJD94164.1,CE0
QJD94594.1,CE0
QJD95041.1,CE0
QJE01968.1,CE0
QJE01976.1,PL9
QJE96748.1,PL9
QJE96750.1,CE0
QJF00975.1,CE0
QJF07046.1,CE0
QJF42660.1,PL9
QJF88737.1,CE0
QJG04081.1,CE0
QJG08020.1,CE0
QJG13668.1,PL9
QJG26231.1,CE0
QJG36353.1,CE0
QJG53846.1,CE0
QJG56637.1,CE0
QJG58211.1,CE0
QJI82917.1,CE0
QJI88991.1,CE0
QJP14830.1,PL9
QJP14848.1,PL9
QJP26791.1,CE0
QJP76512.1,CE0
QJP90331.1,PL9
QJQ14272.1,CE0
QJR56991.1,CE0
QJR57392.1,CE0
QJR57681.1,CE0
QJR57812.1,CE0
QJR58213.1,CE0
QJR61915.1,CE0
QJR66036.1,CE0
QJR66174.1,CE0
QJR70297.1,CE0
QJR70437.1,CE0
QJR70737.1,CE0
QJR74697.1,CE0
QJR78975.1,CE0
QJR79100.1,CE0
QJS14775.1,CE0
QJS18268.1,PL9
QJS19670.1,PL9
QJS42117.1,PL9
QJS61411.1,CE0
QJS75094.1,CE0
QJT00110.1,CE0
QJT00892.1,PL9
QJT00894.1,PL9
QJT02923.1,PL9
QJT83345.1,PL9
QJU44567.1,PL9
QJU46596.1,PL9
QJW35167.1,PL9
QJW63641.1,CE0
QJW64498.1,PL9
QJW68315.1,PL9
QJW89777.1,CE0
QJX78166.1,PL9
QJY80605.1,CE0
QJY84653.1,CE0
QJY88692.1,CE0
QJY92717.1,CE0
QJY96755.1,CE0
QJZ00042.1,CE0
QJZ04111.1,CE0
QJZ08247.1,CE0
QJZ12382.1,CE0
QJZ16626.1,CE0
QJZ20665.1,CE0
QJZ25014.1,CE0
QKB24867.1,CE0
QKB35719.1,CE0
QKD52243.1,CE0
QKD61899.1,PL9
QKD62224.1,CE0
QKD62656.1,PL9
QKD85281.1,PL9
QKD99460.1,PL9
QKE86689.1,PL9
QKF09804.1,CE0
QKF23153.1,CE0
QKF34972.1,PL9
QKG52986.1,CE0
QKH04786.1,PL9
QKH04790.1,PL9
QKH10548.1,PL9
QKH10552.1,PL9
QKH86859.1,CE0
QKI00167.1,PL9
QKI00169.1,PL9
QKI40366.1,CE0
QKI41779.1,PL9
QKI50343.1,CE0
QKI52801.1,CE0
QKI53626.1,CE0
QKI81150.1,PL9
QKJ30743.1,CE0
QKJ32575.1,CE0
QKJ32757.1,PL9
QKJ42165.1,PL9
QKJ55958.1,PL9
QKJ65004.1,CE0
QKJ79488.1,PL9
QKK00372.1,CE0
QKL23515.1,PL9
QKL27247.1,PL9
QKL29569.1,CE0
QKN70467.1,PL9
QKN77072.1,PL9
QKN93639.1,PL9
QKO05320.1,PL9
QKO06065.1,PL9
QKO07500.1,PL9
QKO09466.1,PL9
QKO10216.1,PL9
QKO11651.1,PL9
QKO13724.1,PL9
QKO13725.1,PL9
QKO14548.1,PL9
QKO16095.1,PL9
QKO18840.1,PL9
QKP72905.1,PL9
QKP97595.1,CE0
QKP99949.1,CE0
QKS06282.1,PL9
QKS45696.1,PL9
QKS46472.1,PL9
QKS56135.1,PL9
QKS60050.1,CE0
QKS60057.1,PL9
QKT01618.1,PL9
QKV71589.1,PL9
QKV72051.1,PL9
QKV73339.1,CE0
QKV79912.1,CE0
QKV95635.1,PL9
QKW13404.1,CE0
QKW13644.1,CE0
QKW15008.1,CE0
QKW17163.1,PL9
QKW19887.1,CE0
QKW32847.1,CE0
QKW36758.1,PL9
QKW53777.1,CE0
QKW65445.1,PL9
QKX13708.1,PL9
QKX54758.1,CE0
QKX63118.1,CE0
QKZ99480.1,CE0
QLA66789.1,CE0
QLC64089.1,PL9
QLC82455.1,CE0
QLC86612.1,PL9
QLD23366.1,CE0
QLD23828.1,CE0
QLD23890.1,CE0
QLD24317.1,CE0
QLD24447.1,CE0
QLD24904.1,CE0
QLD25305.1,PL9
QLE25358.1,PL9
QLE33128.1,PL9
QLE74457.1,CE0
QLG39102.1,PL9
QLG39149.1,CE0
QLG39550.1,PL9
QLG40737.1,PL9
QLG83904.1,CE0
QLH20999.1,PL9
QLH27372.1,CE0
QLI43836.1,PL9
QLI44935.1,CE0
QLI76429.1,PL9
QLI78709.1,CE0
QLJ10062.1,CE0
QLJ44257.1,PL9
QLJ96743.1,CE0
QLJ97433.1,CE0
QLJ99523.1,CE0
QLJ99936.1,CE0
QLK00730.1,CE0
QLK07384.1,PL9
QLK18975.1,PL9
QLK24025.1,PL9
QLK63635.1,PL9
QLK84487.1,CE0
QLL93653.1,PL9
QLL95371.1,PL9
QLN68060.1,CE0
QLN81158.1,PL9
QLO27698.1,PL9
QLO39654.1,PL9
QLO47242.1,CE0
QLO55071.1,PL9
QLO80976.1,PL9
QLO97921.1,CE0
QLP10767.1,PL9
QLP22354.1,CE0
QLP44671.1,PL9
QLP50471.1,PL9
QLQ34929.1,CE0
QLQ35400.1,CE0
QLQ36362.1,PL9
QLQ36538.1,PL9
QLQ39649.1,CE0
QLQ39707.1,PL9
QLR28489.1,CE0
QLR45389.1,PL9
QLS22694.1,PL9
QLS75083.1,CE0
QLT12114.1,PL9
QLT79176.1,PL9
QLT90932.1,PL9
QLT99306.1,CE0
QLU07322.1,PL9
QLU27266.1,PL9
QLU59269.1,PL9
QLU71645.1,CE0
QLU79760.1,PL9
QLU91769.1,CE0
QLU97402.1,CE0
QLV15055.1,CE0
QLV59206.1,CE0
QLW92295.1,PL9
QLX18080.1,PL9
QLX76008.1,PL9
QLX91149.1,PL9
QLY28983.1,CE0
QLY64984.1,CE0
QLZ67389.1,CE0
QMG00770.1,PL9
QMI62895.1,CE0
QMI67795.1,CE0
QMI69028.1,CE0
QMI80662.1,CE0
QMM54911.1,PL9
QMS90382.1,CE0
QMT04628.1,CE0
QMT58795.1,CE0
QMT87929.1,CE0
QMU18734.1,PL9
QMU29375.1,CE0
QMU30032.1,PL9
QMU73875.1,CE0
QMV04815.1,PL9
QMV06202.1,PL9
QMV06205.1,PL9
QMV11180.1,PL9
QMV13892.1,PL9
QMV38989.1,CE0
QMV39059.1,PL9
QMV68041.1,CE0
QMV79051.1,CE0
QMV88176.1,PL9
QMV91014.1,PL9
QMV98832.1,CE0
QMW16246.1,CE0
QMW27106.1,PL9
QMW34907.1,CE0
QMW35262.1,CE0
QMW39170.1,PL9
QMW46983.1,CE0
QMW66742.1,CE0
QMW85982.1,CE0
QMW86514.1,PL9
QMW91315.1,PL9
QMW93302.1,PL9
QMW93303.1,PL9
QMX44056.1,PL9
QMX47006.1,PL9
QMX49898.1,PL9
QMX52683.1,PL9
QMX58363.1,PL9
QMX61105.1,PL9
QNA44261.1,CE0
QNE02981.1,CE0
QNE51355.1,PL9
QNE55209.1,PL9
QNE74183.1,CE0
QNE74184.1,CE0
QNE76373.1,PL9
QNF50363.1,CE0
QNH40339.1,PL9
QNH43056.1,PL9
QNH43705.1,CE0
QNH47418.1,PL9
QNJ38771.1,CE0
QNK45277.1,PL9
QNK57915.1,CE0
QNK63500.1,CE0
QNK86233.1,PL9
QNL40592.1,CE0
QNL41162.1,PL9
QNL46728.1,CE0
QNL48665.1,CE0
QNM03735.1,CE0
QNM63823.1,PL9
QNN25394.1,CE0
QNN60908.1,CE0
QNP16263.1,PL9
QNP17465.1,CE0
QNP33232.1,PL9
QNP55769.1,CE0
QNP66341.1,PL9
QNP68058.1,CE0
QNP68071.1,CE0
QNP68820.1,CE0
QNP73443.1,PL9
QNQ22585.1,PL9
QNQ26749.1,CE0
QNR11117.1,CE0
QNR21133.1,PL9
QNR40806.1,PL9
QNR67392.1,PL9
QNR87082.1,PL9
QNS19868.1,PL9
QNT65238.1,CE0
QNT65269.1,CE0
QNT67597.1,CE0
QNT72107.1,PL9
QNU02239.1,PL9
QNU65773.1,CE0
QNU66122.1,PL9
QNU66652.1,CE0
QNU67689.1,CE0
QNU68934.1,CE0
QNU68935.1,CE0
QOC95090.1,PL9
QOD36757.1,CE0
QOD99214.1,CE0
QOE00040.1,PL9
QOE02956.1,CE0
QOE03715.1,PL9
QOG00749.1,CE0
QOG24296.1,CE0
QOG60828.1,PL9
QOG63548.1,PL9
QOG68996.1,PL9
QOG71720.1,PL9
QOG77162.1,PL9
QOG79881.1,PL9
QOG82599.1,PL9
QOG88044.1,PL9
QOG91975.1,PL9
QOG94639.1,PL9
QOG97298.1,PL9
QOG99956.1,PL9
QOH05275.1,PL9
QOH07933.1,PL9
QOH10592.1,PL9
QOH13250.1,PL9
QOH15908.1,PL9
QOH18567.1,PL9
QOH21227.1,PL9
QOH23889.1,PL9
QOH48501.1,PL9
QOH49908.1,PL9
QOH52056.1,PL9
QOH54212.1,PL9
QOH62157.1,PL9
QOH64337.1,PL9
QOH67804.1,PL9
QOH90520.1,CE0
QOI07625.1,PL9
QOI54865.1,PL9
QOJ73306.1,PL9
QOL14485.1,PL9
QOL15158.1,PL9
QOL16528.1,PL9
QOL26504.1,PL9
QOL28052.1,CE0
QOL38803.1,CE0
QOL40058.1,CE0
QOL46362.1,CE0
QOL52331.1,CE0
QOL59420.1,CE0
QOL70560.1,CE0
QOQ53886.1,CE0
QOQ54621.1,PL9
QOR50597.1,CE0
QOS78982.1,PL9
QOS80055.1,PL9
QOS80407.1,CE0
QOS80477.1,PL9
QOT69933.1,PL9
QOV32319.1,PL9
QOV39183.1,PL9
QOV39185.1,PL9
QOV41173.1,CE0
QOV49495.1,PL9
QOV64113.1,PL9
QOV77337.1,CE0
QOV88353.1,PL9
QOV90777.1,PL9
QOV91790.1,CE0
QOW06701.1,PL9
QOX65725.1,CE0
QOX70363.1,CE0
QOY22216.1,PL9
QPA21925.1,PL9
QPA52915.1,PL9
QPA57247.1,PL9
QPB61666.1,PL9
QPB85411.1,CE0
QPC39641.1,PL9
QPC59191.1,PL9
QPC63584.1,CE0
QPC64279.1,CE0
QPC65629.1,CE0
QPC66974.1,CE0
QPC70578.1,PL9
QPC72470.1,CE0
QPC73171.1,CE0
QPC75718.1,CE0
QPC79577.1,CE0
QPD67956.1,CE0
QPD72869.1,CE0
QPF08835.1,PL9
QPF27742.1,PL9
QPG18132.1,CE0
QPG22063.1,PL9
QPG22816.1,CE0
QPG40647.1,PL9
QPG99528.1,CE0
QPH59586.1,CE0
QPI20459.1,CE0
QPI23799.1,PL9
QPI43042.1,PL9
QPI44814.1,PL9
QPI47999.1,PL9
QPI55600.1,PL9
QPI60942.1,PL9
QPK15796.1,PL9
QPK17456.1,PL9
QPK19635.1,PL9
QPK21280.1,PL9
QPK22361.1,PL9
QPK49643.1,PL9
QPK52883.1,PL9
QPK55221.1,PL9
QPK57964.1,PL9
QPL58170.1,PL9
QPL60595.1,PL9
QPL67266.1,CE0
QPL73222.1,CE0
QPL79369.1,CE0
QPL85326.1,CE0
QPL91471.1,CE0
QPL97291.1,CE0
QPM03269.1,CE0
QPM09314.1,CE0
QPM15193.1,CE0
QPM21133.1,CE0
QPM27606.1,CE0
QPM67955.1,PL9
QPM78609.1,PL9
QPM81120.1,CE0
QPO47255.1,CE0
QPO52522.1,CE0
QPO57456.1,CE0
QPO62665.1,CE0
QPO66534.1,CE0
QPO71292.1,CE0
QPO82028.1,CE0
QPO86438.1,CE0
QPO92241.1,CE0
QPP03591.1,CE0
QPQ15169.1,PL9
QPQ18023.1,PL9
QPQ22839.1,PL9
QPQ27721.1,PL9
QPQ37453.1,PL9
QPQ38325.1,CE0
QPQ39083.1,PL9
QPQ43233.1,PL9
QPX97465.1,CE0
QPZ42815.1,PL9
QQA07680.1,PL9
QQA07693.1,PL9
QQA08270.1,CE0
QQA29127.1,CE0
QQA68898.1,CE0
QQA70518.1,CE0
QQA73766.1,PL9
QQA76013.1,PL9
QQD00860.1,PL9
QQD05463.1,PL9
QQD65452.1,PL9
QQD80803.1,CE0
QQD81596.1,PL9
QQE17953.1,PL9
QQE37291.1,CE0
QQG28494.1,PL9
QQG30169.1,PL9
QQH02453.1,CE0
QQH07526.1,CE0
QQJ92886.1,PL9
QQK40140.1,CE0
QQK68361.1,PL9
QQK70401.1,PL9
QQK72442.1,PL9
QQM44193.1,PL9
QQM47248.1,PL9
QQN78322.1,CE0
QQN81014.1,PL9
QQN89776.1,CE0
QQO47392.1,PL9
QQO69235.1,PL9
QQQ24706.1,PL9
QQQ29191.1,CE0
QQQ51512.1,PL9
QQQ65990.1,CE0
QQQ77432.1,PL9
QQQ78294.1,PL9
QQQ90476.1,CE0
QQR18968.1,CE0
QQR43509.1,PL9
QQR45886.1,CE0
QQS98017.1,CE0
QQT27396.1,CE0
QQT32756.1,CE0
QQT56222.1,CE0
QQT78715.1,PL9
QQT78716.1,PL9
QQT78798.1,PL9
QQV01830.1,CE0
QQV52701.1,CE0
QQV81252.1,PL9
QQX13474.1,PL9
QQX15784.1,CE0
QQX26083.1,PL9
QQY40420.1,CE0
QQY40500.1,CE0
QQY42159.1,CE0
QQY44776.1,CE0
QQY81127.1,PL9
QQY82139.1,PL9
QQZ02686.1,CE0
QQZ02968.1,PL9
QQZ08892.1,PL9
QQZ61545.1,PL9
QRA64900.1,CE0
QRA70002.1,CE0
QRA71163.1,PL9
QRA80702.1,PL9
QRA83354.1,CE0
QRA85417.1,PL9
QRA88142.1,CE0
QRA92863.1,CE0
QRB05336.1,CE0
QRB07089.1,PL9
QRB08205.1,PL9
QRB10193.1,CE0
QRB18325.1,PL9
QRB20995.1,CE0
QRB37419.1,PL9
QRB40127.1,CE0
QRB61008.1,PL9
QRB63664.1,CE0
QRC97238.1,CE0
QRD81010.1,CE0
QRD81454.1,PL9
QRD87153.1,CE0
QRD91240.1,CE0
QRD91661.1,CE0
QRF32135.1,PL9
QRF83333.1,PL9
QRF84695.1,CE0
QRI64427.1,CE0
QRK08461.1,PL9
QRM98467.1,PL9
QRM99006.1,CE0
QRN03174.1,CE0
QRN05803.1,PL9
QRN30042.1,PL9
QRN31773.1,PL9
QRN35887.1,PL9
QRN36648.1,PL9
QRN38332.1,PL9
QRN93190.1,CE0
QRP59317.1,PL9
QRP59400.1,PL9
QRP59401.1,PL9
QRQ47182.1,CE0
QRQ47387.1,CE0
QRQ49053.1,CE0
QRQ55180.1,CE0
QRQ55841.1,PL9
QRQ60217.1,CE0
QRV84417.1,CE0
QRV84419.1,CE0
QRV93945.1,CE0
QRV94020.1,PL9
QRV98465.1,CE0
QRV98467.1,CE0
QRW08158.1,CE0
QRW08248.1,PL9
QRW13030.1,CE0
QRW17577.1,CE0
QRW21466.1,PL9
QRW21500.1,PL9
QRW26348.1,CE0
QRX64340.1,CE0
QRX64993.1,CE0
QRX99959.1,PL9
QRY36713.1,PL9
QRY56403.1,CE0
QRZ16611.1,PL9
QRZ91513.1,CE0
QRZ92517.1,PL9
QSB17085.1,CE0
QSB25514.1,PL9
QSB28752.1,PL9
QSD19558.1,PL9
QSD21113.1,PL9
QSD22806.1,PL9
QSD25642.1,PL9
QSD27560.1,PL9
QSD33256.1,PL9
QSD34468.1,PL9
QSD36678.1,PL9
QSD38631.1,PL9
QSD40817.1,PL9
QSD42711.1,PL9
QSD44885.1,PL9
QSD47971.1,PL9
QSD49843.1,PL9
QSD52564.1,PL9
QSD54424.1,PL9
QSF29581.1,PL9
QSF40787.1,PL9
QSF42830.1,CE0
QSF48012.1,CE0
QSF98862.1,PL9
QSG11333.1,PL9
QSG11344.1,PL9
QSG82636.1,PL9
QSG89511.1,CE0
QSG95095.1,CE0
QSG99718.1,CE0
QSH04322.1,CE0
QSH08827.1,CE0
QSH13440.1,CE0
QSH18056.1,CE0
QSH27277.1,CE0
QSH31892.1,CE0
QSI03342.1,PL9
QSI44347.1,PL9
QSI45639.1,CE0
QSI94015.1,PL9
QSI95346.1,PL9
QSI97175.1,PL9
QSJ01704.1,PL9
QSQ00438.1,PL9
QSQ13210.1,PL9
QSQ18310.1,CE0
QSQ19711.1,CE0
QSS36671.1,CE0
QSS40301.1,PL9
QST79571.1,PL9
QSV41878.1,PL9
QSV51317.1,CE0
QSW14531.1,PL9
QSW35495.1,PL9
QSW88345.1,PL9
QSW90186.1,CE0
QSX04214.1,PL9
QSX22292.1,PL9
QSY50603.1,CE0
QSY60484.1,CE0
QSZ14020.1,CE0
QSZ15075.1,CE0
QSZ33083.1,CE0
QSZ46239.1,PL9
QTB11980.1,PL9
QTB16499.1,PL9
QTB25423.1,PL9
QTC41563.1,CE0
QTE36961.1,CE0
QTE38958.1,CE0
QTE39634.1,PL9
QTE39635.1,PL9
QTE41132.1,CE0
QTE41915.1,PL9
QTE41916.1,PL9
QTE45384.1,CE0
QTE48518.1,PL9
QTE48519.1,PL9
QTE51981.1,CE0
QTE57069.1,CE0
QTE59904.1,PL9
QTE59905.1,PL9
QTE60630.1,PL9
QTE60631.1,PL9
QTE61413.1,CE0
QTE63468.1,CE0
QTF59393.1,PL9
QTF59394.1,PL9
QTF60172.1,CE0
QTF62227.1,CE0
QTF89979.1,PL9
QTG78094.1,PL9
QTG84720.1,PL9
QTH06797.1,PL9
QTH10817.1,PL9
QTH46355.1,PL9
QTH51378.1,PL9
QTI90513.1,PL9
QTK97571.1,PL9
QTL01509.1,PL9
QTL37350.1,CE0
QTL51161.1,PL9
QTL90532.1,PL9
QTL97297.1,PL9
QTM99149.1,PL9
QTN55312.1,PL9
QTN94482.1,CE0
QTN95240.1,PL9
QTO25660.1,CE0
QTO37231.1,CE0
QTO61158.1,PL9
QTO64008.1,PL9
QTP40122.1,PL9
QTP46234.1,PL9
QTQ88044.1,PL9
QTR02865.1,CE0
QTT75684.1,CE0
QTU44138.1,PL9
QTU44353.1,CE0
QTU45114.1,PL9
QTU49086.1,CE0
QTU50740.1,CE0
QTU51095.1,PL9
QTU52258.1,PL9
QTU56897.1,CE0
QTU58863.1,CE0
QTU58864.1,CE0
QTU59181.1,PL9
QTU60280.1,PL9
QTU60495.1,CE0
QTU65177.1,CE0
QTU66920.1,CE0
QTV12347.1,PL9
QUC55449.1,PL9
QUC58214.1,PL9
QUC61108.1,PL9
QUC63414.1,CE0
QUC66034.1,CE0
QUD94002.1,PL9
QUE52576.1,PL9
QUE94953.1,PL9
QUF03797.1,PL9
QUF05402.1,PL9
QUF71029.1,PL9
QUF72737.1,CE0
QUF84665.1,PL9
QUF85207.1,PL9
QUG40408.1,PL9
QUG46936.1,PL9
QUG53036.1,CE0
QUH26518.1,CE0
QUI44568.1,CE0
QUI46576.1,CE0
QUI71383.1,CE0
QUL52126.1,PL9
QUL54882.1,CE0
QUM59176.1,PL9
QUM60504.1,PL9
QUM64691.1,PL9
QUN08353.1,CE0
QUN09166.1,PL9
QUN33862.1,CE0
QUP66809.1,PL9
QUR44906.1,CE0
QUR70371.1,PL9
QUT17818.1,PL9
QUT26889.1,CE0
QUT27398.1,PL9
QUT32423.1,CE0
QUT32942.1,PL9
QUT35459.1,CE0
QUT42080.1,PL9
QUT46563.1,CE0
QUT56982.1,CE0
QUT59621.1,CE0
QUT60181.1,CE0
QUT60646.1,CE0
QUT66756.1,CE0
QUT69867.1,PL9
QUT69881.1,PL9
QUT78598.1,CE0
QUT86590.1,CE0
QUT87319.1,CE0
QUT88834.1,CE0
QUT90272.1,CE0
QUT92735.1,CE0
QUT92737.1,CE0
QUT98069.1,CE0
QUU00911.1,CE0
QUU06150.1,PL9
QUU06382.1,PL9
QUU06383.1,PL9
QUU15346.1,PL9
QUW82814.1,PL9
QUW82821.1,PL9
QUX27666.1,PL9
QVH36771.1,PL9
QVH39974.1,PL9
QVH40969.1,PL9
QVH42370.1,PL9
QVH44174.1,PL9
QVH45169.1,PL9
QVH50771.1,PL9
QVH52574.1,PL9
QVH53571.1,PL9
QVH54973.1,PL9
QVH56771.1,PL9
QVH57769.1,PL9
QVH61969.1,PL9
QVH63371.1,PL9
QVH65169.1,PL9
QVH66167.1,PL9
QVH67569.1,PL9
QVH69367.1,PL9
QVH70365.1,PL9
QVH71766.1,PL9
QVH73570.1,PL9
QVH74565.1,PL9
QVH75967.1,PL9
QVH77765.1,PL9
QVH78763.1,PL9
QVH81968.1,PL9
QVI62612.1,CE0
QVI65666.1,CE0
QVI72969.1,PL9
QVI77891.1,PL9
QVI83089.1,PL9
QVJ79572.1,CE0
QVJ81037.1,CE0
QVJ82151.1,CE0
QVK33143.1,PL9
QVK38871.1,CE0
QVN26317.1,CE0
QVN27252.1,PL9
QVQ37060.1,PL9
QVQ40277.1,PL9
QVV62135.1,PL9
QVW67679.1,PL9
QVW70179.1,CE0
QVX09163.1,PL9
QVX14104.1,PL9
QVY61566.1,PL9
QVY65580.1,CE0
QVY66165.1,CE0
QWA25330.1,PL9
QWA51081.1,PL9
QWA90868.1,PL9
QWB04550.1,PL9
QWB21651.1,PL9
QWB26433.1,PL9
QWB28750.1,PL9
QWC23644.1,CE0
QWC42892.1,PL9
QWC44705.1,PL9
QWC51381.1,PL9
QWC53137.1,PL9
QWC68714.1,CE0
QWG48136.1,PL9
QWH09840.1,PL9
QWH31933.1,PL9
QWI14477.1,PL9
QWI63553.1,PL9
QWI78246.1,PL9
QWL01937.1,PL9
QWN06014.1,PL9
QWN10154.1,PL9
QWN14437.1,PL9
QWN18722.1,PL9
QWN22971.1,PL9
QWN27109.1,PL9
QWN31278.1,PL9
QWN35418.1,PL9
QWQ27130.1,CE0
QWQ27900.1,PL9
QWS50384.1,PL9
QWT40645.1,PL9
QWT41333.1,PL9
QWT42736.1,PL9
QWU10286.1,PL9
QWW79583.1,PL9
QWX85021.1,PL9
QWX86238.1,PL9
QWX86240.1,PL9
QXC95529.1,PL9
QXE03509.1,PL9
QXE13222.1,PL9
QXE15447.1,PL9
QXE35604.1,PL9
QXJ60354.1,CE0
QXM04154.1,PL9
QXN60910.1,PL9
QXO15527.1,PL9
QXO15536.1,PL9
QXT34477.1,CE0
QXT42432.1,PL9
QXT62573.1,CE0
QXU42793.1,PL9
QXU50969.1,CE0
QXV66589.1,CE0
QXW34312.1,PL9
QXW39575.1,PL9
QXW45822.1,PL9
QXW81374.1,PL9
QXX29497.1,PL9
QXX72279.1,PL9
QXY97617.1,PL9
QYA34006.1,PL9
QYA38791.1,PL9
QYA77516.1,PL9
QYA99573.1,CE0
QYC33634.1,CE0
QYC34413.1,PL9
QYC41026.1,PL9
QYC44258.1,CE0
QYD28652.1,CE0
QYE30342.1,PL9
QYF87616.1,CE0
QYG89395.1,CE0
QYH16722.1,CE0
QYK63286.1,PL9
QYK64837.1,CE0
QYK68536.1,PL9
QYL20428.1,CE0
QYL20433.1,CE0
QYM77803.1,CE0+PL9
QYM78259.1,PL9
QYM81423.1,CE0
QYM82242.1,PL9
QYM90482.1,PL9
QYM91169.1,PL9
QYM92987.1,PL9
QYM95414.1,PL9
QYM97881.1,PL9
QYN41231.1,PL9
QYN45706.1,PL9
QYO65779.1,PL9
QYR21238.1,PL9
QYS89662.1,PL9
QYS93131.1,CE0
QYT04935.1,CE0
QYX40602.1,PL9
QYX43106.1,PL9
QYX45438.1,CE0
QYX78668.1,PL9
QYX80991.1,PL9
QYX80994.1,PL9
QYY35382.1,CE0
QZA26897.1,CE0
QZD57339.1,PL9
QZD57472.1,PL9
QZD58323.1,PL9
QZN75200.1,PL9
QZQ50308.1,PL9
QZS49071.1,CE0
QZT33783.1,PL9
QZT39705.1,CE0
QZT40481.1,PL9
QZU79640.1,PL9
QZU79654.1,PL9
QZU80310.1,CE0
QZU85075.1,PL9
QZU85089.1,PL9
QZU85745.1,CE0
QZY10570.1,CE0
QZY21653.1,CE0
QZY22470.1,PL9
QZY26751.1,PL9
QZY31603.1,CE0
QZY32369.1,PL9
QZY36907.1,PL9
QZY80054.1,PL9
QZY85447.1,PL9
QZZ25148.1,CE0
QZZ25192.1,CE0
QZZ27090.1,PL9
QZZ27091.1,PL9
QZZ29155.1,PL9
QZZ30351.1,CE0
QZZ32479.1,PL9
QZZ49013.1,CE0
QZZ53866.1,PL9
SBO94195.1,CE0
SBO96337.1,PL9
SBO97871.1,CE0
SBT38907.1,PL9
SBT38933.1,CE0
SBT43221.1,PL9
SBV25189.1,CE0
SCA74301.1,CE0
SCA86607.1,PL9
SCD19163.1,CE0
SCD20825.1,CE0
SCE74176.1,CE0
SCE78523.1,PL9
SCF06831.1,CE0
SCF06847.1,CE0
SCF09554.1,CE0
SCF27373.1,CE0
SCF30166.1,CE0
SCF32488.1,PL9
SCF37519.1,PL9
SCG16762.1,CE0
SCG17578.1,PL9
SCG37044.1,PL9
SCG39453.1,CE0
SCG40251.1,CE0
SCG40404.1,PL9
SCG41663.1,CE0
SCG46662.1,CE0
SCG51792.1,CE0
SCG56773.1,CE0
SCG65517.1,CE0
SCG71515.1,CE0
SCG76455.1,PL9
SCM59684.1,CE0
SCV07744.1,CE0
SCV08451.1,PL9
SDR70217.1,CE0
SDR91733.1,PL9
SDR91859.1,PL9
SDS38476.1,CE0
SDS65094.1,PL9
SDS65840.1,PL9
SDT14961.1,CE0
SDT25290.1,PL9
SDT51930.1,PL9
SDT56490.1,PL9
SDT60488.1,PL9
SDT80852.1,PL9
SDU80058.1,PL9
SET92437.1,PL9
SHH50044.1,CE0
SHI13648.1,PL9
SHI28335.1,PL9
SHI28350.1,PL9
SHI44562.1,CE0
SHI58388.1,CE0
SHI58533.1,CE0
SJX63875.1,CE0
SKC11636.1,PL9
SLL99358.1,CE0
SLM01301.1,PL9
SLM02869.1,CE0
SLM62404.1,PL9
SLM63028.1,PL9
SMB34940.1,CE0
SMD44374.1,CE0
SMQ93684.1,PL9
SMQ95623.1,PL9
SMQ97035.1,PL9
SMQ99564.1,PL9
SMR00820.1,PL9
SMR00973.1,PL9
SMR01729.1,PL9
SMR03597.1,PL9
SNU18758.1,CE0
SNV16271.1,PL9
SOE20180.1,CE0
SOE21507.1,CE0
SOP96073.1,PL9
SOQ03124.1,PL9
SOS14866.1,PL9
SOS41511.1,PL9
SPD80551.1,PL9
SQE29114.1,CE0
SQE45738.1,CE0
SQG57482.1,PL9
SQG80055.1,PL9
SQG80056.1,PL9
SQI99212.1,PL9
UAB73327.1,CE0
UAB85068.1,CE0
UAB86365.1,CE0
UAB92403.1,PL9
UAB93135.1,PL9
UAC00484.1,PL9
UAC00925.1,CE0
UAC01180.1,CE0
UAK21269.1,PL9
UAL13208.1,PL9
UAL26964.1,PL9
UAM97150.1,CE0
UAN10690.1,PL9
UAN14786.1,CE0
UAN33438.1,CE0
UAN34744.1,CE0
UAN42749.1,CE0
UAN44411.1,PL9
UAN49833.1,PL9
UAN61429.1,PL9
UAS96272.1,CE0
UAU36915.1,CE0
UAX55628.1,PL9
UAY44280.1,PL9
UAY50922.1,PL9
UAY51141.1,CE0
UAY52710.1,PL9
UAY53803.1,PL9
UAY56939.1,PL9
UAY67933.1,CE0
UAY71582.1,PL9
UAY90268.1,PL9
UAY92111.1,PL9
UAY94947.1,PL9
UAY96322.1,PL9
UAY98157.1,PL9
UBD12948.1,CE0
UBD13233.1,CE0
UBD13728.1,PL9
UBD13741.1,PL9
UBD61137.1,CE0
UBD67492.1,CE0
UBD70074.1,CE0
UBD72283.1,CE0
UBD83961.1,CE0
UBD86429.1,CE0
UBD86529.1,CE0
UBE41223.1,CE0
UBE42453.1,CE0
UBE46461.1,CE0
UBE46994.1,PL9
UBF09303.1,CE0
UBF11514.1,PL9
UBF12626.1,PL9
UBF12627.1,PL9
UBM18486.1,CE0
UBM34689.1,CE0
UBM59079.1,CE0
UBS41655.1,CE0
UBS43125.1,CE0
UBS87147.1,PL9
UBT77369.1,PL9
UBT77494.1,PL9
UBU09455.1,CE0
UBU16375.1,CE0
UBU18110.1,PL9
UBU18497.1,PL9
UBY94040.1,CE0
UBZ01913.1,CE0
UBZ02874.1,CE0
UBZ12997.1,CE0
UCA45874.1,PL9
UCB35476.1,CE0
UCB35864.1,CE0
UCB36614.1,CE0
UCB39718.1,CE0
UCB40106.1,CE0
UCB40856.1,CE0
UCB41851.1,CE0
UCH55450.1,CE0
UCI07181.1,CE0
UCI34541.1,CE0
UCJ06952.1,CE0
UCK59306.1,CE0
UCP79893.1,PL9
UCP81694.1,PL9
UCP85708.1,PL9
UCP87960.1,PL9
UCP90065.1,PL9
UCP91891.1,PL9
UCT06942.1,CE0
UCU91714.1,PL9
UCZ70766.1,PL9
UCZ74685.1,PL9
UCZ75443.1,PL9
UCZ79557.1,PL9
UCZ81355.1,PL9
UDB42458.1,CE0
UDB52257.1,PL9
UDB89045.1,PL9
UDD56943.1,CE0
UDD56959.1,CE0
UDD63953.1,CE0
UDD64353.1,CE0
UDF16447.1,PL9
UDG02592.1,CE0
UDI80538.1,PL9
UDJ82517.1,PL9
UDK95310.1,PL9
UDL10104.1,CE0
UDL23458.1,CE0
UDM61290.1,CE0
UDQ59490.1,CE0
UDQ75977.1,PL9
UDQ77599.1,PL9
UDQ80377.1,PL9
UDV47613.1,PL9
UDV85399.1,PL9
UDV90941.1,PL9
UED87844.1,PL9
UEG48834.1,PL9
UEG48895.1,PL9
UEG49392.1,PL9
UEG49493.1,CE0
UEG52270.1,CE0
UEG53116.1,CE0
UEG57786.1,PL9
UEG58780.1,CE0
UEG96499.1,PL9
UEH00799.1,CE0
UEJ82069.1,CE0
UEK87488.1,PL9
UEK88446.1,PL9
UEK94068.1,PL9
UEK95036.1,PL9
UEK95037.1,PL9
UEM39453.1,PL9
UEO03691.1,CE0
UEQ09342.1,PL9
UEQ23415.1,PL9
UER63645.1,CE0
UEX82615.1,CE0
UFH33079.1,CE0
UFH38204.1,CE0
UFH55417.1,CE0
UFH55418.1,CE0
UFH55419.1,CE0
UFI45858.1,PL9
UFK39466.1,PL9
UFK52554.1,CE0
UFK56615.1,PL9
UFM69596.1,PL9
UFM92982.1,PL9
UFN01569.1,PL9
UFN05263.1,PL9
UFN06037.1,PL9
UFN08329.1,PL9
UFN11641.1,PL9
UFN12909.1,PL9
UFN15225.1,PL9
UFN20723.1,PL9
UFN22963.1,PL9
UFN24216.1,PL9
UFN26461.1,PL9
UFN31398.1,PL9
UFN33164.1,PL9
UFN40565.1,PL9
UFN57518.1,CE0
UFN71836.1,PL9
UFN91940.1,PL9
UFN96340.1,CE0
UFN96975.1,PL9
UFN97082.1,CE0
UFP94834.1,CE0
UFR00519.1,PL9
UFS48705.1,PL9
UFS53660.1,PL9
UFS88602.1,CE0
UFS97537.1,CE0
UFT94410.1,PL9
UFT96210.1,PL9
UFT99345.1,PL9
UGA49675.1,PL9
UGA51049.1,PL9
UGA52876.1,PL9
UGQ47986.1,PL9
UGS42806.1,PL9
UGS46108.1,PL9
UGU16204.1,PL9
UGV93613.1,CE0
UHC29308.1,CE0
UHC63471.1,PL9
UHC66050.1,CE0
UHC94309.1,PL9
UHD04099.1,PL9
UHD11040.1,PL9
UHD63625.1,PL9
UHH02505.1,PL9
UHH22687.1,PL9
UHJ62976.1,PL9
UHM93373.1,PL9
UHO40274.1,CE0
UHQ18777.1,PL9
UHY24294.1,CE0
UHZ81204.1,CE0
UHZ85522.1,CE0
UHZ86846.1,CE0
UIE37956.1,CE0
UII21350.1,PL9
UII23415.1,PL9
UII27141.1,PL9
UII27343.1,PL9
UII28614.1,PL9
UII28616.1,PL9
UII28767.1,PL9
UII31811.1,PL9
UIJ78737.1,CE0
UIN44890.1,CE0
UIN50068.1,PL9
UIO92086.1,PL9
UIR17295.1,PL9
UIR56092.1,CE0
UIS28587.1,PL9
UIX32510.1,CE0
UJD91900.1,PL9
UJF15654.1,PL9
UJH90800.1,CE0
UJL31813.1,CE0
UJM27520.1,PL9
UJO20274.1,CE0
UJO20625.1,CE0
UJO21504.1,CE0
UJP39150.1,PL9
UJP39733.1,CE0
UJR08046.1,CE0
UJR11006.1,CE0
UJR11212.1,PL9
UJR13476.1,CE0
UJR17349.1,CE0
UJR20619.1,CE0
UJR34635.1,PL9
UJR38705.1,PL9
UJR54297.1,PL9
UJR54980.1,PL9
UJR56385.1,PL9
UJR59096.1,PL9
UJR60444.1,PL9
UJR61305.1,PL9
UJR61972.1,PL9
UJT49543.1,PL9
UJV44473.1,PL9
UJV44475.1,PL9
UJW29696.1,PL9
UJW57057.1,PL9
UJW82753.1,CE0
UJW91368.1,PL9
UJW98795.1,PL9
UJX05603.1,PL9
UJX10946.1,PL9
UJX16017.1,PL9
UJX17866.1,PL9
UKA60097.1,CE0
UKA64033.1,CE0
UKB81044.1,CE0
UKB82008.1,CE0
UKE83751.1,PL9
UKE85592.1,PL9
UKJ23047.1,CE0
UKK53189.1,CE0
UKK55941.1,CE0
UKK55954.1,CE0
UKK56182.1,PL9
UKK57239.1,CE0
UKK58731.1,CE0
UKK58943.1,PL9
UKK59947.1,CE0
UKK61502.1,CE0
UKK62686.1,CE0
UKK64328.1,CE0
UKK64342.1,CE0
UKK64540.1,PL9
UKK65511.1,CE0
UKK66670.1,CE0
UKK66900.1,PL9
UKK67942.1,CE0
UKK69922.1,CE0
UKK70961.1,PL9
UKK71177.1,CE0
UKK71190.1,CE0
UKK74022.1,CE0
UKK78231.1,CE0
UKK81273.1,CE0
UKL09135.1,PL9
UKM63844.1,PL9
UKM63845.1,PL9
UKM65565.1,CE0
UKS25792.1,PL9
UKS38383.1,PL9
UKS46895.1,PL9
UKS54675.1,PL9
UKS66073.1,PL9
UKS66111.1,CE0
UKT65545.1,CE0
UKY55765.1,PL9
UKY57619.1,PL9
UKZ09962.1,CE0
UKZ47743.1,CE0
UKZ53227.1,CE0
UKZ67969.1,CE0
UKZ84585.1,CE0
UKZ86526.1,CE0
UKZ97189.1,CE0
ULC58558.1,CE0
ULC59034.1,CE0
ULC59036.1,PL9
ULF58372.1,PL9
ULF64246.1,PL9
ULI47481.1,PL9
ULI53637.1,CE0
ULI89875.1,CE0
ULJ04734.1,CE0
ULJ14342.1,CE0
ULJ56913.1,CE0
ULJ95325.1,CE0
ULK00065.1,CE0
ULK38710.1,CE0
ULK43216.1,CE0
ULK44475.1,PL9
ULK58147.1,CE0
ULP28683.1,CE0
ULP30611.1,CE0
ULQ50929.1,PL9
ULR29742.1,PL9
ULR31118.1,PL9
ULR33071.1,PL9
ULR48763.1,PL9
ULR49769.1,PL9
ULR49771.1,PL9
ULR52134.1,PL9
ULR54899.1,CE0
ULS44806.1,PL9
ULS46533.1,PL9
ULS49155.1,PL9
ULS50999.1,PL9
UMB75353.1,PL9
UMB76825.1,PL9
UMB78739.1,PL9
UML62870.1,CE0
UML63412.1,PL9
UML63425.1,PL9
UMO87569.1,PL9
UMO89247.1,PL9
UMQ42134.1,CE0
UMR25887.1,PL9
UMR35703.1,PL9
UMR38083.1,PL9
UMU26244.1,CE0
UMU39834.1,CE0
UMU43129.1,CE0
UMU58788.1,CE0
UMU62025.1,CE0
UMU67741.1,CE0
UMU72011.1,CE0
UMU76348.1,CE0
UMV01669.1,CE0
UMV05276.1,CE0
UMV16760.1,CE0
UMV31602.1,CE0
UMV40619.1,CE0
UMV48408.1,PL9
UMV48549.1,PL9
UMY54716.1,PL9
UMZ34764.1,PL9
UMZ45332.1,CE0
UMZ45339.1,CE0
UNB54051.1,CE0
UNC52371.1,PL9
UNE51860.1,CE0
UNE77971.1,PL9
UNE77972.1,PL9
UNE79196.1,PL9
UNE89622.1,CE0
UNF65346.1,PL9
UNG00999.1,PL9
UNG02289.1,CE0
UNG03499.1,CE0
UNG07869.1,CE0
UNI18483.1,CE0
UNI21161.1,CE0
UNI54239.1,PL9
UNJ87661.1,PL9
UNJ88300.1,CE0
UNK37129.1,CE0
UNK55674.1,PL9
UNK72853.1,PL9
UNL58691.1,CE0
UNL63178.1,CE0
UNL94388.1,PL9
UNO26944.1,PL9
UNP91759.1,CE0
UNP93458.1,CE0
UNU22132.1,CE0
UNU27358.1,CE0
UNW14355.1,PL9
UNZ07650.1,PL9
UNZ10066.1,CE0
UOB08618.1,PL9
UOB11509.1,PL9
UOB13767.1,PL9
UOB14799.1,PL9
UOB66285.1,PL9
UOD84092.1,PL9
UOE46216.1,CE0
UOE51906.1,CE0
UOE93041.1,PL9
UOF81082.1,PL9
UOG07537.1,PL9
UOG08819.1,CE0
UOG31858.1,CE0
UOG39146.1,CE0
UOG40297.1,CE0
UOG72905.1,CE0
UOI90104.1,PL9
UOK62345.1,CE0
UOK62391.1,PL9
UON50620.1,PL9
UON96352.1,PL9
UOO00981.1,CE0
UOO00982.1,CE0
UOO21749.1,PL9
UOO22472.1,PL9
UOO23794.1,PL9
UOO42957.1,CE0
UOQ45457.1,PL9
UOQ49844.1,PL9
UOQ82549.1,CE0
UOQ83449.1,PL9
UOR00016.1,CE0
UOX88779.1,PL9
UOX93019.1,CE0
UOY17517.1,CE0
UOY34063.1,CE0
UOY38831.1,CE0
UOY53012.1,CE0
UOY59753.1,CE0
UOY68036.1,CE0
UOY89687.1,PL9
UOZ20128.1,CE0
UOZ21186.1,CE0
UOZ24143.1,CE0
UPA26214.1,CE0
UPI87334.1,PL9
UPK42115.1,PL9
UPK42557.1,PL9
UPK43938.1,PL9
UPK46923.1,PL9
UPK48497.1,PL9
UPK66760.1,PL9
UPK67029.1,CE0
UPK67629.1,PL9
UPK69152.1,CE0
UPK69768.1,PL9
UPK72264.1,PL9
UPK91538.1,CE0
UPK95394.1,PL9
UPK97767.1,CE0
UPK99830.1,CE0
UPK99854.1,CE0
UPL01548.1,CE0
UPL02629.1,CE0
UPL47383.1,PL9
UPL50301.1,CE0
UPM46641.1,PL9
UPO16651.1,CE0
UPO89847.1,PL9
UPQ71711.1,PL9
UPR04333.1,CE0
UPR08290.1,PL9
UPR13789.1,PL9
UPR41239.1,PL9
UPS44886.1,CE0
UPT21681.1,CE0
UPT36298.1,PL9
UPT55503.1,PL9
UPT56197.1,PL9
UPV78769.1,PL9
UPV81135.1,CE0
UPV81753.1,CE0
UPV82536.1,PL9
UPV86469.1,PL9
UPV88860.1,CE0
UPX10810.1,PL9
UPX12895.1,PL9
UPX15983.1,CE0
UPX19923.1,CE0
UPY77495.1,CE0
UPY93474.1,PL9
UPY95133.1,PL9
UPZ15139.1,CE0
UPZ33109.1,PL9
UQA31998.1,CE0
UQA59859.1,PL9
UQA74234.1,PL9
UQB21020.1,PL9
UQB32483.1,PL9
UQB39241.1,PL9
UQB81076.1,CE0
UQB81856.1,PL9
UQC68489.1,PL9
UQC69274.1,PL9
UQC73362.1,CE0
UQC79481.1,CE0
UQC83578.1,CE0
UQC86653.1,CE0
UQC87713.1,CE0
UQC87916.1,PL9
UQC88383.1,PL9
UQC88384.1,PL9
UQC91173.1,PL9
UQE78712.1,PL9
UQK39298.1,PL9
UQK46723.1,PL9
UQM92319.1,PL9
UQM92338.1,PL9
UQQ32482.1,CE0
UQQ33103.1,PL9
UQQ35203.1,PL9
UQQ43650.1,CE0
UQQ52803.1,CE0
UQQ57559.1,CE0
UQR60238.1,CE0
UQS64331.1,CE0
UQT30652.1,CE0
UQT48087.1,CE0
UQT54032.1,PL9
UQT60257.1,PL9
UQW81249.1,CE0
UQW97912.1,PL9
UQX08465.1,CE0
UQY42982.1,PL9
UQZ36930.1,PL9
UQZ36977.1,PL9
UQZ37694.1,PL9
UQZ46228.1,CE0
UQZ47640.1,PL9
UQZ73345.1,CE0
UQZ77651.1,PL9
UQZ81757.1,PL9
UQZ85670.1,PL9
UQZ85879.1,PL9
UQZ94726.1,PL9
URD49815.1,CE0
URD68961.1,CE0
URE96986.1,CE0
URG38907.1,CE0
URG49013.1,PL9
URG52794.1,PL9
URJ36286.1,PL9
URJ39454.1,PL9
URJ43173.1,PL9
URJ44530.1,PL9
URJ49699.1,PL9
URJ51047.1,PL9
URJ53219.1,PL9
URJ55485.1,PL9
URJ58834.1,PL9
URJ60214.1,PL9
URJ65069.1,PL9
URJ67735.1,PL9
URL29144.1,CE0
URL55977.1,PL9
URM22951.1,PL9
URM36442.1,CE0
URM36452.1,CE0
URN99293.1,PL9
URR06484.1,CE0
URT68950.1,CE0
URX61884.1,PL9
URZ01233.1,PL9
URZ01549.1,PL9
URZ01870.1,PL9
URZ04604.1,PL9
URZ04605.1,PL9
URZ05294.1,PL9
URZ06013.1,PL9
URZ08519.1,PL9
URZ08551.1,PL9
URZ09127.1,PL9
URZ09128.1,PL9
URZ10335.1,PL9
URZ10644.1,PL9
URZ11050.1,PL9
URZ13550.1,PL9
URZ13582.1,PL9
URZ13814.1,PL9
URZ13815.1,PL9
URZ14458.1,PL9
URZ14487.1,PL9
URZ17441.1,PL9
URZ17754.1,PL9
URZ18552.1,CE0
URZ18656.1,PL9
URZ18657.1,PL9
USA57267.1,CE0
USC85585.1,CE0
USD19142.1,PL9
USD78959.1,PL9
USD80277.1,CE0
USD82665.1,PL9
USE69666.1,CE0
USF87256.1,PL9
USH04805.1,CE0
USI72780.1,CE0
USJ84047.1,CE0
USK24237.1,PL9
USK25584.1,CE0
USK37028.1,CE0
USK92400.1,PL9
USK92953.1,PL9
USL10727.1,PL9
USL26310.1,PL9
USL32300.1,PL9
USL37958.1,PL9
USL44130.1,PL9
USP07308.1,PL9
USP14694.1,PL9
USP15322.1,PL9
USP44738.1,PL9
USP46107.1,CE0
USP50166.1,PL9
USP50168.1,PL9
USP72941.1,CE0
USP80919.1,CE0
USP94172.1,CE0
USP95088.1,PL9
USQ14553.1,CE0
USQ87592.1,PL9
USQ89692.1,CE0
USS66872.1,CE0
USS69955.1,CE0
USS70028.1,CE0
USS70379.1,CE0
USW52268.1,CE0
USX12362.1,PL9
USX17241.1,PL9
USX18706.1,PL9
USX19903.1,CE0
USX23683.1,PL9
USX24863.1,PL9
USX29519.1,PL9
USX53209.1,CE0
USX53562.1,PL9
USX53913.1,CE0
USX53914.1,CE0
USY29015.1,PL9
USY51085.1,PL9
USY61097.1,PL9
USZ72444.1,CE0
UTA68641.1,CE0
UTA70113.1,CE0
UTB71355.1,CE0
UTB75190.1,CE0
UTB77048.1,CE0
UTB91600.1,CE0
UTB94095.1,CE0
UTC06156.1,CE0
UTC07992.1,CE0
UTC11462.1,CE0
UTC13162.1,CE0
UTC15238.1,CE0
UTE76743.1,CE0
UTF52485.1,CE0
UTI67629.1,CE0
UTI67631.1,CE0
UTJ11762.1,PL9
UTJ42394.1,PL9
UTJ57413.1,PL9
UTL72323.1,PL9
UTL74550.1,CE0
UTL76310.1,PL9
UTL78794.1,CE0
UTN06338.1,CE0
UTO62959.1,CE0
UTO66585.1,PL9
UTP30917.1,CE0
UTP34539.1,PL9
UTQ07445.1,CE0
UTQ08175.1,PL9
UTS72225.1,PL9
UTS72254.1,PL9
UTT55849.1,CE0
UTV32696.1,PL9
UTV33992.1,CE0
UTX05748.1,PL9
UTX06999.1,CE0
UTX10044.1,CE0
UTX13025.1,PL9
UTX58507.1,PL9
UTY52953.1,PL9
UTY80964.1,CE0
UUA04577.1,PL9
UUA09514.1,PL9
UUA12202.1,PL9
UUA17118.1,PL9
UUA76578.1,PL9
UUA83779.1,PL9
UUA85191.1,CE0
UUD43773.1,CE0
UUE08568.1,PL9
UUE11718.1,PL9
UUE36357.1,PL9
UUE38206.1,PL9
UUE40730.1,PL9
UUE43342.1,PL9
UUE45072.1,PL9
UUE49291.1,PL9
UUE51766.1,PL9
UUE53495.1,PL9
UUE57695.1,PL9
UUE60176.1,PL9
UUE61906.1,PL9
UUE64399.1,PL9
UUE66130.1,PL9
UUE70400.1,PL9
UUE72171.1,PL9
UUE74778.1,PL9
UUE76569.1,PL9
UUE79108.1,PL9
UUE80795.1,PL9
UUF07210.1,CE0
UUF09708.1,CE0
UUF13833.1,CE0
UUF14270.1,PL9
UUH74101.1,PL9
UUI04112.1,PL9
UUI40756.1,CE0
UUI59109.1,PL9
UUI65413.1,CE0
UUI72164.1,CE0
UUI83978.1,PL9
UUI86192.1,CE0
UUM34260.1,PL9
UUN82695.1,CE0
UUO18630.1,CE0
UUO19395.1,PL9
UUR70954.1,CE0
UUS34283.1,PL9
UUU20102.1,PL9
UUU21104.1,PL9
UUU21106.1,PL9
UUU23686.1,PL9
UUU23746.1,CE0
UUU28037.1,CE0
UUU28328.1,CE0
UUU32391.1,PL9
UUU34825.1,PL9
UUU34826.1,PL9
UUU35942.1,PL9
UUU37327.1,CE0
UUU37387.1,CE0
UUU37836.1,CE0
UUY79613.1,CE0
UUZ29886.1,CE0
UUZ29888.1,CE0
UVA65250.1,CE0
UVC16284.1,CE0
UVD72138.1,CE0
UVD75321.1,CE0
UVD82604.1,CE0
UVD85909.1,PL9
UVD95980.1,PL9
UVD97593.1,PL9
UVE52443.1,PL9
UVF17599.1,PL9
UVF18080.1,PL9
UVF18432.1,CE0
UVF19468.1,PL9
UVF22154.1,PL9
UVH64975.1,CE0
UVI31254.1,PL9
UVO08394.1,PL9
UVO10105.1,PL9
UVO59251.1,CE0
UVO75097.1,CE0
UVO75605.1,PL9
UVO75620.1,PL9
UVO76514.1,CE0
UVO80403.1,CE0
UVO84432.1,CE0
UVO87992.1,CE0
UVO92605.1,CE0
UVO94252.1,PL9
UVO95114.1,CE0
UVO98702.1,CE0
UVP05081.1,CE0
UVP10819.1,CE0
UVP11745.1,PL9
UVP13807.1,CE0
UVP18160.1,CE0
UVP25756.1,CE0
UVP26362.1,PL9
UVP30580.1,PL9
UVP30591.1,PL9
UVP34246.1,CE0
UVP35374.1,PL9
UVP36080.1,CE0
UVP43529.1,CE0
UVP44130.1,PL9
UVP44143.1,PL9
UVP44640.1,CE0
UVP49056.1,CE0
UVP51617.1,CE0
UVP52597.1,CE0
UVP58128.1,PL9
UVP58141.1,PL9
UVP60743.1,PL9
UVP61282.1,CE0
UVP64760.1,CE0
UVP66860.1,CE0
UVP75807.1,CE0
UVP78706.1,CE0
UVP79283.1,PL9
UVP81809.1,PL9
UVP82942.1,PL9
UVP82943.1,PL9
UVP83790.1,CE0
UVP88167.1,CE0
UVP92370.1,CE0
UVP96349.1,CE0
UVQ00719.1,CE0
UVQ06642.1,PL9
UVQ07751.1,PL9
UVQ07752.1,PL9
UVQ12555.1,CE0
UVQ13104.1,PL9
UVQ13870.1,CE0
UVQ24440.1,PL9
UVQ24441.1,PL9
UVQ24448.1,PL9
UVQ27064.1,PL9
UVQ27076.1,PL9
UVQ27808.1,CE0
UVQ30046.1,CE0
UVQ34288.1,PL9
UVQ38984.1,CE0
UVQ39757.1,PL9
UVQ43980.1,PL9
UVQ43992.1,PL9
UVQ49692.1,CE0
UVQ54519.1,CE0
UVQ61506.1,PL9
UVQ61513.1,PL9
UVQ71116.1,CE0
UVQ71705.1,PL9
UVQ71716.1,PL9
UVQ76229.1,CE0
UVQ76758.1,PL9
UVQ82221.1,CE0
UVQ86629.1,CE0
UVQ96973.1,PL9
UVQ97053.1,PL9
UVQ97054.1,PL9
UVQ97055.1,PL9
UVR05074.1,CE0
UVR06173.1,CE0
UVR06700.1,CE0
UVR07204.1,CE0
UVR16323.1,CE0
UVR28332.1,CE0
UVR31895.1,CE0
UVR40084.1,CE0
UVR44990.1,CE0
UVR46264.1,CE0
UVR54568.1,CE0
UVR67196.1,PL9
UVR67206.1,PL9
UVR68359.1,CE0
UVR74797.1,CE0
UVR80905.1,CE0
UVR84988.1,CE0
UVR92868.1,CE0
UVR93470.1,PL9
UVR93481.1,PL9
UVR98285.1,CE0
UVR99621.1,CE0
UVS13700.1,CE0
UVS14861.1,PL9
UVS14872.1,PL9
UVS19431.1,CE0
UVS26518.1,CE0
UVS26780.1,CE0
UVS27237.1,PL9
UVS27248.1,PL9
UVS28153.1,CE0
UVS36493.1,PL9
UVS36503.1,PL9
UVS37633.1,CE0
UVS50600.1,PL9
UVS53399.1,PL9
UVS53412.1,PL9
UVS54685.1,CE0
UVV54693.1,PL9
UVV54700.1,PL9
UVV54701.1,PL9
UVV56036.1,CE0
UVV60686.1,PL9
UVV60687.1,PL9
UVV61210.1,CE0
UVV81847.1,CE0
UVV82347.1,PL9
UVV82359.1,PL9
UVV86332.1,CE0
UVV86827.1,PL9
UVV86839.1,PL9
UVZ85763.1,PL9
UWA76929.1,CE0
UWC77708.1,PL9
UWD31750.1,CE0
UWE07808.1,CE0
UWE11266.1,CE0
UWE11291.1,CE0
UWH06028.1,PL9
UWH07401.1,PL9
UWH09204.1,PL9
UWI98828.1,CE0
UWM49518.1,PL9
UWM50307.1,CE0
UWM64241.1,PL9
UWN66440.1,PL9
UWN72595.1,CE0
UWN77244.1,CE0
UWN78790.1,PL9
UWN78872.1,PL9
UWN78873.1,PL9
UWN82553.1,CE0
UWN83785.1,CE0
UWN84390.1,CE0
UWN93444.1,CE0
UWN94109.1,PL9
UWN95288.1,PL9
UWN96879.1,PL9
UWO01927.1,PL9
UWO03603.1,CE0
UWO05664.1,CE0
UWO88678.1,CE0
UWP44553.1,CE0
UWP47045.1,CE0
UWP52342.1,CE0
UWP62314.1,CE0
UWP85504.1,PL9
UWS62803.1,PL9
UWV46574.1,CE0
UWV46753.1,PL9
UWV46767.1,CE0
UWV47342.1,CE0
UWV48256.1,CE0
UWY27679.1,CE0
UWY27698.1,CE0
UWZ48049.1,PL9
UWZ48475.1,CE0
UWZ48498.1,CE0
UWZ48738.1,CE0
UWZ51344.1,CE0
UWZ58482.1,CE0
UWZ58949.1,PL9
UWZ59599.1,PL9
UWZ59844.1,CE0
UWZ74151.1,PL9
UWZ83713.1,CE0
UWZ83728.1,CE0
UWZ87411.1,CE0
UWZ87413.1,CE0
UWZ89447.1,CE0
UWZ89914.1,CE0
UWZ90858.1,CE0
UXA20562.1,CE0
UXC32306.1,PL9
UXD68127.1,CE0
UXD69557.1,CE0
UXE38213.1,PL9
UXF00965.1,CE0
UXH43998.1,CE0
UXI80583.1,PL9
UXJ65987.1,CE0
UXJ67188.1,PL9
UXK00378.1,PL9
UXN53909.1,PL9
UXN55901.1,CE0
UXO78836.1,PL9
UXO87931.1,PL9
UXO89366.1,CE0
UXP22236.1,CE0
UXP32252.1,PL9
UXP33892.1,CE0
UXX81330.1,PL9
UXX92878.1,PL9
UXY10933.1,PL9
UXY17776.1,CE0
UXY19087.1,PL9
UXY23222.1,CE0
UXZ17467.1,PL9
UXZ19776.1,CE0
UYA60069.1,PL9
UYA62592.1,PL9
UYB42817.1,CE0
UYB58823.1,PL9
UYB58832.1,CE0
UYG95438.1,CE0
UYH04844.1,PL9
UYI13526.1,PL9
UYI16120.1,CE0
UYI20893.1,PL9
UYI23483.1,CE0
UYK99454.1,CE0
UYL03210.1,CE0
UYM53791.1,PL9
UYM90204.1,PL9
UYO03141.1,CE0
UYO07272.1,PL9
UYO31667.1,PL9
UYO33871.1,CE0
UYO35541.1,PL9
UYP06067.1,PL9
UYP80204.1,PL9
UYQ60418.1,PL9
UYQ65597.1,PL9
UYQ92548.1,CE0
UYT57106.1,CE0
UYT85243.1,PL9
UYT88501.1,CE0
UYU36603.1,PL9
UYU38362.1,CE0
UYU53745.1,CE0
UYU55990.1,CE0
UYU56862.1,CE0
UYU56965.1,PL9
UYU61121.1,PL9
UYU61134.1,PL9
UYU64501.1,PL9
UYU64514.1,PL9
UYU67957.1,CE0
UYU70608.1,PL9
UYU74280.1,PL9
UYU75641.1,CE0
UYU79364.1,CE0
UYU80217.1,PL9
UYU84127.1,CE0
UYU87715.1,PL9
UYU87728.1,PL9
UYU89221.1,CE0
UYU89506.1,PL9
UYU94918.1,PL9
UYU94930.1,PL9
UYU98096.1,CE0
UYV00103.1,CE0
UYV00558.1,PL9
UYV00570.1,PL9
UYV04789.1,CE0
UYV07661.1,CE0
UYV08459.1,CE0
UYV54701.1,PL9
UYW18071.1,PL9
UYW23633.1,PL9
UYW73171.1,PL9
UYY72739.1,PL9
UYY72748.1,CE0
UYZ38783.1,CE0
UZA82408.1,PL9
UZB02004.1,PL9
UZB06210.1,PL9
UZB10455.1,PL9
UZB14578.1,PL9
UZB27198.1,PL9
UZB31340.1,PL9
UZD70219.1,CE0
UZD72828.1,CE0
UZD73718.1,PL9
UZF74155.1,PL9
UZF74558.1,PL9
UZH56836.1,CE0
UZJ46138.1,PL9
UZK57385.1,PL9
UZN03631.1,CE0
UZN03635.1,CE0
UZN18939.1,CE0
UZN34336.1,PL9
UZN55381.1,PL9
UZO82237.1,CE0
UZP38438.1,PL9
UZP42903.1,CE0
UZP45216.1,CE0
UZQ69459.1,CE0
UZQ85791.1,PL9
UZR97849.1,CE0
UZS65076.1,PL9
UZS70293.1,PL9
UZS75165.1,PL9
UZT05144.1,PL9
UZT08605.1,PL9
UZT10313.1,PL9
UZT12708.1,CE0
UZT22016.1,CE0
UZW31877.1,CE0
UZW34958.1,CE0
VBB16541.1,PL9
VBB73265.1,CE0
VBB80928.1,CE0
VBB81060.1,CE0
VCV24180.1,CE0
VDR30731.1,PL9
VDY56552.1,PL9
VDY70935.1,CE0
VDY76987.1,CE0
VDY79561.1,CE0
VDY81325.1,CE0
VDY90387.1,CE0
VDY90412.1,CE0
VDZ03525.1,CE0
VDZ08226.1,CE0
VDZ10213.1,CE0
VDZ33115.1,CE0
VDZ33188.1,PL9
VDZ85570.1,PL9
VDZ91375.1,PL9
VEA56004.1,CE0
VEB19174.1,PL9
VEB60609.1,PL9
VEB78121.1,PL9
VEB82906.1,PL9
VEC14123.1,CE0
VEC33864.1,CE0
VEC36231.1,CE0
VEC41059.1,CE0
VEC45356.1,CE0
VEC60592.1,CE0
VEC85032.1,PL9
VEC85035.1,PL9
VED04016.1,CE0
VED11392.1,CE0
VED11427.1,CE0
VED21438.1,CE0
VED22878.1,CE0
VED43923.1,CE0
VED55567.1,PL9
VED92541.1,PL9
VEE23295.1,PL9
VEE34347.1,CE0
VEE35969.1,CE0
VEF00145.1,CE0
VEF66753.1,PL9
VEF84480.1,PL9
VEG08223.1,CE0
VEG78418.1,CE0
VEH26585.1,CE0
VEH78329.1,PL9
VEH97917.1,CE0
VEI34444.1,PL9
VEI73210.1,PL9
VEI92472.1,PL9
VFA47677.1,PL9
VFQ39368.1,CE0
VIP05045.1,CE0
VTP83786.1,PL9
VTR93660.1,PL9
VTR95132.1,CE0
VTR95428.1,CE0
VTS00541.1,CE0
VTS07446.1,CE0
VTS11906.1,PL9
VTS65471.1,PL9
VTS89229.1,PL9
VUC90490.1,PL9
VWP01537.1,CE0
VWP02627.1,CE0
VWQ00666.1,CE0
VWQ01051.1,PL9
VZZ91178.1,CE0
WAC13518.1,PL9
WAC19005.1,PL9
WAC57508.1,CE0
WAG39480.1,PL9
WAG41200.1,PL9
WAG41935.1,PL9
WAG43102.1,PL9
WAG43855.1,PL9
WAG46934.1,PL9
WAG46935.1,PL9
WAG48198.1,PL9
WAG51068.1,CE0
WAG55006.1,PL9
WAG55669.1,PL9
WAG57362.1,PL9
WAG57434.1,PL9
WAG58325.1,PL9
WAG59587.1,PL9
WAG59677.1,PL9
WAG60424.1,PL9
WAG61563.1,PL9
WAG62433.1,PL9
WAG62441.1,PL9
WAG63576.1,PL9
WAG64307.1,PL9
WAG65500.1,PL9
WAG66252.1,PL9
WAG66339.1,PL9
WAG71195.1,CE0
WAG73025.1,CE0
WAG76180.1,PL9
WAH62346.1,PL9
WAH62385.1,PL9
WAH90631.1,CE0
WAI08355.1,CE0
WAI60877.1,CE0
WAI61359.1,CE0
WAI64316.1,CE0
WAI69794.1,CE0
WAI72681.1,CE0
WAI73166.1,CE0
WAI78479.1,CE0
WAI79049.1,CE0
WAJ17123.1,PL9
WAJ22657.1,CE0
WAJ23902.1,PL9
WAK62874.1,PL9
WAL75746.1,PL9
WAM25296.1,PL9
WAM27937.1,CE0
WAM32679.1,PL9
WAM34558.1,PL9
WAO88967.1,CE0
WAO93400.1,CE0
WAO95672.1,PL9
WAO97160.1,CE0
WAP55344.1,PL9
WAQ85879.1,CE0
WAQ87578.1,CE0
WAQ91248.1,CE0
WAQ92519.1,CE0
WAR55772.1,CE0
WAR57427.1,CE0
WAR62050.1,CE0
WAS83634.1,CE0
WAT04049.1,PL9
WAT04050.1,PL9
WAT10583.1,PL9
WAT21007.1,PL9
WAT23250.1,CE0
WAT40091.1,PL9
WAT40100.1,CE0
WAT50869.1,CE0
WAT57860.1,CE0
WAT80595.1,PL9
WAU83180.1,PL9
WAU83251.1,PL9
WAU86295.1,CE0
WAW98434.1,PL9
WAW98436.1,PL9
WAX84892.1,CE0
WAZ20874.1,PL9
WAZ23315.1,PL9
WAZ27342.1,CE0
WBA03510.1,CE0
WBA04028.1,CE0
WBA06647.1,CE0
WBB46776.1,CE0
WBB47206.1,PL9
WBB51235.1,CE0
WBB52493.1,PL9
WBB56863.1,PL9
WBB71884.1,CE0
WBB73958.1,PL9
WBB76092.1,PL9
WBB77104.1,CE0
WBB80951.1,CE0
WBB81001.1,CE0
WBB81437.1,CE0
WBB82956.1,CE0
WBB87018.1,PL9
WBB89026.1,PL9
WBB89453.1,CE0
WBB97488.1,PL9
WBB98913.1,PL9
WBC04828.1,CE0
WBC14929.1,CE0
WBC18619.1,PL9
WBC22534.1,PL9
WBD09820.1,CE0
WBD15475.1,CE0
WBD43997.1,CE0
WBD49600.1,CE0
WBD55158.1,CE0
WBD66274.1,CE0
WBD71830.1,CE0
WBD77487.1,PL9
WBD80334.1,CE0
WBD83110.1,PL9
WBD85885.1,CE0
WBF93335.1,CE0
WBK52515.1,PL9
WBL21221.1,PL9
WBL24711.1,PL9
WBL26918.1,PL9
WBL27701.1,PL9
WBL30042.1,CE0
WBL38113.1,CE0
WBL38868.1,PL9
WBL46069.1,CE0
WBL49431.1,PL9
WBL50969.1,CE0
WBM70671.1,PL9
WBM97500.1,CE0
WBN06660.1,PL9
WBN06669.1,CE0
WBN22371.1,CE0
WBN60556.1,CE0
WBN84934.1,CE0
WBO19566.1,CE0
WBO61551.1,CE0
WBO61557.1,CE0
WBO62104.1,PL9
WBO79614.1,PL9
WBO85465.1,CE0
WBQ00460.1,PL9
WBQ01499.1,PL9
WBQ38744.1,CE0
WBQ38753.1,PL9
WBS01019.1,CE0
WP_009983557.1,PL9
XP_001400833.2,CE0
XP_001825831.2,CE0
XP_003717525.1,CE0
XP_003719302.1,CE0
XP_363088.1,CE0
XP_365144.1,CE0
XP_365195.1,CE0
XP_366467.1,CE0
ZP_03013474.1,CE0
ZP_03013480.1,CE0
